1755058245.704799 0.003925 0.002492 -0.000803 0.000086 0.000141 -0.000221 1.000000
1755058245.804651 0.013349 0.004117 -0.002207 -0.000035 0.000014 0.000507 1.000000
1755058245.904684 0.010417 0.001230 -0.001267 0.000001 0.000018 0.000124 1.000000
1755058246.004610 0.013863 -0.002034 0.000490 -0.000025 0.000008 0.000203 1.000000
1755058246.104671 0.017820 -0.009262 0.002871 0.000005 0.000081 0.000393 1.000000
1755058246.204636 0.023457 -0.016651 0.002390 -0.000039 0.000028 0.000420 1.000000
1755058246.304709 0.024275 -0.019197 0.002513 -0.000042 0.000068 0.000246 1.000000
1755058246.404702 0.029482 -0.019782 0.002587 -0.000020 0.000060 0.000313 1.000000
1755058246.504664 0.027097 -0.014151 0.001692 -0.000021 0.000033 0.000267 1.000000
1755058246.604647 0.019440 -0.006332 0.000379 0.000010 0.000044 0.000471 1.000000
1755058246.704731 0.026156 -0.009319 0.002052 0.000002 0.000028 0.000378 1.000000
1755058246.804610 0.026564 -0.011449 0.003375 -0.000007 0.000049 0.000567 1.000000
1755058246.904440 0.022249 -0.010521 0.001847 -0.000010 0.000013 0.000159 1.000000
1755058247.004662 0.013254 -0.010465 0.000498 -0.000004 0.000052 0.000086 1.000000
1755058247.104603 0.022331 -0.012875 0.001831 -0.000023 0.000043 0.000178 1.000000
1755058247.204637 0.026566 -0.010449 0.003187 -0.000013 0.000048 -0.000095 1.000000
1755058247.304668 0.034152 -0.012067 0.003898 -0.000019 0.000033 0.000393 1.000000
1755058247.404562 0.031700 -0.010513 0.002564 -0.000001 0.000034 0.000355 1.000000
1755058247.504512 0.023470 -0.010148 0.001474 -0.000011 0.000050 0.000093 1.000000
1755058247.604599 0.024443 -0.011128 0.002545 -0.000011 0.000042 0.000345 1.000000
1755058247.704574 0.022466 -0.011298 0.002521 0.000015 0.000037 0.000196 1.000000
1755058247.804507 0.025474 -0.011854 0.001428 0.000001 -0.000007 0.000126 1.000000
1755058247.904633 0.028431 -0.009624 0.001307 0.000000 0.000016 0.000327 1.000000
1755058248.004514 0.029359 -0.009123 0.001344 0.000011 0.000021 -0.000103 1.000000
1755058248.104564 0.030873 -0.004830 0.001756 0.000004 0.000015 0.000114 1.000000
1755058248.204585 0.030804 -0.005575 0.001844 -0.000018 0.000019 0.000038 1.000000
1755058248.304509 0.030821 -0.008812 0.001466 -0.000015 -0.000025 0.000160 1.000000
1755058248.404567 0.033870 -0.015288 0.001143 -0.000021 -0.000004 0.000079 1.000000
1755058248.504483 0.037756 -0.017029 0.001848 -0.000022 0.000002 0.000229 1.000000
1755058248.604568 0.046422 -0.022383 0.003593 -0.000048 -0.000005 0.000260 1.000000
1755058248.704386 0.042750 -0.024217 0.003586 -0.000077 0.000013 0.000257 1.000000
1755058248.804444 0.047856 -0.025390 0.004255 -0.000054 -0.000001 0.000541 1.000000
1755058248.904346 0.046290 -0.019683 0.003732 -0.000049 -0.000002 0.000232 1.000000
1755058249.004470 0.046239 -0.020418 0.004021 -0.000027 -0.000023 0.000478 1.000000
1755058249.104389 0.052248 -0.021849 0.004444 -0.000027 -0.000011 0.000256 1.000000
1755058249.204508 0.054769 -0.022052 0.003879 -0.000051 -0.000046 0.000627 1.000000
1755058249.304462 0.056335 -0.025965 0.004168 -0.000054 -0.000018 0.000192 1.000000
1755058249.404331 0.044304 -0.022713 0.003149 -0.000049 -0.000005 0.000292 1.000000
1755058249.504385 0.047852 -0.025038 0.003763 -0.000061 -0.000011 0.000421 1.000000
1755058249.604398 0.043058 -0.021724 0.003447 -0.000051 0.000017 0.000256 1.000000
1755058249.704382 0.046893 -0.024349 0.003668 -0.000033 -0.000002 0.000502 1.000000
1755058249.804414 0.048843 -0.022419 0.003457 -0.000037 -0.000014 0.000226 1.000000
1755058249.904290 0.052531 -0.022100 0.003735 -0.000066 0.000001 0.000864 1.000000
1755058250.004498 0.048108 -0.019100 0.003283 -0.000037 -0.000014 0.000278 1.000000
1755058250.104401 0.045284 -0.018802 0.003606 -0.000044 0.000004 0.000253 1.000000
1755058250.204418 0.045226 -0.021612 0.004812 -0.000047 -0.000002 0.000388 1.000000
1755058250.304307 0.041524 -0.020035 0.004126 -0.000054 0.000019 0.000271 1.000000
1755058250.404096 0.038386 -0.016278 0.003215 -0.000029 0.000012 0.000359 1.000000
1755058250.504267 0.038234 -0.016503 0.002766 -0.000023 0.000001 0.000259 1.000000
1755058250.604336 0.052115 -0.023102 0.003892 -0.000027 -0.000021 0.000173 1.000000
1755058250.704521 0.061410 -0.025394 0.005105 -0.000067 -0.000025 0.000352 1.000000
1755058250.804354 0.053341 -0.021668 0.004066 -0.000045 -0.000005 0.000299 1.000000
1755058250.904274 0.052889 -0.018252 0.003966 -0.000024 -0.000028 0.000270 1.000000
1755058251.004382 0.048256 -0.012224 0.004000 -0.000024 -0.000005 0.000317 1.000000
1755058251.104692 0.044228 -0.015265 0.003873 -0.000033 -0.000020 0.000434 1.000000
1755058251.204165 0.046786 -0.023398 0.004290 -0.000037 0.000004 0.000511 1.000000
1755058251.304442 0.051084 -0.028085 0.004190 -0.000067 -0.000015 0.000669 1.000000
1755058251.404307 0.047885 -0.026615 0.003927 -0.000053 -0.000010 0.000158 1.000000
1755058251.504315 0.044356 -0.024948 0.003587 -0.000056 -0.000001 0.000430 1.000000
1755058251.604402 0.046190 -0.024511 0.004123 -0.000045 -0.000016 0.000370 1.000000
1755058251.704095 0.057648 -0.023384 0.004903 -0.000050 -0.000053 0.000412 1.000000
1755058251.804347 0.051398 -0.021134 0.004077 -0.000036 -0.000014 -0.000005 1.000000
1755058251.904389 0.054171 -0.025295 0.003814 -0.000053 -0.000054 0.000567 1.000000
1755058252.004453 0.052650 -0.022828 0.003409 -0.000062 -0.000038 0.000578 1.000000
1755058252.104317 0.051773 -0.023621 0.002997 -0.000049 -0.000054 0.000230 1.000000
1755058252.204291 0.055853 -0.025892 0.003416 -0.000055 -0.000048 0.000399 1.000000
1755058252.304222 0.059528 -0.024617 0.004529 -0.000056 -0.000038 0.000287 1.000000
1755058252.404085 0.058008 -0.022482 0.004178 -0.000050 -0.000045 0.000420 1.000000
1755058252.504651 0.060191 -0.027746 0.004491 -0.000046 -0.000053 0.000310 1.000000
1755058252.604254 0.062082 -0.027844 0.004295 -0.000045 -0.000061 0.000207 1.000000
1755058252.704216 0.065949 -0.027905 0.004063 -0.000065 -0.000064 0.000080 1.000000
1755058252.804305 0.061322 -0.024530 0.003067 -0.000044 -0.000050 0.000070 1.000000
1755058252.904195 0.055700 -0.022579 0.003149 -0.000060 -0.000042 0.000312 1.000000
1755058253.004039 0.057483 -0.023876 0.004151 -0.000041 -0.000056 0.000321 1.000000
1755058253.104248 0.058417 -0.024552 0.004947 -0.000051 -0.000040 0.000339 1.000000
1755058253.204189 0.054741 -0.020403 0.004836 -0.000030 -0.000022 -0.000101 1.000000
1755058253.304216 0.054478 -0.019985 0.004109 -0.000040 -0.000042 0.000120 1.000000
1755058253.404187 0.052615 -0.020421 0.003209 -0.000032 -0.000048 0.000188 1.000000
1755058253.504252 0.053273 -0.020928 0.003163 -0.000031 -0.000044 0.000308 1.000000
1755058253.604267 0.053740 -0.024669 0.003428 -0.000065 -0.000039 0.000589 1.000000
1755058253.704164 0.052348 -0.023849 0.003609 -0.000051 -0.000035 0.000275 1.000000
1755058253.804115 0.049311 -0.023700 0.003845 -0.000059 -0.000024 0.000387 1.000000
1755058253.904159 0.052296 -0.023314 0.003993 -0.000065 -0.000053 0.000487 1.000000
1755058254.004220 0.050044 -0.019604 0.004059 -0.000049 -0.000034 0.000324 1.000000
1755058254.104172 0.052209 -0.020472 0.004159 -0.000040 -0.000033 0.000329 1.000000
1755058254.204101 0.051959 -0.020091 0.003864 -0.000052 -0.000019 0.000354 1.000000
1755058254.304146 0.048631 -0.020429 0.003086 -0.000055 -0.000037 0.000570 1.000000
1755058254.404081 0.045565 -0.021740 0.002629 -0.000028 -0.000028 0.000634 1.000000
1755058254.504084 0.041177 -0.020116 0.002608 -0.000037 -0.000002 0.000443 1.000000
1755058254.604196 0.045035 -0.022967 0.003108 -0.000046 -0.000027 0.000164 1.000000
1755058254.704157 0.052676 -0.026083 0.004020 -0.000031 -0.000040 0.000203 1.000000
1755058254.804235 0.055680 -0.029792 0.004762 -0.000068 -0.000035 0.000438 1.000000
1755058254.904001 0.062768 -0.030360 0.004905 -0.000043 -0.000037 0.000147 1.000000
1755058255.004120 0.062034 -0.027727 0.004328 -0.000030 -0.000056 0.000364 1.000000
1755058255.104122 0.065870 -0.030743 0.004662 -0.000066 -0.000045 0.000486 1.000000
1755058255.203997 0.057968 -0.019637 0.003520 -0.000039 -0.000051 0.000322 1.000000
1755058255.303966 0.042131 -0.007871 0.002244 -0.000016 -0.000022 0.000492 1.000000
1755058271.704272 0.031891 0.002257 0.000695 -0.000031 -0.000053 0.000601 1.000000
1755058274.404284 0.762878 -0.030878 0.014890 -0.000816 -0.001389 -0.090683 0.995878
1755058274.504294 0.881760 -0.079858 0.009706 0.001294 -0.001308 -0.096545 0.995327
1755058274.604243 1.005029 -0.129499 0.005005 0.001757 -0.002308 -0.098226 0.995160
1755058274.704200 1.090040 -0.168633 -0.009484 0.002367 -0.004152 -0.098430 0.995133
1755058274.804245 1.178512 -0.202521 -0.000703 0.001677 -0.002869 -0.100546 0.994927
1755058274.904174 1.280441 -0.219821 0.019838 -0.001945 -0.004068 -0.105158 0.994445
1755058275.004202 1.388078 -0.239109 0.035041 0.000457 -0.001695 -0.106939 0.994264
1755058275.104172 1.511896 -0.235835 0.038275 0.001634 -0.000271 -0.109178 0.994021
1755058275.204237 1.649648 -0.271367 0.037285 -0.000607 -0.003204 -0.109907 0.993937
1755058275.304182 1.810200 -0.314137 0.015111 0.001525 -0.003379 -0.109759 0.993951
1755058275.404114 1.952716 -0.355787 0.012120 0.000491 -0.004006 -0.109828 0.993942
1755058275.504101 2.090511 -0.401150 0.019886 -0.000890 -0.005348 -0.111155 0.993788
1755058275.604113 2.215456 -0.430402 0.024400 -0.001069 -0.005929 -0.113936 0.993470
1755058275.704121 2.328518 -0.458977 0.042351 -0.001397 -0.003889 -0.117823 0.993026
1755058275.804131 2.465590 -0.489250 0.047014 0.000224 -0.002847 -0.123942 0.992285
1755058275.904029 2.612705 -0.529128 0.045352 0.000284 -0.003050 -0.129101 0.991627
1755058276.004116 2.752238 -0.560718 0.030708 0.000624 -0.005769 -0.133194 0.991073
1755058276.103991 2.877885 -0.604705 0.033015 -0.000679 -0.005447 -0.136399 0.990639
1755058276.204183 3.014088 -0.656540 0.040459 -0.001286 -0.007116 -0.137149 0.990524
1755058276.304009 3.137464 -0.693855 0.049256 -0.001204 -0.005864 -0.137201 0.990525
1755058276.404026 3.258044 -0.722614 0.066469 -0.001218 -0.004255 -0.135622 0.990751
1755058276.504073 3.380195 -0.743530 0.057908 -0.000397 -0.005318 -0.134475 0.990903
1755058276.603882 3.531620 -0.780761 0.052780 -0.001028 -0.005430 -0.132236 0.991203
1755058276.704055 3.676227 -0.819347 0.049570 0.000478 -0.006555 -0.129992 0.991493
1755058276.804013 3.820927 -0.862585 0.047706 -0.000539 -0.007620 -0.127231 0.991844
1755058276.904026 3.955005 -0.905121 0.054199 -0.000871 -0.006576 -0.125347 0.992091
1755058277.004040 4.076038 -0.946818 0.071259 -0.001342 -0.006650 -0.123200 0.992359
1755058277.104056 4.197835 -0.971432 0.068620 0.000434 -0.007422 -0.120975 0.992628
1755058277.204129 4.325415 -0.998700 0.065856 -0.000650 -0.007538 -0.119522 0.992803
1755058277.304091 4.459864 -1.034102 0.074062 -0.000434 -0.007823 -0.116276 0.993186
1755058277.404102 4.596010 -1.075304 0.086063 -0.000142 -0.005238 -0.115116 0.993338
1755058277.506595 4.742501 -1.118906 0.087506 -0.001392 -0.008387 -0.114004 0.993444
1755058277.605424 4.882802 -1.149911 0.084941 -0.000951 -0.009275 -0.114370 0.993394
1755058277.705322 5.017811 -1.180712 0.091078 -0.002426 -0.009341 -0.113770 0.993460
1755058277.802896 5.139135 -1.199098 0.093141 -0.001696 -0.009219 -0.114756 0.993350
1755058277.903964 5.272518 -1.217809 0.091310 0.000787 -0.007647 -0.117637 0.993027
1755058278.006695 5.410570 -1.260118 0.111105 -0.002126 -0.007169 -0.118515 0.992924
1755058278.105200 5.561371 -1.302630 0.109188 0.000416 -0.007678 -0.122447 0.992445
1755058278.202674 5.706117 -1.342793 0.094243 0.002425 -0.008383 -0.125701 0.992030
1755058278.304012 5.855758 -1.398152 0.107011 0.000059 -0.007857 -0.129306 0.991574
1755058278.406561 5.994245 -1.443681 0.111605 -0.001514 -0.009801 -0.134684 0.990839
1755058278.505370 6.118005 -1.477407 0.113998 0.000759 -0.008294 -0.141612 0.989887
1755058278.605120 6.243099 -1.510766 0.108343 -0.000041 -0.010370 -0.148642 0.988837
1755058278.702683 6.355394 -1.555717 0.133617 -0.002718 -0.006657 -0.154065 0.988034
1755058278.804004 6.485998 -1.606044 0.147051 -0.000884 -0.007199 -0.158190 0.987382
1755058278.903935 6.612788 -1.646694 0.125043 0.000465 -0.010422 -0.159715 0.987108
1755058279.006621 6.718971 -1.688526 0.122534 0.000381 -0.009424 -0.160677 0.986962
1755058279.105490 6.811875 -1.727361 0.125910 -0.000225 -0.008528 -0.161059 0.986908
1755058279.205310 6.894863 -1.768672 0.141569 -0.000548 -0.008845 -0.161705 0.986799
1755058279.305254 6.973433 -1.791595 0.154664 0.000004 -0.008629 -0.162814 0.986619
1755058279.402541 7.034130 -1.809574 0.149753 -0.000174 -0.009719 -0.163247 0.986537
1755058279.503900 7.082557 -1.823001 0.145234 -0.000654 -0.009930 -0.165060 0.986233
1755058279.603841 7.121862 -1.833336 0.145118 -0.000059 -0.008420 -0.164668 0.986313
1755058279.706583 7.139855 -1.838729 0.140740 -0.000848 -0.013316 -0.165263 0.986159
1755058279.805243 7.136695 -1.847789 0.145038 0.000061 -0.009694 -0.163673 0.986467
1755058279.905174 7.119981 -1.846069 0.150204 -0.000304 -0.009290 -0.164015 0.986414
1755058291.804453 7.106774 -1.861884 0.143571 -0.000174 -0.009365 -0.164799 0.986283
1755058291.904371 7.090891 -1.870481 0.140872 -0.000232 -0.009450 -0.164892 0.986266
1755058292.004469 7.106059 -1.855309 0.140248 -0.000129 -0.009521 -0.164244 0.986374
1755058292.104377 7.117352 -1.846915 0.142743 -0.000145 -0.009613 -0.164194 0.986381
1755058292.204330 7.126526 -1.841707 0.145302 -0.000220 -0.009535 -0.164037 0.986408
1755058292.304576 7.131705 -1.834313 0.147388 -0.000315 -0.009683 -0.163846 0.986438
1755058292.404352 7.138277 -1.843366 0.143477 -0.000229 -0.009696 -0.163761 0.986452
1755058292.504431 7.144144 -1.843345 0.142604 -0.000713 -0.010514 -0.163010 0.986568
1755058292.604281 7.141092 -1.847520 0.143986 -0.000345 -0.010468 -0.162232 0.986697
1755058292.704476 7.149524 -1.848998 0.141393 0.000089 -0.010537 -0.160498 0.986980
1755058292.804438 7.172285 -1.845488 0.143770 0.000159 -0.009112 -0.160276 0.987030
1755058292.904344 7.213445 -1.856464 0.150035 0.000708 -0.009375 -0.159327 0.987181
1755058293.004299 7.257447 -1.880677 0.147106 -0.000415 -0.011074 -0.158483 0.987300
1755058293.104396 7.304339 -1.899029 0.146358 -0.000406 -0.011522 -0.158611 0.987274
1755058293.204572 7.368878 -1.925026 0.149227 0.000191 -0.010408 -0.157251 0.987504
1755058293.304245 7.444161 -1.962463 0.155411 -0.000526 -0.010220 -0.155544 0.987776
1755058293.404490 7.524504 -1.995997 0.160291 -0.001579 -0.010447 -0.155422 0.987792
1755058293.504262 7.610002 -2.031151 0.164301 -0.000672 -0.010807 -0.155223 0.987820
1755058293.604370 7.710124 -2.063653 0.175970 -0.001303 -0.010503 -0.154445 0.987945
1755058293.704437 7.818864 -2.089983 0.173253 -0.000220 -0.010622 -0.154003 0.988013
1755058293.804269 7.942318 -2.117673 0.153938 0.001628 -0.011193 -0.152734 0.988203
1755058293.904379 8.065861 -2.159941 0.160995 -0.000671 -0.011995 -0.151826 0.988334
1755058294.004343 8.178192 -2.207746 0.180452 -0.001222 -0.011132 -0.151870 0.988337
1755058294.104319 8.287266 -2.244910 0.185846 -0.000907 -0.011094 -0.152611 0.988224
1755058294.204344 8.402443 -2.281964 0.200196 -0.000227 -0.010217 -0.151805 0.988358
1755058294.304422 8.522768 -2.322564 0.202178 0.000220 -0.011056 -0.153071 0.988153
1755058294.404295 8.644173 -2.365268 0.202233 -0.001291 -0.012747 -0.154201 0.987956
1755058294.504152 8.755510 -2.401890 0.202030 -0.003778 -0.014831 -0.155409 0.987732
1755058294.604181 8.868633 -2.426359 0.200209 -0.001762 -0.018969 -0.158209 0.987222
1755058294.704268 8.977919 -2.452440 0.199764 -0.000305 -0.012083 -0.162928 0.986564
1755058294.804230 9.099661 -2.484113 0.190487 -0.000695 -0.013332 -0.168108 0.985678
1755058294.904197 9.217045 -2.531320 0.210702 -0.001271 -0.008481 -0.175755 0.984397
1755058295.004189 9.341071 -2.592211 0.212653 0.000425 -0.008894 -0.179038 0.983802
1755058295.104231 9.469091 -2.643294 0.206832 -0.000452 -0.011712 -0.184121 0.982834
1755058295.204256 9.580115 -2.703616 0.227156 -0.001092 -0.009319 -0.185806 0.982542
1755058295.304162 9.684813 -2.741083 0.236460 -0.001159 -0.012657 -0.188620 0.981968
1755058295.404178 9.783696 -2.777326 0.240023 -0.001034 -0.013189 -0.190272 0.981642
1755058295.504192 9.891002 -2.810115 0.251245 -0.000513 -0.012060 -0.193314 0.981063
1755058295.604240 9.993387 -2.850305 0.254998 -0.001539 -0.014752 -0.195729 0.980546
1755058295.704246 10.102783 -2.890464 0.241068 0.000924 -0.017380 -0.199198 0.979805
1755058295.804177 10.201120 -2.940378 0.250520 0.000572 -0.016534 -0.201776 0.979292
1755058295.904116 10.316720 -3.003797 0.258122 -0.002878 -0.017590 -0.203786 0.978853
1755058296.004282 10.428086 -3.068726 0.284368 -0.001133 -0.012444 -0.205245 0.978631
1755058296.104226 10.545539 -3.120500 0.266102 0.000758 -0.011073 -0.206304 0.978425
1755058296.204083 10.670458 -3.168258 0.254793 -0.000570 -0.013639 -0.206346 0.978384
1755058296.304147 10.777039 -3.225379 0.270230 -0.000504 -0.011680 -0.206304 0.978418
1755058296.404077 10.891666 -3.276869 0.272202 -0.000048 -0.012511 -0.205642 0.978547
1755058296.504350 11.003163 -3.323125 0.280628 -0.000891 -0.012047 -0.205672 0.978546
1755058296.604134 11.106461 -3.366705 0.296802 -0.003069 -0.013518 -0.205169 0.978628
1755058296.704008 11.211836 -3.404986 0.298143 -0.002721 -0.014157 -0.206843 0.978268
1755058296.804534 11.323271 -3.453591 0.292884 -0.000296 -0.013784 -0.208887 0.977843
1755058296.904154 11.434977 -3.500634 0.291534 0.000078 -0.013905 -0.213895 0.976758
1755058297.004074 11.555240 -3.574097 0.301718 -0.001396 -0.014541 -0.215671 0.976357
1755058297.104024 11.666218 -3.641290 0.297163 0.000359 -0.016043 -0.217469 0.975935
1755058297.204089 11.769268 -3.701337 0.304422 0.000211 -0.017016 -0.218641 0.975657
1755058297.304158 11.870993 -3.770824 0.333786 -0.001165 -0.016790 -0.218878 0.975607
1755058297.404063 11.981962 -3.838480 0.358217 -0.000934 -0.012921 -0.216087 0.976288
1755058297.504109 12.100984 -3.890206 0.347552 0.000118 -0.013199 -0.212739 0.977020
1755058297.604054 12.221380 -3.927311 0.329636 0.000459 -0.011392 -0.208146 0.978031
1755058297.704088 12.327221 -3.964382 0.338820 -0.004788 -0.015133 -0.205365 0.978557
1755058297.804016 12.434206 -4.003697 0.370271 -0.006351 -0.021235 -0.202080 0.979118
1755058297.903999 12.543576 -4.029329 0.366684 -0.001959 -0.021213 -0.200835 0.979393
1755058298.004111 12.657131 -4.046757 0.348625 -0.001804 -0.019770 -0.199851 0.979625
1755058298.104057 12.760631 -4.081166 0.370046 -0.005172 -0.014462 -0.201154 0.979439
1755058298.204103 12.869299 -4.138697 0.366540 -0.003291 -0.008332 -0.199215 0.979915
1755058298.304012 13.002044 -4.194223 0.316713 0.002078 -0.010431 -0.199033 0.979935
1755058298.404147 13.125789 -4.254217 0.311925 0.001252 -0.007735 -0.198283 0.980113
1755058298.504006 13.228781 -4.313560 0.336557 -0.002368 -0.011006 -0.200064 0.979718
1755058298.606733 13.338579 -4.372895 0.373863 -0.002915 -0.012356 -0.203979 0.978893
1755058298.702714 13.452435 -4.425134 0.378111 -0.002279 -0.014008 -0.209337 0.977741
1755058298.804314 13.557602 -4.478831 0.385128 0.000398 -0.015896 -0.217537 0.975923
1755058298.904080 13.659613 -4.529824 0.385017 -0.000132 -0.016602 -0.227054 0.973741
1755058299.003916 13.759949 -4.602400 0.410241 -0.001951 -0.013849 -0.232429 0.972513
1755058299.104070 13.863595 -4.664200 0.409185 0.000214 -0.012482 -0.238501 0.971062
1755058299.204079 13.970747 -4.727814 0.386013 0.000726 -0.012437 -0.239820 0.970738
1755058299.303949 14.070635 -4.782229 0.380930 0.002029 -0.012319 -0.243111 0.969918
1755058299.403905 14.172569 -4.843496 0.394698 0.000739 -0.011996 -0.242893 0.969979
1755058299.504086 14.263123 -4.897313 0.415669 0.000278 -0.012420 -0.244060 0.969680
1755058299.603943 14.346889 -4.940950 0.425697 0.000747 -0.012661 -0.244839 0.969481
1755058299.703802 14.422830 -4.980340 0.424640 0.001702 -0.013140 -0.244334 0.969600
1755058299.804035 14.486705 -5.023399 0.423592 0.000859 -0.012515 -0.244846 0.969481
1755058299.903877 14.542690 -5.058451 0.421867 0.001104 -0.012599 -0.244965 0.969449
1755058300.003983 14.590766 -5.085634 0.415160 0.000365 -0.013396 -0.245024 0.969424
1755058300.104011 14.623753 -5.098600 0.413699 0.001013 -0.013170 -0.246295 0.969105
1755058300.203846 14.642731 -5.102756 0.417934 0.000688 -0.013146 -0.245577 0.969288
1755058300.303977 14.647148 -5.105635 0.420613 0.000530 -0.013889 -0.246028 0.969163
1755058310.604598 14.649432 -5.105688 0.422278 0.000482 -0.014007 -0.245925 0.969188
1755058310.704555 14.651437 -5.105547 0.423954 0.000428 -0.014066 -0.246026 0.969161
1755058310.804608 14.652690 -5.104996 0.425644 0.000378 -0.014116 -0.246126 0.969135
1755058310.904483 14.652697 -5.103850 0.427166 0.000337 -0.014188 -0.246149 0.969128
1755058311.004474 14.651473 -5.102068 0.428550 0.000318 -0.014267 -0.245989 0.969168
1755058311.104509 14.649211 -5.099718 0.429859 0.000273 -0.014376 -0.245794 0.969216
1755058311.204541 14.640937 -5.097437 0.427672 0.000462 -0.013989 -0.245121 0.969391
1755058311.304646 14.631970 -5.097862 0.426688 0.000342 -0.014454 -0.244621 0.969511
1755058311.404456 14.627969 -5.099302 0.426471 -0.000134 -0.016502 -0.243562 0.969745
1755058311.504504 14.631584 -5.104092 0.426765 -0.000478 -0.016815 -0.242151 0.970093
1755058311.604443 14.642273 -5.113284 0.427245 0.000179 -0.016262 -0.241803 0.970189
1755058311.704403 14.661905 -5.126693 0.428708 -0.000184 -0.015438 -0.241196 0.970354
1755058311.804456 14.686899 -5.142253 0.428711 -0.000975 -0.013756 -0.241187 0.970381
1755058311.904468 14.716762 -5.161010 0.429364 -0.000892 -0.013704 -0.239299 0.970849
1755058312.004289 14.797388 -5.194649 0.428967 -0.000373 -0.015326 -0.237385 0.971295
1755058312.104517 14.845945 -5.220066 0.429833 -0.000547 -0.016575 -0.236149 0.971575
1755058312.204514 14.903869 -5.249527 0.431168 0.000182 -0.014339 -0.235187 0.971844
1755058312.304345 15.016242 -5.288856 0.439415 -0.000500 -0.014254 -0.233371 0.972283
1755058312.404547 15.120098 -5.341946 0.450185 -0.001729 -0.013772 -0.231619 0.972707
1755058312.504462 15.216201 -5.386006 0.457578 -0.002189 -0.012989 -0.231118 0.972837
1755058312.604409 15.342169 -5.444794 0.447445 -0.000974 -0.014724 -0.229277 0.973249
1755058312.704609 15.472955 -5.505341 0.443939 -0.000328 -0.015056 -0.228452 0.973439
1755058312.804529 15.586621 -5.565988 0.459026 -0.003114 -0.013943 -0.227641 0.973640
1755058312.904352 15.708972 -5.628496 0.469571 -0.001070 -0.013401 -0.226715 0.973868
1755058313.004421 15.830996 -5.678136 0.480188 -0.000556 -0.012618 -0.227820 0.973621
1755058313.104410 15.946078 -5.742748 0.480180 -0.002687 -0.014239 -0.229044 0.973308
1755058313.204441 16.065519 -5.810512 0.481273 -0.001917 -0.015417 -0.231410 0.972732
1755058313.304528 16.184887 -5.875510 0.481944 -0.001416 -0.015311 -0.234339 0.972033
1755058313.404285 16.303259 -5.934500 0.487717 -0.001711 -0.016070 -0.238224 0.971076
1755058313.504391 16.412982 -5.993727 0.507128 -0.001786 -0.015449 -0.244814 0.969445
1755058313.604369 16.520190 -6.052519 0.519626 -0.002175 -0.014442 -0.253710 0.967170
1755058313.704444 16.636405 -6.122985 0.508007 -0.002187 -0.016998 -0.261009 0.965184
1755058313.804217 16.744481 -6.204421 0.511838 -0.000663 -0.014264 -0.268393 0.963204
1755058313.904265 16.854511 -6.295421 0.519885 -0.001235 -0.015819 -0.272562 0.962007
1755058314.004517 16.966080 -6.371659 0.518892 -0.001505 -0.017033 -0.275790 0.961066
1755058314.104199 17.068728 -6.440610 0.525411 -0.000425 -0.016965 -0.277323 0.960627
1755058314.204390 17.173817 -6.500772 0.540392 -0.001842 -0.018564 -0.279756 0.959890
1755058314.304336 17.282002 -6.565711 0.554619 -0.002124 -0.017490 -0.281573 0.959378
1755058314.404375 17.398386 -6.635357 0.558749 -0.001690 -0.016809 -0.283207 0.958910
1755058314.504361 17.511382 -6.706232 0.565342 -0.000522 -0.015304 -0.283269 0.958918
1755058314.604287 17.613392 -6.790216 0.568075 -0.001859 -0.014427 -0.284516 0.958561
1755058314.704281 17.723030 -6.857886 0.565562 0.000050 -0.015923 -0.285933 0.958117
1755058314.804410 17.835348 -6.931161 0.565495 -0.001637 -0.017057 -0.286333 0.957977
1755058314.904294 17.939749 -7.002151 0.576570 -0.002136 -0.017586 -0.287269 0.957686
1755058315.004182 18.053746 -7.083628 0.581626 -0.002390 -0.019162 -0.287332 0.957637
1755058315.104352 18.167524 -7.159759 0.591255 -0.001181 -0.017719 -0.286940 0.957784
1755058315.204315 18.282407 -7.233612 0.596626 -0.001683 -0.016327 -0.286858 0.957832
1755058315.304258 18.387318 -7.312985 0.598031 -0.002032 -0.015456 -0.285706 0.958191
1755058315.404226 18.486760 -7.365542 0.598455 -0.001912 -0.014648 -0.287904 0.957545
1755058315.504258 18.613959 -7.452414 0.606685 -0.003131 -0.015073 -0.286489 0.957960
1755058315.604268 18.736397 -7.533893 0.613800 -0.001813 -0.014363 -0.287588 0.957645
1755058315.704289 18.852076 -7.615908 0.616497 -0.000433 -0.013992 -0.286953 0.957842
1755058315.804161 18.962067 -7.707126 0.610061 -0.001031 -0.015470 -0.285207 0.958340
1755058315.904334 19.072957 -7.778768 0.626021 -0.002183 -0.013312 -0.283364 0.958917
1755058316.004326 19.188095 -7.848233 0.631742 -0.002288 -0.016055 -0.279724 0.959943
1755058316.104256 19.304397 -7.911870 0.633979 -0.001617 -0.015749 -0.277412 0.960621
1755058316.204257 19.420985 -7.978503 0.644764 -0.003319 -0.016532 -0.275287 0.961214
1755058316.304334 19.545084 -8.049406 0.647806 -0.002779 -0.016723 -0.272930 0.961884
1755058316.404217 19.669909 -8.125263 0.654114 -0.002764 -0.016920 -0.272037 0.962134
1755058316.504082 19.786924 -8.190277 0.665687 -0.004499 -0.018161 -0.273020 0.961826
1755058316.604284 19.911851 -8.265913 0.665354 -0.001884 -0.015982 -0.273298 0.961795
1755058316.704245 20.042669 -8.359620 0.667916 -0.001703 -0.017731 -0.274815 0.961332
1755058316.804111 20.166578 -8.437247 0.671753 -0.001131 -0.016343 -0.275972 0.961026
1755058316.904165 20.267644 -8.531509 0.681751 -0.001760 -0.015169 -0.277370 0.960642
1755058317.004164 20.376029 -8.609892 0.676787 -0.002623 -0.014160 -0.281748 0.959380
1755058317.104108 20.482325 -8.681297 0.689676 -0.000618 -0.011768 -0.281972 0.959350
1755058317.204139 20.585630 -8.742250 0.698798 -0.001260 -0.013507 -0.284843 0.958478
1755058317.304269 20.705347 -8.827726 0.700849 -0.000551 -0.015570 -0.284034 0.958688
1755058317.404111 20.825268 -8.903739 0.717600 -0.000691 -0.013704 -0.285638 0.958239
1755058317.504132 20.941406 -8.976021 0.714326 0.001420 -0.014402 -0.286393 0.958003
1755058317.604023 21.051202 -9.057286 0.714836 0.000547 -0.013338 -0.285594 0.958258
1755058317.704147 21.166074 -9.130384 0.716678 -0.000306 -0.014099 -0.285834 0.958175
1755058317.804122 21.290597 -9.206285 0.724942 0.000801 -0.015304 -0.284910 0.958432
1755058317.904123 21.406551 -9.288366 0.748552 0.000267 -0.016280 -0.282526 0.959121
1755058318.004091 21.522715 -9.372047 0.761163 0.000812 -0.018433 -0.280750 0.959604
1755058318.104021 21.634412 -9.446983 0.766943 0.001807 -0.018828 -0.277994 0.960396
1755058318.203955 21.742481 -9.516389 0.770013 0.001497 -0.018616 -0.275865 0.961015
1755058318.306665 21.857409 -9.597201 0.778829 0.001949 -0.016844 -0.273393 0.961753
1755058318.402654 21.969148 -9.668903 0.779741 0.000116 -0.017686 -0.272331 0.962041
1755058318.504054 22.087674 -9.736931 0.772456 0.002935 -0.016091 -0.271188 0.962388
1755058318.603962 22.207654 -9.806813 0.775960 0.003211 -0.015095 -0.270618 0.962563
1755058318.704038 22.326973 -9.877468 0.785970 0.001962 -0.016127 -0.273470 0.961743
1755058318.806801 22.454948 -9.961120 0.789680 0.002233 -0.015544 -0.273063 0.961868
1755058318.902616 22.563374 -10.033534 0.794709 0.001824 -0.015109 -0.272937 0.961911
1755058319.004376 22.670540 -10.103395 0.800450 0.003215 -0.015229 -0.273145 0.961847
1755058319.104038 22.760879 -10.149782 0.809664 0.002944 -0.015990 -0.273153 0.961833
1755058319.204005 22.842342 -10.197362 0.814631 0.001659 -0.017649 -0.272313 0.962045
1755058319.304093 22.912487 -10.243043 0.815301 0.003121 -0.018541 -0.273019 0.961825
1755058319.404036 22.983646 -10.288069 0.817213 0.001737 -0.019592 -0.273720 0.961608
1755058319.504044 23.035065 -10.334902 0.828661 0.002664 -0.018029 -0.273324 0.961749
1755058319.604040 23.068478 -10.361842 0.833039 0.003257 -0.017410 -0.273893 0.961597
1755058319.704111 23.086633 -10.371058 0.821281 0.001373 -0.023613 -0.274152 0.961396
1755058319.804081 23.098585 -10.388881 0.829716 0.002338 -0.023523 -0.271142 0.962249
1755058319.903983 23.096374 -10.396327 0.846864 0.001183 -0.023615 -0.271320 0.962199
1755058320.006666 23.094026 -10.391188 0.856111 0.001004 -0.023909 -0.271715 0.962080
1755058333.104428 23.086393 -10.377217 0.813746 0.003675 -0.018586 -0.271730 0.962187
1755058333.204457 23.079942 -10.368277 0.794754 0.003699 -0.018604 -0.271541 0.962240
1755058333.304402 23.082701 -10.368982 0.807491 0.003106 -0.019062 -0.271507 0.962243
1755058333.404315 23.083047 -10.373828 0.817947 0.003136 -0.019101 -0.271022 0.962378
1755058333.504673 23.090383 -10.380027 0.826238 0.003231 -0.019133 -0.270978 0.962390
1755058333.604476 23.097995 -10.383235 0.833461 0.002828 -0.019317 -0.270905 0.962408
1755058333.704340 23.104067 -10.385908 0.840021 0.002909 -0.019280 -0.270846 0.962425
1755058333.804460 23.108325 -10.386698 0.838410 0.002714 -0.019708 -0.270326 0.962563
1755058333.904312 23.117080 -10.389890 0.841661 0.002591 -0.020472 -0.268645 0.963018
1755058334.004459 23.125823 -10.387667 0.845136 0.002088 -0.019851 -0.268671 0.963025
1755058334.104367 23.147992 -10.403182 0.842101 0.003680 -0.019793 -0.266833 0.963532
1755058334.204352 23.173205 -10.417227 0.846904 0.001868 -0.019782 -0.268813 0.962987
1755058334.304542 23.210782 -10.449056 0.842428 0.003123 -0.018542 -0.266609 0.963621
1755058334.404395 23.250356 -10.478256 0.840452 0.004327 -0.019858 -0.265828 0.963806
1755058334.504464 23.299861 -10.506252 0.834663 0.003903 -0.021989 -0.265430 0.963872
1755058334.604480 23.353232 -10.547778 0.843369 0.003850 -0.020741 -0.263792 0.964349
1755058334.704305 23.420667 -10.589931 0.853826 0.002304 -0.021459 -0.263377 0.964451
1755058334.804354 23.509773 -10.632254 0.859155 0.003718 -0.021092 -0.263310 0.964473
1755058334.904416 23.600011 -10.683953 0.859817 0.004829 -0.022348 -0.263012 0.964522
1755058335.004449 23.675546 -10.732977 0.863714 0.004028 -0.020925 -0.262155 0.964791
1755058335.104261 23.749899 -10.773097 0.867341 0.002677 -0.021159 -0.262145 0.964793
1755058335.204227 23.821260 -10.816548 0.871854 0.004441 -0.021010 -0.261900 0.964856
1755058335.304378 23.899360 -10.864966 0.880472 0.003954 -0.020762 -0.263006 0.964563
1755058335.404348 23.982496 -10.914006 0.880498 0.004701 -0.019799 -0.264398 0.964199
1755058335.504378 24.067581 -10.974924 0.883586 0.007273 -0.016395 -0.265453 0.963957
1755058335.604380 24.144437 -11.026733 0.874795 0.008361 -0.015313 -0.267113 0.963507
1755058335.704328 24.221612 -11.069955 0.878095 0.009210 -0.012170 -0.269302 0.962935
1755058335.804324 24.304770 -11.114807 0.898914 0.007456 -0.015432 -0.270968 0.962436
1755058335.904137 24.390550 -11.162124 0.912384 0.007142 -0.017317 -0.274009 0.961545
1755058336.004254 24.472064 -11.218091 0.916144 0.008430 -0.018151 -0.275955 0.960962
1755058336.104139 24.542290 -11.268857 0.919325 0.006946 -0.018230 -0.280992 0.959512
1755058336.204279 24.612272 -11.315109 0.914634 0.006072 -0.021241 -0.282320 0.959066
1755058336.304239 24.684150 -11.365950 0.911859 0.005980 -0.019487 -0.285389 0.958195
1755058336.404353 24.761344 -11.420918 0.910527 0.004531 -0.020296 -0.285469 0.958162
1755058336.504245 24.833986 -11.474340 0.908183 0.004737 -0.020681 -0.285615 0.958109
1755058336.604128 24.905575 -11.526469 0.906444 0.004960 -0.024547 -0.286799 0.957663
1755058336.704104 24.982987 -11.578633 0.947698 0.003372 -0.023755 -0.289680 0.956823
1755058336.804235 25.079119 -11.638238 0.942520 0.003802 -0.023434 -0.290304 0.956640
1755058336.904300 25.178589 -11.704282 0.943561 0.005897 -0.016837 -0.291967 0.956262
1755058337.004340 25.265032 -11.761241 0.931216 0.007241 -0.017617 -0.294828 0.955360
1755058337.104177 25.347399 -11.816537 0.929910 0.007645 -0.017139 -0.296794 0.954757
1755058337.204323 25.424947 -11.878904 0.952350 0.007266 -0.014602 -0.300184 0.953742
1755058337.304288 25.511189 -11.945328 0.952250 0.007436 -0.014792 -0.304391 0.952403
1755058337.404202 25.589861 -12.009276 0.954474 0.007930 -0.009900 -0.308403 0.951171
1755058337.504308 25.668476 -12.067102 0.945589 0.010033 -0.007759 -0.311908 0.950028
1755058337.604249 25.746187 -12.132650 0.925256 0.010374 -0.007962 -0.315498 0.948836
1755058337.704237 25.825421 -12.201975 0.929921 0.010233 -0.005861 -0.318092 0.947986
1755058337.804193 25.913641 -12.266706 0.942848 0.011171 -0.006583 -0.319331 0.947555
1755058337.904220 25.994865 -12.333565 0.938068 0.010605 -0.008967 -0.318522 0.947814
1755058338.004195 26.071252 -12.396400 0.937331 0.010703 -0.009824 -0.315742 0.948734
1755058338.104164 26.151434 -12.454277 0.956112 0.010330 -0.008557 -0.315158 0.948944
1755058338.204112 26.238052 -12.519090 0.963587 0.010733 -0.006726 -0.312971 0.949678
1755058338.304219 26.316472 -12.577851 0.945211 0.013164 -0.008074 -0.312593 0.949762
1755058338.404146 26.391503 -12.639864 0.952295 0.013133 -0.004514 -0.308189 0.951224
1755058338.504248 26.476898 -12.694171 0.939159 0.013549 -0.006974 -0.308113 0.951228
1755058338.604153 26.565821 -12.752436 0.933119 0.011867 -0.001985 -0.306854 0.951680
1755058338.704040 26.663440 -12.825810 0.939629 0.013028 -0.003142 -0.303933 0.952599
1755058338.804185 26.753782 -12.894602 0.950930 0.014128 -0.001926 -0.302456 0.953057
1755058338.904081 26.840332 -12.963043 0.976602 0.012567 -0.002748 -0.301783 0.953290
1755058339.004228 26.922440 -13.024607 0.985203 0.012088 -0.004777 -0.302503 0.953060
1755058339.104094 27.009878 -13.080664 0.982519 0.013458 -0.005925 -0.302198 0.953132
1755058339.204010 27.087997 -13.135110 0.983566 0.013662 -0.005297 -0.302864 0.952921
1755058339.304117 27.164972 -13.194718 0.981999 0.014040 -0.005370 -0.301919 0.953215
1755058339.404385 27.243367 -13.256174 0.979455 0.013088 -0.004802 -0.302687 0.952988
1755058339.504025 27.329373 -13.307774 0.983996 0.015085 -0.004392 -0.303925 0.952566
1755058339.604132 27.412597 -13.373117 0.982912 0.015017 -0.005344 -0.303008 0.952855
1755058339.704108 27.489677 -13.428401 0.983592 0.014525 -0.006109 -0.304959 0.952235
1755058339.804098 27.574970 -13.495055 0.987495 0.013739 -0.006297 -0.304289 0.952460
1755058339.904069 27.665992 -13.565053 0.988299 0.013257 -0.005450 -0.306655 0.951713
1755058340.004031 27.758930 -13.630488 0.994632 0.012744 -0.004867 -0.308416 0.951154
1755058340.104064 27.841366 -13.686749 0.980247 0.015661 -0.005688 -0.312583 0.949744
1755058340.204097 27.928392 -13.751431 0.979775 0.015966 -0.004644 -0.317325 0.948171
1755058340.304044 28.012907 -13.819861 0.969657 0.015818 -0.005913 -0.322761 0.946330
1755058340.403992 28.092571 -13.904056 0.987428 0.014730 -0.003909 -0.326355 0.945125
1755058340.504007 28.180285 -13.978158 0.988192 0.015731 -0.005191 -0.329624 0.943967
1755058340.603942 28.260780 -14.040716 0.988229 0.014355 -0.004953 -0.330819 0.943572
1755058340.703996 28.338656 -14.099316 0.993385 0.009777 -0.002728 -0.331437 0.943423
1755058340.804028 28.422410 -14.171500 0.995056 0.013775 -0.003983 -0.331610 0.943308
1755058340.904037 28.502176 -14.235830 0.989918 0.015298 -0.003931 -0.330687 0.943608
1755058341.003931 28.582857 -14.301403 0.988887 0.014159 -0.002638 -0.328727 0.944315
1755058341.103886 28.670107 -14.370853 0.992159 0.015187 -0.002177 -0.326210 0.945173
1755058341.204021 28.750578 -14.434917 0.996255 0.012394 -0.002243 -0.324879 0.945672
1755058341.303987 28.833772 -14.500765 1.000384 0.010764 -0.001857 -0.323537 0.946153
1755058341.403951 28.914844 -14.567438 1.006276 0.012094 -0.002758 -0.321658 0.946775
1755058341.503950 28.994941 -14.626483 0.995591 0.011487 -0.003662 -0.319352 0.947559
1755058341.603929 29.094360 -14.696092 1.004633 0.009593 -0.002644 -0.317168 0.948317
1755058341.703925 29.182709 -14.766202 1.005374 0.009002 -0.003074 -0.314211 0.949305
1755058341.803985 29.260356 -14.825579 1.010142 0.012838 -0.003525 -0.312963 0.949672
1755058341.903961 29.338158 -14.887893 1.002609 0.009937 -0.003316 -0.311870 0.950067
1755058342.003908 29.413764 -14.942652 1.010197 0.009070 -0.002882 -0.312381 0.949909
1755058342.103959 29.488333 -14.994689 1.017137 0.010020 -0.003714 -0.314117 0.949324
1755058342.203820 29.564984 -15.050762 1.018655 0.011642 -0.005166 -0.317670 0.948116
1755058342.304054 29.647881 -15.119273 1.021480 0.010656 -0.005564 -0.321977 0.946671
1755058342.403944 29.721969 -15.193289 1.020869 0.009421 -0.004941 -0.326065 0.945287
1755058342.503853 29.793102 -15.260235 1.015729 0.011453 -0.006023 -0.328751 0.944328
1755058342.603923 29.867084 -15.327346 1.019325 0.010054 -0.005186 -0.329622 0.944045
1755058342.703915 29.947603 -15.393147 1.029817 0.009410 -0.004470 -0.330009 0.943920
1755058342.803902 30.034161 -15.457592 1.026448 0.009417 -0.005249 -0.329793 0.943992
1755058342.903782 30.116973 -15.527669 1.024287 0.009672 -0.005523 -0.327220 0.944883
1755058343.003724 30.199161 -15.590213 1.037904 0.008168 -0.004327 -0.325155 0.945615
1755058343.103841 30.275384 -15.647165 1.032970 0.011962 -0.006324 -0.322122 0.946601
1755058343.206597 30.356641 -15.699477 1.039449 0.011909 -0.004831 -0.322012 0.946648
1755058343.305208 30.426409 -15.757206 1.029816 0.010124 -0.004112 -0.321600 0.946812
1755058343.405189 30.482723 -15.807310 1.032762 0.008646 -0.003769 -0.320966 0.947044
1755058343.502524 30.528766 -15.848326 1.047697 0.006821 -0.002138 -0.321202 0.946984
1755058343.603821 30.576828 -15.886712 1.056025 0.009276 -0.002722 -0.320877 0.947072
1755058343.706426 30.610452 -15.916118 1.050612 0.007995 -0.002908 -0.319803 0.947446
1755058343.805211 30.633753 -15.926463 1.046116 0.008835 -0.003473 -0.320007 0.947367
1755058344.005151 30.648633 -15.938822 1.049748 0.009445 -0.003568 -0.319680 0.947472
1755058357.704286 30.664952 -15.949799 1.041834 0.008939 -0.005322 -0.320686 0.947129
1755058357.804183 30.673326 -15.954909 1.039172 0.011475 -0.005508 -0.320413 0.947192
1755058357.904197 30.675602 -15.953735 1.035899 0.011940 -0.005990 -0.320259 0.947236
1755058358.004267 30.672666 -15.953210 1.038596 0.010618 -0.004966 -0.320102 0.947310
1755058358.104192 30.669558 -15.951516 1.035446 0.010660 -0.005542 -0.319728 0.947433
1755058358.204250 30.661426 -15.946767 1.033074 0.011661 -0.005655 -0.319607 0.947462
1755058358.304277 30.655269 -15.943031 1.029443 0.010823 -0.005926 -0.318708 0.947773
1755058358.404240 30.648988 -15.938368 1.026834 0.012292 -0.007140 -0.317978 0.947992
1755058358.504251 30.650087 -15.936529 1.035744 0.013291 -0.008062 -0.317292 0.948200
1755058358.604358 30.661351 -15.949040 1.034950 0.011758 -0.007086 -0.316011 0.948656
1755058358.704174 30.675980 -15.962504 1.035917 0.012587 -0.006816 -0.314145 0.949267
1755058358.804208 30.697769 -15.980362 1.036712 0.012410 -0.007488 -0.312471 0.949817
1755058358.904077 30.722166 -16.000584 1.037225 0.012738 -0.008380 -0.312077 0.949935
1755058359.004187 30.753913 -16.025606 1.037177 0.012871 -0.007082 -0.310697 0.950396
1755058359.104156 30.817421 -16.063318 1.032039 0.011296 -0.006804 -0.309316 0.950868
1755058359.204208 30.872253 -16.100837 1.030077 0.011755 -0.007046 -0.307592 0.951420
1755058359.304183 30.933175 -16.141969 1.028484 0.011516 -0.008866 -0.306242 0.951843
1755058359.404160 30.991908 -16.182508 1.026435 0.010526 -0.007953 -0.307151 0.951570
1755058359.504163 31.065387 -16.232761 1.024059 0.009551 -0.008795 -0.312588 0.949800
1755058359.604089 31.148079 -16.291054 1.022132 0.009095 -0.009312 -0.318890 0.947702
1755058359.704180 31.255038 -16.358941 1.052581 0.012346 -0.007293 -0.318604 0.947780
1755058359.804122 31.342353 -16.424258 1.056365 0.013642 -0.006013 -0.327624 0.944691
1755058359.904126 31.439041 -16.536522 1.036860 0.007440 -0.003782 -0.331049 0.943577
1755058360.004154 31.527272 -16.630073 1.044152 0.007406 -0.003317 -0.333947 0.942557
1755058360.104082 31.634233 -16.716904 1.051310 0.010798 -0.005613 -0.336096 0.941749
1755058360.204146 31.740407 -16.800065 1.062417 0.009212 -0.004510 -0.337402 0.941305
1755058360.304195 31.854264 -16.883564 1.061330 0.009946 -0.005279 -0.338688 0.940831
1755058360.404052 31.960859 -16.973739 1.069680 0.011754 -0.005142 -0.339086 0.940668
1755058360.504128 32.056217 -17.057720 1.064658 0.008791 -0.004188 -0.340577 0.940166
1755058360.603954 32.151739 -17.142527 1.078963 0.010135 -0.003358 -0.341470 0.939832
1755058360.704017 32.246235 -17.225456 1.085903 0.008844 -0.003015 -0.342629 0.939424
1755058360.804116 32.347007 -17.312265 1.073080 0.011601 -0.004988 -0.343148 0.939196
1755058360.903974 32.436746 -17.390063 1.071931 0.011902 -0.007145 -0.343129 0.939186
1755058361.004089 32.527107 -17.465636 1.071981 0.010276 -0.006941 -0.343356 0.939124
1755058361.104062 32.629886 -17.552384 1.072359 0.009135 -0.007442 -0.343155 0.939205
1755058361.204020 32.725334 -17.628625 1.071758 0.012276 -0.008518 -0.343372 0.939081
1755058361.304165 32.826792 -17.714490 1.072053 0.013527 -0.008017 -0.346179 0.938037
1755058361.404040 32.914796 -17.791571 1.072679 0.014139 -0.005758 -0.348685 0.937116
1755058361.504013 32.997736 -17.865769 1.073192 0.014095 -0.006600 -0.350338 0.936494
1755058361.604046 33.091809 -17.951450 1.072907 0.014760 -0.007640 -0.352187 0.935782
1755058361.704103 33.184484 -18.051352 1.083943 0.013451 -0.007500 -0.352951 0.935515
1755058361.803832 33.284815 -18.147503 1.088416 0.012818 -0.007798 -0.353207 0.935425
1755058361.904011 33.383211 -18.237942 1.090572 0.012261 -0.007409 -0.352958 0.935530
1755058362.004047 33.479990 -18.318876 1.100577 0.011250 -0.006794 -0.353372 0.935391
1755058362.103910 33.572697 -18.402736 1.109602 0.011959 -0.006789 -0.352760 0.935613
1755058362.204099 33.672659 -18.489334 1.091722 0.011683 -0.007358 -0.352014 0.935893
1755058362.303921 33.768373 -18.571998 1.086230 0.011465 -0.008035 -0.351014 0.936265
1755058362.404027 33.865077 -18.655880 1.080341 0.010207 -0.008463 -0.350061 0.936633
1755058362.503923 33.946497 -18.741856 1.107819 0.010590 -0.007331 -0.347536 0.937578
1755058362.603932 34.038903 -18.827571 1.102460 0.010366 -0.007333 -0.342493 0.939435
1755058362.703947 34.133565 -18.905194 1.111954 0.009893 -0.006075 -0.336120 0.941748
1755058362.804014 34.233380 -18.977745 1.099833 0.011653 -0.007775 -0.330143 0.943827
1755058362.906516 34.342597 -19.054462 1.115106 0.010395 -0.006815 -0.324508 0.945801
1755058363.005311 34.447460 -19.133071 1.117278 0.012046 -0.006595 -0.320546 0.947133
1755058363.105390 34.542402 -19.208621 1.114176 0.010567 -0.005440 -0.317871 0.948060
1755058363.202627 34.632595 -19.280235 1.122152 0.010494 -0.005534 -0.315785 0.948757
1755058363.303741 34.745242 -19.371252 1.119569 0.009630 -0.006971 -0.314200 0.949282
1755058363.403839 34.843709 -19.446619 1.124175 0.010018 -0.007602 -0.313857 0.949387
1755058363.503973 34.937492 -19.519125 1.127666 0.009044 -0.007742 -0.315698 0.948785
1755058363.606646 35.032116 -19.586083 1.128926 0.007117 -0.006446 -0.319055 0.947687
1755058363.705175 35.123274 -19.663652 1.139481 0.011967 -0.008262 -0.322714 0.946385
1755058363.802623 35.228693 -19.752709 1.134464 0.010648 -0.007014 -0.326645 0.945061
1755058363.903753 35.330846 -19.837465 1.127227 0.012144 -0.007765 -0.327700 0.944672
1755058364.003984 35.426380 -19.912915 1.130821 0.013510 -0.007643 -0.329063 0.944180
1755058364.103945 35.524054 -19.989518 1.145954 0.011989 -0.007009 -0.331161 0.943472
1755058364.206519 35.619363 -20.072477 1.154293 0.008801 -0.006146 -0.334002 0.942511
1755058364.305213 35.705683 -20.158451 1.144618 0.011615 -0.008216 -0.336445 0.941596
1755058364.402465 35.797765 -20.244469 1.142386 0.012375 -0.005169 -0.336871 0.941455
1755058364.503754 35.898433 -20.326457 1.125010 0.011048 -0.006571 -0.338968 0.940710
1755058364.603813 35.995701 -20.406127 1.137188 0.013762 -0.006424 -0.339543 0.940468
1755058364.703879 36.089069 -20.480363 1.138653 0.012888 -0.005202 -0.339045 0.940668
1755058364.803748 36.185228 -20.557150 1.154724 0.012810 -0.005420 -0.337852 0.941096
1755058364.903798 36.275181 -20.629020 1.163097 0.012112 -0.005228 -0.337296 0.941306
1755058365.003751 36.382063 -20.720777 1.165587 0.010037 -0.005830 -0.335121 0.942104
1755058365.103710 36.483305 -20.811326 1.172552 0.008360 -0.005780 -0.333214 0.942797
1755058365.203656 36.592484 -20.898711 1.176260 0.010593 -0.006585 -0.332502 0.943020
1755058365.303855 36.696037 -20.982088 1.170436 0.013318 -0.006074 -0.331519 0.943335
1755058365.403720 36.783039 -21.057621 1.164162 0.010717 -0.005071 -0.330582 0.943703
1755058365.504059 36.880022 -21.133937 1.168373 0.012144 -0.005655 -0.329693 0.943993
1755058365.603809 36.977608 -21.207634 1.179768 0.012161 -0.005603 -0.329515 0.944055
1755058365.706696 37.071233 -21.284846 1.175809 0.012161 -0.006056 -0.328967 0.944244
1755058365.802504 37.149161 -21.352386 1.172866 0.010603 -0.005753 -0.328277 0.944504
1755058365.903631 37.249536 -21.435344 1.176346 0.010760 -0.005393 -0.327414 0.944804
1755058366.003811 37.351275 -21.518157 1.174590 0.011150 -0.006022 -0.326513 0.945108
1755058366.106236 37.450951 -21.596527 1.181456 0.011313 -0.004506 -0.326026 0.945282
1755058366.205106 37.551014 -21.677806 1.187218 0.010622 -0.005465 -0.325147 0.945588
1755058366.302446 37.656148 -21.757866 1.188905 0.012037 -0.007014 -0.324312 0.945847
1755058366.403731 37.758299 -21.837897 1.191284 0.009909 -0.006618 -0.323590 0.946122
1755058366.503628 37.848920 -21.912158 1.194014 0.010021 -0.005516 -0.323172 0.946271
1755058366.603731 37.941500 -21.987832 1.196931 0.009935 -0.005525 -0.322036 0.946659
1755058366.703772 38.035040 -22.056917 1.211989 0.013302 -0.005327 -0.321416 0.946830
1755058366.806443 38.123970 -22.129602 1.195197 0.010736 -0.002018 -0.320744 0.947103
1755058366.905434 38.201630 -22.195336 1.188193 0.012279 -0.000562 -0.320681 0.947108
1755058367.005017 38.266616 -22.241737 1.183978 0.016607 -0.002815 -0.320656 0.947046
1755058367.102185 38.329263 -22.288808 1.198194 0.013816 -0.003173 -0.320311 0.947206
1755058367.203658 38.387215 -22.334245 1.207409 0.013436 -0.001265 -0.319968 0.947332
1755058367.303685 38.432235 -22.375389 1.208739 0.013036 -0.000896 -0.319460 0.947510
1755058367.406322 38.466401 -22.407737 1.206026 0.014335 -0.001548 -0.319236 0.947566
1755058367.505137 38.487510 -22.422616 1.208131 0.011721 -0.000698 -0.320260 0.947257
1755058367.702098 38.499821 -22.430339 1.207167 0.011015 -0.001316 -0.320174 0.947294
1755058381.304127 38.522797 -22.442020 1.180028 0.017974 -0.004636 -0.319650 0.947354
1755058381.404072 38.539609 -22.452445 1.169042 0.018001 -0.004682 -0.319378 0.947445
1755058381.503857 38.558142 -22.464826 1.156499 0.018030 -0.004771 -0.319083 0.947543
1755058381.604257 38.576315 -22.477953 1.143925 0.018076 -0.004816 -0.318750 0.947654
1755058381.704056 38.577050 -22.477715 1.164891 0.017517 -0.004624 -0.318438 0.947770
1755058381.804074 38.587364 -22.486261 1.161570 0.017542 -0.004679 -0.318139 0.947870
1755058385.703822 41.382048 -24.632880 1.200328 0.015325 -0.006565 -0.317957 0.947959
1755058385.803756 41.476916 -24.658533 1.220168 0.016357 -0.007073 -0.317537 0.948078
1755058385.903926 41.570261 -24.705104 1.252158 0.012192 -0.006635 -0.316116 0.948619
1755058386.003790 41.653446 -24.765190 1.268773 0.011390 -0.005904 -0.314897 0.949039
1755058386.103828 41.728968 -24.832918 1.270809 0.010542 -0.005842 -0.313266 0.949589
1755058386.203762 41.803185 -24.901674 1.275423 0.010462 -0.004973 -0.312090 0.949982
1755058386.303958 41.892647 -24.980672 1.273954 0.008852 -0.004968 -0.310514 0.950514
1755058386.403802 41.982120 -25.046761 1.272973 0.010321 -0.004568 -0.309791 0.950738
1755058386.503726 42.074346 -25.117244 1.265089 0.010194 -0.004172 -0.307885 0.951360
1755058386.604132 42.168765 -25.180558 1.265973 0.011892 -0.005581 -0.306515 0.951775
1755058386.703755 42.257771 -25.243083 1.265091 0.011271 -0.005910 -0.305853 0.951994
1755058386.803560 42.353830 -25.306036 1.264823 0.011852 -0.006782 -0.304910 0.952283
1755058386.903809 42.442322 -25.372705 1.268675 0.012569 -0.007080 -0.303092 0.952852
1755058387.003559 42.545797 -25.452233 1.267092 0.010815 -0.006407 -0.302166 0.953173
1755058387.103739 42.646401 -25.523299 1.263130 0.011354 -0.006701 -0.301395 0.953408
1755058387.203660 42.748559 -25.601459 1.264830 0.012056 -0.006439 -0.301170 0.953473
1755058387.306348 42.848756 -25.678950 1.269457 0.010548 -0.006105 -0.301700 0.953325
1755058387.402447 42.945289 -25.737502 1.275373 0.014346 -0.007881 -0.301220 0.953414
1755058387.503709 43.043528 -25.812637 1.280576 0.013030 -0.007205 -0.300425 0.953689
1755058387.603700 43.137650 -25.878476 1.284785 0.011739 -0.006099 -0.301278 0.953444
1755058387.706371 43.225316 -25.939971 1.287480 0.011857 -0.006205 -0.302963 0.952908
1755058387.805050 43.308157 -25.996526 1.287318 0.011434 -0.006099 -0.305570 0.952081
1755058387.902279 43.388174 -26.058087 1.291177 0.011993 -0.006184 -0.307233 0.951539
1755058388.003636 43.468187 -26.125626 1.294957 0.011880 -0.005828 -0.310264 0.950558
1755058388.103731 43.547697 -26.190403 1.291435 0.011621 -0.006091 -0.313981 0.949339
1755058388.206270 43.631227 -26.258333 1.284942 0.011579 -0.006681 -0.317557 0.948145
1755058388.302407 43.714294 -26.322271 1.292713 0.013584 -0.008168 -0.321778 0.946683
1755058388.403700 43.799340 -26.388529 1.301423 0.009973 -0.007277 -0.326265 0.945198
1755058388.503541 43.886045 -26.459672 1.299945 0.008958 -0.007216 -0.330558 0.943715
1755058388.606328 43.975153 -26.535714 1.308044 0.010003 -0.007077 -0.335543 0.941945
1755058388.702233 44.055343 -26.604933 1.305497 0.009265 -0.006783 -0.340346 0.940230
1755058388.803715 44.137774 -26.679119 1.304487 0.009547 -0.006499 -0.344057 0.938878
1755058388.903654 44.217855 -26.753476 1.301477 0.012633 -0.007379 -0.347112 0.937709
1755058389.003819 44.292156 -26.826474 1.305966 0.015072 -0.006474 -0.347489 0.937541
1755058389.103643 44.370740 -26.898163 1.305935 0.014031 -0.007006 -0.345737 0.938200
1755058389.203739 44.452170 -26.971818 1.312948 0.012774 -0.007324 -0.341359 0.939818
1755058389.306198 44.545740 -27.043462 1.324610 0.012605 -0.008208 -0.335721 0.941841
1755058389.404981 44.640598 -27.110809 1.330957 0.012578 -0.006681 -0.330027 0.943864
1755058389.504985 44.731667 -27.183452 1.323126 0.009485 -0.005569 -0.325627 0.945434
1755058389.604939 44.816456 -27.246297 1.331487 0.009457 -0.004638 -0.323226 0.946263
1755058389.704795 44.890222 -27.310776 1.328718 0.010509 -0.005914 -0.321188 0.946939
1755058389.804768 44.970555 -27.374436 1.329573 0.011023 -0.006323 -0.319955 0.947347
1755058389.902323 45.048546 -27.430686 1.330574 0.010989 -0.006451 -0.319081 0.947642
1755058390.006323 45.126754 -27.497911 1.332572 0.012789 -0.005859 -0.318338 0.947873
1755058390.104815 45.201823 -27.555055 1.332790 0.012555 -0.006603 -0.318576 0.947791
1755058390.205068 45.288860 -27.622333 1.336894 0.012339 -0.006155 -0.317123 0.948284
1755058390.304995 45.376413 -27.686841 1.342841 0.012494 -0.005677 -0.316628 0.948450
1755058390.404935 45.463613 -27.754138 1.335475 0.011797 -0.005756 -0.315650 0.948785
1755058390.504801 45.546030 -27.818341 1.335004 0.013343 -0.005442 -0.314351 0.949197
1755058390.604765 45.620201 -27.874944 1.333562 0.014503 -0.004481 -0.313399 0.949500
1755058390.704872 45.684774 -27.924531 1.332219 0.014649 -0.002953 -0.312708 0.949732
1755058390.805156 45.740307 -27.966841 1.331360 0.014515 -0.002796 -0.313090 0.949608
1755058390.904921 45.791756 -27.997789 1.334233 0.014737 -0.002795 -0.313339 0.949523
1755058391.002096 45.825041 -28.029803 1.333250 0.015275 -0.003535 -0.312825 0.949681
1755058391.103461 45.851918 -28.055458 1.335730 0.016098 -0.003278 -0.312360 0.949822
1755058391.203411 45.872996 -28.073766 1.333415 0.016639 -0.003460 -0.312666 0.949711
1755058391.306238 45.880008 -28.070277 1.335172 0.015098 -0.003662 -0.313030 0.949616
1755058401.804186 45.889398 -28.074394 1.336213 0.015117 -0.003693 -0.312956 0.949640
1755058405.003927 48.054375 -29.678045 1.461838 0.015740 -0.003374 -0.328357 0.944416
1755058405.103790 48.139757 -29.749790 1.400929 0.014644 -0.004330 -0.328905 0.944239
1755058405.203972 48.217564 -29.826976 1.403836 0.014082 -0.003047 -0.329391 0.944084
1755058405.303907 48.308990 -29.907999 1.387230 0.012401 -0.004520 -0.330923 0.943565
1755058405.403983 48.403650 -29.982918 1.384820 0.013236 -0.006029 -0.332510 0.942987
1755058405.503840 48.502416 -30.057519 1.389022 0.016036 -0.007755 -0.333672 0.942521
1755058405.603915 48.595102 -30.132604 1.388114 0.016442 -0.008187 -0.333096 0.942714
1755058405.703884 48.690359 -30.222372 1.394004 0.015686 -0.007285 -0.333477 0.942600
1755058405.803901 48.785099 -30.302223 1.399054 0.015804 -0.007732 -0.334739 0.942147
1755058405.903891 48.878094 -30.389560 1.398651 0.017079 -0.007226 -0.334900 0.942071
1755058406.003768 48.984385 -30.470665 1.397796 0.016738 -0.006924 -0.334691 0.942154
1755058406.103783 49.081577 -30.561558 1.391882 0.016895 -0.005571 -0.333895 0.942443
1755058406.203889 49.188442 -30.647753 1.394562 0.017800 -0.007393 -0.331444 0.943278
1755058406.303852 49.300787 -30.727005 1.404744 0.017648 -0.006879 -0.328491 0.944317
1755058406.403783 49.404660 -30.812629 1.410294 0.017250 -0.007309 -0.326308 0.945078
1755058406.503781 49.508692 -30.902292 1.416565 0.016278 -0.007048 -0.325380 0.945417
1755058406.603806 49.617202 -30.989563 1.417480 0.016096 -0.006240 -0.323667 0.946014
1755058406.703846 49.727916 -31.075982 1.418335 0.016598 -0.006232 -0.322144 0.946525
1755058406.803826 49.838954 -31.164169 1.423658 0.014971 -0.005852 -0.321149 0.946892
1755058406.903855 49.941414 -31.248348 1.417353 0.012623 -0.006258 -0.319928 0.947337
1755058407.003710 50.049982 -31.328196 1.420424 0.012630 -0.006466 -0.318936 0.947670
1755058407.103786 50.168622 -31.420750 1.419037 0.013447 -0.007185 -0.317524 0.948128
1755058407.203908 50.291949 -31.509136 1.427376 0.014962 -0.007769 -0.316826 0.948334
1755058407.303821 50.405980 -31.598925 1.424978 0.013622 -0.007133 -0.315597 0.948769
1755058407.403672 50.502238 -31.671778 1.423296 0.014572 -0.008724 -0.314274 0.949181
1755058407.503855 50.620251 -31.759591 1.431578 0.014568 -0.009381 -0.313517 0.949424
1755058407.603781 50.741830 -31.855458 1.432228 0.011334 -0.008819 -0.313799 0.949381
1755058407.703873 50.856544 -31.941364 1.438283 0.011044 -0.008715 -0.315112 0.948950
1755058407.803753 50.968138 -32.032779 1.444459 0.010795 -0.008515 -0.315364 0.948871
1755058407.903698 51.082316 -32.116161 1.450289 0.012444 -0.010070 -0.315759 0.948704
1755058408.003892 51.190124 -32.195377 1.460958 0.012240 -0.009079 -0.315582 0.948776
1755058408.103650 51.296466 -32.275530 1.457259 0.009660 -0.008373 -0.316771 0.948416
1755058408.203820 51.395376 -32.362915 1.465253 0.012923 -0.009036 -0.318979 0.947631
1755058408.303694 51.498744 -32.450910 1.470276 0.012925 -0.010202 -0.318226 0.947872
1755058408.403572 51.613147 -32.537042 1.463375 0.013429 -0.009707 -0.320212 0.947201
1755058408.503559 51.722661 -32.623852 1.465447 0.013034 -0.008477 -0.319554 0.947441
1755058408.603757 51.833659 -32.711950 1.456122 0.013422 -0.007908 -0.318851 0.947677
1755058408.703680 51.939020 -32.795667 1.465694 0.015118 -0.006522 -0.317226 0.948207
1755058408.803658 52.044512 -32.869008 1.464377 0.014091 -0.006523 -0.315905 0.948664
1755058408.903549 52.150177 -32.946157 1.475219 0.015088 -0.006168 -0.314010 0.949280
1755058409.003757 52.258651 -33.027601 1.471075 0.014915 -0.006879 -0.313365 0.949491
1755058409.103629 52.361419 -33.108942 1.467630 0.014363 -0.006932 -0.313539 0.949441
1755058409.203556 52.463843 -33.188098 1.472456 0.016677 -0.008250 -0.313417 0.949433
1755058409.303769 52.573470 -33.274720 1.480736 0.014090 -0.007242 -0.312946 0.949639
1755058409.403699 52.678628 -33.358738 1.488589 0.012872 -0.005194 -0.312904 0.949683
1755058409.503639 52.776088 -33.435089 1.493433 0.013416 -0.003981 -0.312999 0.949650
1755058409.603628 52.865067 -33.499827 1.493980 0.013650 -0.003618 -0.313080 0.949622
1755058409.703509 52.942659 -33.554798 1.490925 0.014171 -0.003741 -0.313456 0.949490
1755058409.803629 53.009644 -33.606539 1.492003 0.019807 -0.006009 -0.313175 0.949470
1755058409.903606 53.059912 -33.648650 1.492448 0.015351 -0.003338 -0.312613 0.949751
1755058410.003522 53.100882 -33.673702 1.489419 0.014350 -0.003834 -0.312554 0.949784
1755058410.103879 53.129726 -33.693968 1.483487 0.016341 -0.004242 -0.312093 0.949901
1755058410.203659 53.140509 -33.706735 1.488811 0.015516 -0.003782 -0.311886 0.949985
1755058410.303593 53.140061 -33.707807 1.484998 0.013416 -0.003470 -0.312430 0.949840
1755058410.403470 53.140730 -33.710792 1.494848 0.015829 -0.004632 -0.311951 0.949955
1755058422.204251 53.156923 -33.728104 1.471664 0.018730 -0.005716 -0.312848 0.949601
1755058422.304162 53.166182 -33.740607 1.462500 0.018712 -0.005813 -0.312699 0.949650
1755058422.404156 53.175230 -33.753987 1.453369 0.018733 -0.005808 -0.312411 0.949745
1755058422.504072 53.173179 -33.736411 1.476401 0.015661 -0.005743 -0.312281 0.949843
1755058422.604199 53.171129 -33.729140 1.482246 0.016288 -0.005799 -0.311785 0.949995
1755058422.704131 53.169286 -33.726809 1.483247 0.016027 -0.005858 -0.311327 0.950150
1755058422.804145 53.165725 -33.725509 1.483145 0.015937 -0.005731 -0.310896 0.950293
1755058422.904312 53.157600 -33.720474 1.482032 0.016156 -0.005742 -0.310467 0.950430
1755058423.004037 53.151487 -33.715742 1.478293 0.015724 -0.006080 -0.310078 0.950562
1755058423.103883 53.151858 -33.717341 1.477201 0.015290 -0.008002 -0.309184 0.950846
1755058423.204057 53.161080 -33.725798 1.476325 0.015458 -0.007931 -0.307550 0.951373
1755058423.304102 53.191822 -33.741609 1.488187 0.015363 -0.008829 -0.307733 0.951308
1755058423.404031 53.214480 -33.767274 1.494827 0.013443 -0.007534 -0.306013 0.951903
1755058423.504028 53.248528 -33.793570 1.497626 0.012815 -0.007681 -0.304526 0.952387
1755058423.604122 53.286491 -33.822746 1.501025 0.012271 -0.007493 -0.303390 0.952758
1755058423.704046 53.331591 -33.857007 1.503876 0.012733 -0.006193 -0.301380 0.953399
1755058423.804049 53.384865 -33.895505 1.506667 0.012891 -0.005538 -0.299778 0.953906
1755058423.904173 53.461621 -33.943134 1.501024 0.012446 -0.006811 -0.298572 0.954282
1755058424.004049 53.527988 -33.984889 1.497611 0.011862 -0.005506 -0.296971 0.954797
1755058424.104054 53.607020 -34.037133 1.496348 0.013093 -0.006287 -0.295734 0.955160
1755058424.204045 53.696847 -34.094438 1.498918 0.013398 -0.007588 -0.295782 0.955131
1755058424.304066 53.790926 -34.164399 1.500582 0.011845 -0.007285 -0.298585 0.954282
1755058424.404078 53.886752 -34.230189 1.502772 0.015097 -0.004188 -0.305373 0.952104
1755058424.504033 53.981820 -34.310060 1.486028 0.009869 -0.006664 -0.312617 0.949805
1755058424.604028 54.076305 -34.384522 1.494746 0.015393 -0.008600 -0.325738 0.945296
1755058424.704080 54.161253 -34.457595 1.496274 0.016201 -0.009945 -0.339455 0.940430
1755058424.804053 54.244566 -34.538344 1.513893 0.015311 -0.009810 -0.355575 0.934471
1755058424.903963 54.324279 -34.617846 1.522132 0.015163 -0.009363 -0.362984 0.931625
1755058425.003948 54.415724 -34.712646 1.530570 0.013021 -0.009053 -0.365595 0.930639
1755058425.104128 54.504438 -34.808405 1.537713 0.014355 -0.008824 -0.364984 0.930861
1755058425.204076 54.557573 -34.879088 1.531583 0.014077 -0.009321 -0.369873 0.928929
1755058425.303871 54.631008 -34.962410 1.535934 0.011944 -0.006685 -0.369298 0.929210
1755058425.403885 54.679462 -35.020364 1.514352 0.014116 -0.007948 -0.373018 0.927683
1755058425.504025 54.744270 -35.098469 1.508759 0.015720 -0.010703 -0.366088 0.930386
1755058425.603898 54.838303 -35.155119 1.518479 0.015652 -0.009511 -0.364990 0.930831
1755058425.703941 54.916519 -35.222987 1.519274 0.014812 -0.007284 -0.363162 0.931580
1755058425.803844 55.004974 -35.307352 1.525484 0.012063 -0.007419 -0.360977 0.932467
1755058425.903983 55.089781 -35.378118 1.531074 0.015976 -0.009270 -0.357428 0.933758
1755058426.004030 55.175582 -35.456525 1.531395 0.010376 -0.008227 -0.354067 0.935126
1755058426.103918 55.267624 -35.543535 1.535060 0.013166 -0.009022 -0.350397 0.936465
1755058426.203850 55.368347 -35.626363 1.538463 0.013309 -0.008797 -0.348155 0.937301
1755058426.303942 55.460905 -35.719910 1.540445 0.014312 -0.008792 -0.345017 0.938446
1755058426.403867 55.556672 -35.801775 1.536437 0.015298 -0.009137 -0.340848 0.939950
1755058426.503954 55.650493 -35.886085 1.535064 0.015437 -0.010351 -0.334102 0.942354
1755058426.603820 55.743954 -35.969020 1.533966 0.015000 -0.011378 -0.332465 0.942928
1755058426.703890 55.836167 -36.049702 1.531172 0.015799 -0.011072 -0.327651 0.944602
1755058426.803848 55.931591 -36.132645 1.527691 0.016009 -0.009494 -0.319761 0.947316
1755058426.903769 56.053885 -36.192372 1.543268 0.015461 -0.009880 -0.314389 0.949117
1755058427.003893 56.154332 -36.265569 1.543248 0.016817 -0.008438 -0.312502 0.949731
1755058427.103795 56.254378 -36.347437 1.552622 0.013648 -0.007245 -0.309218 0.950866
1755058427.204094 56.352087 -36.421443 1.556484 0.013409 -0.007412 -0.307953 0.951278
1755058427.303904 56.459813 -36.494381 1.559895 0.013717 -0.007704 -0.305337 0.952115
1755058427.403709 56.574058 -36.570591 1.563497 0.015692 -0.009464 -0.303285 0.952724
1755058427.503857 56.678821 -36.645891 1.571813 0.014007 -0.008470 -0.302364 0.953052
1755058427.603658 56.780870 -36.728919 1.567934 0.011034 -0.008386 -0.300170 0.953785
1755058427.703851 56.889452 -36.803592 1.583147 0.014004 -0.009332 -0.298879 0.954143
1755058427.803654 57.000135 -36.884728 1.591088 0.012920 -0.007702 -0.297393 0.954637
1755058427.903853 57.112469 -36.968633 1.587296 0.010818 -0.007239 -0.295338 0.955304
1755058428.003681 57.223752 -37.046413 1.586862 0.012095 -0.007416 -0.294342 0.955595
1755058428.103720 57.345691 -37.129778 1.583762 0.009126 -0.006533 -0.294277 0.955654
1755058428.203941 57.473191 -37.212271 1.592264 0.013879 -0.008934 -0.294110 0.955629
1755058428.303909 57.590683 -37.291450 1.589894 0.012089 -0.009088 -0.295798 0.955131
1755058428.403723 57.692713 -37.361138 1.595425 0.013703 -0.008249 -0.297446 0.954605
1755058428.503819 57.794883 -37.432424 1.598691 0.013715 -0.007606 -0.300099 0.953779
1755058428.603604 57.904311 -37.520775 1.596677 0.014452 -0.007954 -0.302874 0.952888
1755058428.703798 58.022579 -37.596241 1.612421 0.017739 -0.006825 -0.307288 0.951427
1755058428.803617 58.113954 -37.678768 1.606141 0.013274 -0.003902 -0.312340 0.949870
1755058428.903788 58.198881 -37.754202 1.610929 0.014221 -0.005632 -0.318193 0.947903
1755058429.003748 58.281297 -37.822349 1.614797 0.015489 -0.007322 -0.321902 0.946618
1755058429.103844 58.361816 -37.886760 1.615448 0.012276 -0.007144 -0.324145 0.945901
1755058429.203784 58.443073 -37.952705 1.618890 0.013069 -0.007180 -0.325199 0.945528
1755058429.303763 58.524032 -38.022398 1.621667 0.010843 -0.006905 -0.326805 0.945004
1755058429.403690 58.608807 -38.091646 1.624365 0.012526 -0.006717 -0.327785 0.944645
1755058429.503865 58.697176 -38.159040 1.623898 0.012341 -0.007207 -0.329062 0.944200
1755058429.603734 58.780849 -38.232151 1.625291 0.010917 -0.006655 -0.328887 0.944283
1755058429.703578 58.868979 -38.305994 1.623783 0.010992 -0.006750 -0.328552 0.944398
1755058429.803714 58.964573 -38.382702 1.626120 0.010035 -0.007212 -0.327178 0.944882
1755058429.904104 59.062832 -38.460377 1.622483 0.009813 -0.007428 -0.325551 0.945444
1755058430.003681 59.163044 -38.535963 1.631543 0.012595 -0.008200 -0.323799 0.946007
1755058430.103702 59.267523 -38.616658 1.635665 0.011412 -0.007886 -0.321849 0.946690
1755058430.203711 59.366998 -38.696213 1.636973 0.010464 -0.005803 -0.320479 0.947180
1755058430.303560 59.470715 -38.775791 1.635689 0.010961 -0.006581 -0.319240 0.947588
1755058430.403680 59.570131 -38.849166 1.636169 0.011696 -0.007414 -0.317897 0.948024
1755058430.503604 59.662303 -38.922606 1.638042 0.010077 -0.006797 -0.317255 0.948262
1755058430.603692 59.746227 -38.989271 1.641395 0.010866 -0.005886 -0.316646 0.948463
1755058430.703624 59.815175 -39.042103 1.642667 0.011747 -0.005471 -0.315998 0.948671
1755058430.803693 59.872817 -39.083460 1.642275 0.010941 -0.006035 -0.316322 0.948570
1755058430.903722 59.922732 -39.120382 1.650284 0.013507 -0.006878 -0.315977 0.948646
1755058431.003671 59.963598 -39.158254 1.660445 0.013100 -0.006183 -0.315205 0.948913
1755058431.103665 59.993283 -39.185263 1.657716 0.013178 -0.005374 -0.314878 0.949025
1755058431.203539 60.015592 -39.202868 1.653801 0.014179 -0.005373 -0.315946 0.948656
1755058431.303621 60.028212 -39.212331 1.647442 0.013194 -0.005845 -0.315607 0.948780
1755058443.304283 60.040712 -39.223693 1.643732 0.013230 -0.005821 -0.315356 0.948863
1755058447.503883 63.171929 -41.547028 1.717171 0.018719 -0.008561 -0.318809 0.947596
1755058447.603702 63.275382 -41.627718 1.722565 0.020199 -0.008187 -0.318423 0.947698
1755058447.703899 63.392457 -41.727160 1.720806 0.018621 -0.008962 -0.319027 0.947520
1755058447.803953 63.499750 -41.826694 1.734876 0.010805 -0.006617 -0.321211 0.946923
1755058447.903893 63.626735 -41.924917 1.747771 0.012688 -0.007266 -0.321582 0.946769
1755058448.003779 63.745325 -42.009244 1.738999 0.013109 -0.007163 -0.322607 0.946415
1755058448.103913 63.858073 -42.100704 1.739857 0.014007 -0.008143 -0.321742 0.946689
1755058448.204011 63.969132 -42.177586 1.744151 0.016311 -0.009026 -0.322515 0.946381
1755058448.303915 64.080427 -42.258148 1.747489 0.015819 -0.008970 -0.323177 0.946164
1755058448.403744 64.193147 -42.338564 1.750990 0.014881 -0.010751 -0.324318 0.945770
1755058448.503847 64.291928 -42.433940 1.757035 0.015948 -0.010807 -0.324249 0.945776
1755058448.603728 64.389469 -42.518467 1.761508 0.017628 -0.010758 -0.324307 0.945726
1755058448.703978 64.490560 -42.598121 1.759373 0.016188 -0.010189 -0.325914 0.945206
1755058448.803775 64.587887 -42.684346 1.758587 0.018168 -0.011428 -0.326722 0.944877
1755058448.903824 64.690093 -42.769241 1.761366 0.018492 -0.010780 -0.329008 0.944084
1755058449.003727 64.790944 -42.857489 1.759647 0.016648 -0.007894 -0.330478 0.943634
1755058449.103874 64.897678 -42.938606 1.760385 0.018471 -0.007765 -0.331277 0.943321
1755058449.203690 65.003459 -43.021797 1.764130 0.018955 -0.007184 -0.331830 0.943121
1755058449.304149 65.112344 -43.116546 1.766853 0.018758 -0.006579 -0.330238 0.943689
1755058449.403772 65.216001 -43.204597 1.764086 0.016925 -0.005541 -0.328424 0.944362
1755058449.503852 65.328689 -43.291875 1.778610 0.018863 -0.008720 -0.323768 0.945908
1755058449.604061 65.445672 -43.379363 1.788846 0.015163 -0.006316 -0.319703 0.947376
1755058449.703822 65.553287 -43.462413 1.772999 0.014746 -0.006642 -0.317273 0.948196
1755058449.804110 65.654950 -43.541565 1.778074 0.016923 -0.006598 -0.315513 0.948747
1755058449.903643 65.763885 -43.621700 1.789960 0.015854 -0.007426 -0.314417 0.949124
1755058450.003774 65.875211 -43.706981 1.791634 0.015198 -0.008434 -0.312804 0.949659
1755058450.103761 65.987453 -43.787366 1.794898 0.014314 -0.006509 -0.314716 0.949056
1755058450.203782 66.092565 -43.877999 1.791053 0.015226 -0.006271 -0.316925 0.948308
1755058450.303714 66.200967 -43.966887 1.794192 0.017871 -0.006351 -0.321114 0.946851
1755058450.403783 66.300635 -44.047672 1.786553 0.016968 -0.004459 -0.322195 0.946511
1755058450.503600 66.384475 -44.111676 1.790038 0.020240 -0.004047 -0.322800 0.946242
1755058450.603691 66.461352 -44.166991 1.790889 0.019698 -0.003809 -0.323057 0.946167
1755058450.703668 66.526834 -44.220646 1.785843 0.017131 -0.003917 -0.322775 0.946313
1755058450.803729 66.594400 -44.269338 1.787379 0.018117 -0.006326 -0.322302 0.946443
1755058450.903686 66.666355 -44.323371 1.799437 0.019743 -0.010176 -0.321436 0.946671
1755058451.003596 66.742786 -44.384699 1.791503 0.016598 -0.011211 -0.320767 0.946946
1755058451.103641 66.827258 -44.457524 1.794604 0.018982 -0.011063 -0.320047 0.947147
1755058451.203980 66.904596 -44.517974 1.798838 0.015492 -0.008511 -0.319602 0.947387
1755058451.303542 66.976154 -44.574196 1.803565 0.015989 -0.007114 -0.318420 0.947788
1755058451.403669 67.033460 -44.620017 1.810616 0.015747 -0.006239 -0.317869 0.947983
1755058451.503511 67.101188 -44.678140 1.815807 0.014871 -0.005750 -0.317836 0.948012
1755058451.603639 67.164322 -44.727524 1.814351 0.012956 -0.005278 -0.318181 0.947927
1755058451.703660 67.225497 -44.767435 1.814455 0.016584 -0.006442 -0.318234 0.947845
1755058451.803761 67.273240 -44.804258 1.807676 0.017558 -0.006004 -0.317540 0.948063
1755058451.903701 67.305677 -44.825108 1.801139 0.017742 -0.005664 -0.317507 0.948073
1755058452.003686 67.323764 -44.835253 1.802691 0.018514 -0.005956 -0.317900 0.947925
1755058452.203615 67.331024 -44.843778 1.803383 0.017346 -0.006671 -0.317648 0.948027
1755058469.703681 67.339940 -44.840185 1.759844 0.023421 -0.008942 -0.317423 0.947953
1755058469.803714 67.346167 -44.848676 1.764482 0.022965 -0.010139 -0.317296 0.947994
1755058469.903766 67.344600 -44.854691 1.777517 0.020151 -0.008862 -0.317128 0.948127
1755058470.003882 67.343974 -44.856648 1.789667 0.019839 -0.008773 -0.316940 0.948197
1755058470.103563 67.345274 -44.859699 1.792521 0.019290 -0.008512 -0.316436 0.948379
1755058470.203820 67.342310 -44.860437 1.795869 0.017660 -0.008196 -0.315768 0.948637
1755058470.303790 67.346327 -44.868914 1.800536 0.017661 -0.010418 -0.315505 0.948702
1755058470.403743 67.360746 -44.884975 1.806111 0.017104 -0.010939 -0.314082 0.949179
1755058470.503605 67.387977 -44.891158 1.817599 0.015306 -0.010164 -0.314087 0.949216
1755058470.603679 67.419584 -44.912320 1.824690 0.015631 -0.009727 -0.311908 0.949934
1755058470.703708 67.446061 -44.936514 1.812801 0.014331 -0.009158 -0.311742 0.950015
1755058470.803701 67.482065 -44.962417 1.816881 0.016765 -0.009118 -0.310713 0.950312
1755058470.903884 67.513421 -44.989406 1.820888 0.016452 -0.008589 -0.309028 0.950872
1755058471.003763 67.555948 -45.024200 1.823180 0.016654 -0.008641 -0.307505 0.951362
1755058471.103684 67.604569 -45.063448 1.825758 0.017324 -0.007836 -0.305582 0.951976
1755058471.203815 67.680088 -45.108652 1.817215 0.019404 -0.009107 -0.303645 0.952544
1755058471.303755 67.750346 -45.157714 1.816308 0.019475 -0.008512 -0.302818 0.952811
1755058471.403682 67.833340 -45.218026 1.816650 0.017108 -0.008078 -0.302192 0.953059
1755058471.503585 67.918636 -45.278524 1.816166 0.017802 -0.009431 -0.302333 0.952990
1755058471.603734 68.018378 -45.348877 1.833028 0.015963 -0.010135 -0.302536 0.952950
1755058471.703645 68.121481 -45.426091 1.824245 0.013562 -0.010645 -0.302919 0.952860
1755058471.803642 68.229935 -45.498152 1.825140 0.016372 -0.009711 -0.304242 0.952405
1755058471.903547 68.333626 -45.585306 1.824898 0.014679 -0.007850 -0.305131 0.952165
1755058472.003612 68.445382 -45.665084 1.830898 0.016056 -0.006345 -0.307614 0.951355
1755058472.103741 68.554312 -45.750409 1.834555 0.015657 -0.004590 -0.309491 0.950763
1755058472.203448 68.663938 -45.832940 1.829223 0.014552 -0.006477 -0.311554 0.950095
1755058472.303641 68.782739 -45.917516 1.838624 0.017105 -0.008872 -0.313400 0.949426
1755058472.403717 68.899285 -46.009441 1.847040 0.015816 -0.009203 -0.315312 0.948812
1755058472.503702 69.011242 -46.097240 1.836743 0.012195 -0.008306 -0.316616 0.948439
1755058472.603632 69.116984 -46.179567 1.838017 0.016367 -0.010026 -0.317186 0.948169
1755058472.703632 69.230283 -46.267306 1.848410 0.016328 -0.010269 -0.317228 0.948153
1755058472.803640 69.352797 -46.365636 1.841730 0.014860 -0.010334 -0.317216 0.948180
1755058472.903593 69.468424 -46.451385 1.847176 0.020341 -0.013504 -0.315946 0.948463
1755058473.003604 69.592124 -46.546754 1.857012 0.018069 -0.012645 -0.316089 0.948473
1755058473.103580 69.706730 -46.637257 1.856131 0.018278 -0.010726 -0.315965 0.948534
1755058473.203633 69.817834 -46.720561 1.858771 0.016860 -0.008480 -0.316756 0.948319
1755058473.303594 69.927826 -46.804783 1.861987 0.020432 -0.008634 -0.317545 0.947984
1755058473.403672 70.042470 -46.891494 1.866496 0.019729 -0.008567 -0.319938 0.947194
1755058473.503602 70.138592 -46.971766 1.880591 0.022700 -0.008009 -0.320431 0.946966
1755058473.603624 70.231650 -47.053079 1.873452 0.016331 -0.007739 -0.320799 0.946975
1755058473.703626 70.339619 -47.134243 1.888233 0.022117 -0.010160 -0.320638 0.946889
1755058473.803532 70.439885 -47.218393 1.874984 0.017921 -0.008530 -0.320425 0.947066
1755058473.903513 70.544381 -47.296110 1.877344 0.019225 -0.008588 -0.320155 0.947131
1755058474.003846 70.653565 -47.382402 1.876557 0.021255 -0.009542 -0.319332 0.947356
1755058474.103721 70.759953 -47.464540 1.875900 0.020310 -0.009268 -0.318724 0.947585
1755058474.203445 70.864144 -47.544672 1.883830 0.020730 -0.008973 -0.318552 0.947636
1755058474.303443 70.966572 -47.634036 1.880172 0.019281 -0.009415 -0.317006 0.948181
1755058474.403614 71.079644 -47.721072 1.888875 0.020373 -0.009076 -0.314321 0.949055
1755058474.503465 71.193563 -47.804185 1.878083 0.018892 -0.006671 -0.311035 0.950187
1755058474.603563 71.306431 -47.884191 1.880080 0.021586 -0.007855 -0.308114 0.951072
1755058474.703682 71.421591 -47.966483 1.884911 0.019914 -0.008228 -0.306404 0.951658
1755058474.803570 71.546775 -48.058640 1.877194 0.019453 -0.009284 -0.305316 0.952007
1755058474.903564 71.663434 -48.140276 1.890251 0.020463 -0.009094 -0.304971 0.952098
1755058475.003444 71.778108 -48.225579 1.897118 0.017352 -0.011467 -0.304940 0.952144
1755058475.103479 71.888835 -48.311856 1.909434 0.016900 -0.012763 -0.306762 0.951551
1755058475.203463 71.996712 -48.393752 1.910070 0.013996 -0.009717 -0.307668 0.951341
1755058475.303527 72.109440 -48.480580 1.908039 0.012202 -0.010033 -0.308814 0.950991
1755058475.403368 72.222171 -48.562204 1.921317 0.018189 -0.011412 -0.309373 0.950698
1755058475.503495 72.337281 -48.645671 1.912880 0.014405 -0.010038 -0.310458 0.950425
1755058475.603432 72.450053 -48.725178 1.919108 0.017537 -0.008377 -0.311885 0.949921
1755058475.703506 72.558640 -48.808579 1.920876 0.017525 -0.007715 -0.313143 0.949513
1755058475.803460 72.665684 -48.890229 1.922025 0.015466 -0.006914 -0.317413 0.948136
1755058475.903440 72.767866 -48.973702 1.931911 0.017226 -0.006484 -0.322838 0.946275
1755058476.003450 72.878395 -49.076733 1.920367 0.014532 -0.007262 -0.327435 0.944734
1755058476.103437 72.995252 -49.171918 1.931107 0.014401 -0.007864 -0.330399 0.943699
1755058476.203381 73.111668 -49.269947 1.922948 0.012623 -0.008714 -0.330681 0.943618
1755058476.303438 73.223230 -49.352808 1.927063 0.013293 -0.008447 -0.330823 0.943562
1755058476.403481 73.317205 -49.427052 1.936345 0.013749 -0.008652 -0.329163 0.944133
1755058476.503705 73.430644 -49.515164 1.943263 0.011274 -0.008082 -0.325938 0.945289
1755058476.603470 73.543126 -49.601234 1.947082 0.011071 -0.006381 -0.323782 0.946045
1755058476.703312 73.643613 -49.679658 1.944763 0.010441 -0.006183 -0.322033 0.946651
1755058476.803384 73.738184 -49.756335 1.948092 0.013091 -0.005337 -0.321410 0.946834
1755058476.906065 73.818454 -49.820473 1.940838 0.010658 -0.004704 -0.321533 0.946827
1755058477.002087 73.886230 -49.879546 1.945208 0.012404 -0.004929 -0.321499 0.946816
1755058477.103375 73.953063 -49.936714 1.954570 0.013490 -0.006190 -0.320700 0.947065
1755058477.203618 74.017303 -49.983090 1.961613 0.010723 -0.005366 -0.320614 0.947134
1755058477.303201 74.065089 -50.022929 1.966473 0.010181 -0.004916 -0.319808 0.947415
1755058477.406039 74.098398 -50.046887 1.963022 0.010212 -0.005184 -0.320245 0.947266
1755058477.504639 74.120776 -50.064400 1.967030 0.010059 -0.005364 -0.320343 0.947233
1755058477.604679 74.134915 -50.072818 1.970574 0.009213 -0.005095 -0.320874 0.947064
1755058477.701928 74.140882 -50.082692 1.965958 0.007709 -0.004914 -0.320958 0.947049
1755058488.403930 74.157006 -50.091702 1.937533 0.014412 -0.007834 -0.320291 0.947177
1755058488.504351 74.169038 -50.100681 1.933569 0.014304 -0.008509 -0.320501 0.947102
1755058488.603847 74.178259 -50.104516 1.935641 0.015229 -0.009223 -0.320165 0.947194
1755058488.704059 74.185262 -50.109721 1.941790 0.013242 -0.008194 -0.319680 0.947397
1755058488.803954 74.193093 -50.116053 1.942362 0.013226 -0.008218 -0.319241 0.947546
1755058488.903842 74.197387 -50.124071 1.947837 0.013827 -0.008422 -0.318670 0.947727
1755058489.003901 74.204508 -50.133401 1.950297 0.013531 -0.009598 -0.318355 0.947826
1755058489.103903 74.209097 -50.135618 1.963056 0.009634 -0.008794 -0.317730 0.948091
1755058489.203879 74.223791 -50.144764 1.969398 0.009486 -0.010370 -0.316799 0.948389
1755058489.303890 74.239164 -50.153296 1.973032 0.010717 -0.010352 -0.315571 0.948785
1755058489.403872 74.259644 -50.176547 1.967149 0.007800 -0.008818 -0.314105 0.949315
1755058489.503976 74.288494 -50.195450 1.964444 0.008339 -0.009066 -0.312753 0.949755
1755058489.603842 74.325716 -50.218571 1.968164 0.011511 -0.010337 -0.311248 0.950203
1755058489.703960 74.365546 -50.247016 1.965969 0.009995 -0.010622 -0.309578 0.950762
1755058489.803967 74.421871 -50.291078 1.961274 0.011223 -0.011045 -0.307605 0.951384
1755058489.903912 74.487325 -50.333193 1.959238 0.012796 -0.010877 -0.305659 0.951993
1755058490.003841 74.553459 -50.379913 1.957537 0.012141 -0.009426 -0.303991 0.952551
1755058490.103666 74.652937 -50.453290 1.961288 0.010160 -0.007996 -0.302887 0.952939
1755058490.203889 74.747792 -50.520547 1.962145 0.010657 -0.007893 -0.304700 0.952356
1755058490.303696 74.849071 -50.596053 1.963204 0.010489 -0.009800 -0.307646 0.951393
1755058490.403713 74.952375 -50.667797 1.991450 0.012243 -0.010182 -0.306962 0.951588
1755058490.503880 75.071023 -50.757337 2.002340 0.013798 -0.010852 -0.307919 0.951251
1755058490.603700 75.188143 -50.849361 2.013118 0.014781 -0.009409 -0.308348 0.951112
1755058490.703977 75.293382 -50.936520 1.999728 0.011583 -0.007701 -0.311095 0.950277
1755058490.803714 75.405053 -51.021013 1.988394 0.012317 -0.007948 -0.313506 0.949473
1755058490.904128 75.515215 -51.106454 1.995126 0.015545 -0.008579 -0.317565 0.948070
1755058491.003724 75.620317 -51.192046 1.987826 0.010972 -0.007950 -0.323167 0.946245
1755058491.104118 75.730998 -51.280773 2.000518 0.014922 -0.009344 -0.328125 0.944470
1755058491.203755 75.833865 -51.369570 2.009847 0.013561 -0.005642 -0.332238 0.943081
1755058491.303802 75.933423 -51.454051 2.000781 0.014133 -0.005042 -0.334455 0.942292
1755058491.403799 76.030676 -51.534573 2.008324 0.015069 -0.004563 -0.335948 0.941749
1755058491.503774 76.131559 -51.622827 1.995027 0.014282 -0.004456 -0.336967 0.941398
1755058491.603749 76.228532 -51.702921 2.004811 0.017305 -0.004332 -0.337736 0.941072
1755058491.703749 76.324908 -51.785526 2.006435 0.015515 -0.004476 -0.337754 0.941096
1755058491.803670 76.422760 -51.874288 2.007018 0.015304 -0.006195 -0.337135 0.941312
1755058491.903792 76.520576 -51.955084 2.013008 0.014625 -0.007254 -0.336007 0.941718
1755058492.003814 76.634257 -52.054061 2.023858 0.015194 -0.008399 -0.333862 0.942462
1755058492.103664 76.744965 -52.145836 2.030188 0.015291 -0.007925 -0.332870 0.942815
1755058492.203667 76.856921 -52.237706 2.018392 0.014642 -0.006534 -0.331255 0.943405
1755058492.304111 76.975865 -52.333411 2.010848 0.016749 -0.006736 -0.330336 0.943691
1755058492.403724 77.096402 -52.428190 2.019823 0.017176 -0.007642 -0.329135 0.944096
1755058492.503778 77.208945 -52.521185 2.022939 0.016336 -0.008321 -0.327943 0.944520
1755058492.603697 77.314249 -52.607801 2.024381 0.015967 -0.007546 -0.326790 0.944932
1755058492.703724 77.419448 -52.691612 2.029039 0.016507 -0.008512 -0.325319 0.945422
1755058492.803688 77.529389 -52.775793 2.037087 0.016694 -0.009251 -0.324221 0.945789
1755058492.903657 77.633341 -52.862927 2.028027 0.014488 -0.008989 -0.322912 0.946275
1755058493.003592 77.738224 -52.946605 2.025937 0.017385 -0.010935 -0.321908 0.946548
1755058493.103743 77.846427 -53.029924 2.034554 0.018116 -0.010765 -0.320743 0.946932
1755058493.203601 77.953063 -53.117647 2.030436 0.017164 -0.009820 -0.319340 0.947434
1755058493.303558 78.064603 -53.202634 2.038605 0.016749 -0.008923 -0.318818 0.947626
1755058493.403636 78.179744 -53.287865 2.043475 0.019999 -0.009916 -0.319000 0.947492
1755058493.503648 78.291469 -53.374454 2.053370 0.021150 -0.009663 -0.320548 0.946947
1755058493.603927 78.395776 -53.465097 2.045872 0.016939 -0.007900 -0.321737 0.946645
1755058493.703530 78.507127 -53.552592 2.047710 0.019362 -0.009695 -0.321523 0.946654
1755058493.803845 78.626810 -53.637941 2.054527 0.017166 -0.009776 -0.320971 0.946883
1755058493.903802 78.738926 -53.724543 2.052676 0.016354 -0.009894 -0.321986 0.946552
1755058494.003651 78.847147 -53.810953 2.058284 0.016495 -0.008892 -0.324300 0.945769
1755058494.103796 78.949902 -53.897131 2.063004 0.017637 -0.009318 -0.327021 0.944807
1755058494.203503 79.054911 -53.986933 2.069987 0.016084 -0.009240 -0.328798 0.944218
1755058494.303710 79.155858 -54.074137 2.072357 0.014084 -0.008720 -0.330760 0.943570
1755058494.403565 79.266807 -54.165513 2.072950 0.014340 -0.010653 -0.330178 0.943749
1755058494.503636 79.375567 -54.253262 2.082342 0.015239 -0.009747 -0.330064 0.943785
1755058494.603567 79.480955 -54.342098 2.073385 0.014829 -0.008160 -0.329396 0.944040
1755058494.703584 79.589833 -54.428711 2.067409 0.015390 -0.006519 -0.328600 0.944321
1755058494.803625 79.696690 -54.514158 2.073426 0.016872 -0.007843 -0.326974 0.944850
1755058494.903611 79.800089 -54.592289 2.084514 0.018422 -0.007400 -0.326800 0.944885
1755058495.003605 79.901103 -54.674813 2.076312 0.014305 -0.003604 -0.326599 0.945048
1755058495.103420 79.989893 -54.751146 2.074638 0.015165 -0.005210 -0.326463 0.945074
1755058495.203491 80.078810 -54.819780 2.079524 0.015883 -0.006865 -0.325313 0.945448
1755058495.303570 80.160627 -54.881962 2.085768 0.014245 -0.006988 -0.324978 0.945588
1755058495.403579 80.226470 -54.934008 2.088020 0.013706 -0.006642 -0.325131 0.945546
1755058495.503524 80.277284 -54.971219 2.090546 0.013337 -0.006779 -0.325388 0.945462
1755058495.603583 80.314180 -54.995976 2.093984 0.014241 -0.007352 -0.326503 0.945060
1755058495.703513 80.330299 -55.018035 2.098094 0.013954 -0.007724 -0.326001 0.945235
1755058495.803571 80.341493 -55.033203 2.100686 0.012593 -0.006833 -0.326383 0.945129
1755058495.903558 80.343945 -55.035907 2.092211 0.010934 -0.007513 -0.326666 0.945047
1755058508.004172 80.347532 -55.043635 2.089539 0.010961 -0.007520 -0.326511 0.945100
1755058508.704067 80.400409 -55.129300 2.072190 0.010394 -0.011410 -0.323178 0.946212
1755058508.804055 80.449654 -55.116512 2.090361 0.010176 -0.012110 -0.322683 0.946375
1755058508.904032 80.480366 -55.139053 2.089850 0.011058 -0.012401 -0.320667 0.947046
1755058509.004276 80.519212 -55.156354 2.095938 0.012686 -0.013081 -0.320311 0.947137
1755058509.103906 80.547901 -55.179447 2.102183 0.012386 -0.013833 -0.318585 0.947712
1755058509.203955 80.583416 -55.214393 2.109668 0.011508 -0.014273 -0.316829 0.948305
1755058509.304039 80.625212 -55.252039 2.110836 0.010886 -0.014367 -0.315688 0.948692
1755058509.403998 80.677361 -55.294294 2.113156 0.010742 -0.014645 -0.313980 0.949256
1755058509.503935 80.735093 -55.338638 2.112611 0.010486 -0.014876 -0.312346 0.949794
1755058509.603935 80.801607 -55.383939 2.121646 0.010735 -0.014217 -0.311299 0.950145
1755058509.704004 80.886492 -55.449783 2.126949 0.011778 -0.013745 -0.312689 0.949683
1755058509.804015 80.975196 -55.519296 2.120816 0.012102 -0.010993 -0.316375 0.948493
1755058509.904027 81.067799 -55.596036 2.120651 0.013726 -0.009700 -0.319203 0.947537
1755058510.003974 81.166393 -55.670485 2.127635 0.017491 -0.008353 -0.323462 0.946043
1755058510.103924 81.262886 -55.750083 2.112355 0.016320 -0.006586 -0.327450 0.944705
1755058510.203837 81.347526 -55.831586 2.101230 0.020850 -0.006442 -0.331376 0.943246
1755058510.303972 81.451782 -55.909240 2.118787 0.020372 -0.009692 -0.334225 0.942223
1755058510.403782 81.561398 -56.011437 2.128306 0.017617 -0.010245 -0.335360 0.941870
1755058510.503736 81.671296 -56.101398 2.132391 0.016630 -0.010980 -0.337474 0.941124
1755058510.603934 81.774940 -56.187041 2.133017 0.016530 -0.011226 -0.338246 0.940846
1755058510.703950 81.881274 -56.275228 2.137916 0.019476 -0.010765 -0.338731 0.940620
1755058510.803950 81.991670 -56.377929 2.135284 0.017592 -0.010047 -0.339701 0.940315
1755058510.903894 82.109538 -56.473868 2.148934 0.018777 -0.009266 -0.339712 0.940296
1755058511.003875 82.222814 -56.567983 2.148305 0.016725 -0.008340 -0.339112 0.940560
1755058511.103886 82.332043 -56.661235 2.147446 0.019621 -0.009496 -0.338173 0.940831
1755058511.203913 82.438216 -56.752284 2.153443 0.020506 -0.009662 -0.337943 0.940894
1755058511.303854 82.548249 -56.848369 2.153326 0.017192 -0.009020 -0.337174 0.941242
1755058511.403842 82.656529 -56.939205 2.159186 0.020715 -0.009695 -0.335594 0.941729
1755058511.503906 82.759080 -57.027498 2.151235 0.017642 -0.009647 -0.333844 0.942414
1755058511.603889 82.858330 -57.106553 2.164968 0.023986 -0.009852 -0.330407 0.943482
1755058511.703881 82.962325 -57.188723 2.154572 0.018412 -0.009829 -0.326882 0.944835
1755058511.804011 83.071795 -57.269734 2.158882 0.021578 -0.010036 -0.323220 0.946025
1755058511.903851 83.176081 -57.356680 2.167762 0.021110 -0.010090 -0.320536 0.946947
1755058512.003732 83.277769 -57.444520 2.152502 0.017030 -0.009896 -0.318043 0.947872
1755058512.103667 83.386010 -57.516210 2.175056 0.023048 -0.011266 -0.314439 0.948931
1755058512.203663 83.500298 -57.607784 2.168280 0.018798 -0.010557 -0.311501 0.950001
1755058512.303714 83.614969 -57.694929 2.174585 0.022395 -0.009160 -0.308166 0.951025
1755058512.403848 83.736951 -57.771046 2.177821 0.019390 -0.008061 -0.305117 0.952083
1755058512.503765 83.844784 -57.853650 2.169396 0.019537 -0.008398 -0.302187 0.953011
1755058512.603852 83.956621 -57.929036 2.176575 0.021750 -0.009763 -0.299532 0.953788
1755058512.703677 84.086344 -58.023500 2.173734 0.015131 -0.009646 -0.296112 0.954985
1755058512.803900 84.198606 -58.101390 2.194850 0.021162 -0.011389 -0.293449 0.955673
1755058512.903765 84.325974 -58.189336 2.194459 0.015783 -0.009946 -0.292647 0.956038
1755058513.003816 84.451906 -58.279002 2.195768 0.013926 -0.010022 -0.293211 0.955894
1755058513.103808 84.567319 -58.359562 2.204155 0.012525 -0.008978 -0.297170 0.954700
1755058513.203697 84.679862 -58.438122 2.217872 0.013282 -0.010317 -0.304031 0.952514
1755058513.303764 84.783255 -58.522669 2.206814 0.009457 -0.011252 -0.312245 0.949888
1755058513.403657 84.886265 -58.609292 2.217188 0.014580 -0.012284 -0.319373 0.947437
1755058513.503762 84.985296 -58.688559 2.213343 0.013751 -0.009913 -0.323805 0.945972
1755058513.603748 85.083973 -58.772194 2.205544 0.013415 -0.008758 -0.326740 0.944978
1755058513.703720 85.174505 -58.848448 2.209885 0.017045 -0.008639 -0.328485 0.944316
1755058513.803693 85.285011 -58.930045 2.219867 0.015789 -0.009031 -0.329328 0.944041
1755058513.903635 85.379283 -59.015567 2.224487 0.014049 -0.008508 -0.330162 0.943781
1755058514.003629 85.490384 -59.106243 2.233744 0.016225 -0.008548 -0.329965 0.943815
1755058514.103726 85.600901 -59.195227 2.230964 0.013849 -0.007352 -0.329683 0.943961
1755058514.203662 85.715747 -59.287085 2.230925 0.015723 -0.007637 -0.328757 0.944253
1755058514.303562 85.834569 -59.385249 2.226291 0.016127 -0.007176 -0.328781 0.944241
1755058514.403604 85.950997 -59.480190 2.230362 0.016423 -0.007280 -0.327604 0.944644
1755058514.503690 86.073210 -59.578353 2.230564 0.015666 -0.007263 -0.326474 0.945048
1755058514.603573 86.188749 -59.670256 2.237611 0.015715 -0.007263 -0.325418 0.945412
1755058514.703651 86.286794 -59.750051 2.239711 0.016078 -0.007158 -0.324895 0.945586
1755058514.803625 86.368674 -59.818544 2.237925 0.013923 -0.006168 -0.325609 0.945382
1755058514.903445 86.448086 -59.883076 2.240988 0.017109 -0.008154 -0.324813 0.945588
1755058515.003686 86.527594 -59.943160 2.247715 0.016968 -0.008295 -0.324550 0.945680
1755058515.103696 86.598304 -60.000831 2.246396 0.015763 -0.008304 -0.324385 0.945757
1755058515.203599 86.659296 -60.048581 2.245439 0.016104 -0.008820 -0.324209 0.945807
1755058515.303674 86.715670 -60.083967 2.239848 0.016798 -0.009604 -0.324401 0.945722
1755058515.403481 86.758437 -60.118621 2.242571 0.018047 -0.010117 -0.324625 0.945617
1755058515.503524 86.783998 -60.146714 2.243121 0.017454 -0.010050 -0.323964 0.945855
1755058515.603546 86.799885 -60.157281 2.243461 0.018134 -0.010435 -0.324882 0.945523
1755058515.703599 86.801553 -60.161240 2.241744 0.017139 -0.010523 -0.324849 0.945552
1755058528.604072 86.798035 -60.174290 2.251938 0.015371 -0.012167 -0.325964 0.945179
1755058528.703977 86.798289 -60.184654 2.255735 0.015381 -0.012204 -0.325599 0.945304
1755058528.804084 86.798165 -60.195401 2.259614 0.015368 -0.012236 -0.325223 0.945433
1755058528.904039 86.813591 -60.181654 2.259026 0.015673 -0.011893 -0.323988 0.945857
1755058529.004115 86.819135 -60.183903 2.261651 0.015693 -0.011901 -0.323517 0.946017
1755058529.104123 86.824259 -60.186236 2.264206 0.015693 -0.011947 -0.323050 0.946176
1755058529.204052 86.821170 -60.179707 2.255337 0.016337 -0.012282 -0.322612 0.946310
1755058529.304040 86.820504 -60.181707 2.252473 0.015920 -0.012720 -0.321779 0.946596
1755058529.403854 86.831701 -60.191187 2.251571 0.015579 -0.012936 -0.320908 0.946894
1755058529.503897 86.846932 -60.206849 2.245206 0.014900 -0.014239 -0.319822 0.947253
1755058529.604064 86.865940 -60.220781 2.250550 0.015044 -0.014828 -0.318216 0.947783
1755058529.703988 86.888143 -60.235462 2.254633 0.016428 -0.014170 -0.316744 0.948263
1755058529.803860 86.919416 -60.253557 2.250837 0.015238 -0.014194 -0.315888 0.948568
1755058529.904074 86.953076 -60.280074 2.250109 0.013641 -0.013765 -0.315082 0.948866
1755058530.004056 87.000988 -60.312584 2.255664 0.015701 -0.015014 -0.312938 0.949525
1755058530.103996 87.053657 -60.351688 2.261942 0.015544 -0.014245 -0.311255 0.950093
1755058530.203963 87.113342 -60.399620 2.260067 0.017233 -0.014040 -0.309250 0.950721
1755058530.304027 87.180864 -60.456394 2.262343 0.018447 -0.014483 -0.306742 0.951504
1755058530.403787 87.253627 -60.503887 2.266289 0.019254 -0.013811 -0.304855 0.952104
1755058530.503884 87.342928 -60.571413 2.269065 0.017774 -0.012662 -0.303154 0.952692
1755058530.603988 87.443540 -60.642243 2.270093 0.017449 -0.013175 -0.301590 0.953187
1755058530.703988 87.558604 -60.720538 2.271696 0.019792 -0.015414 -0.299880 0.953647
1755058530.803977 87.678910 -60.806410 2.275737 0.019412 -0.014624 -0.299335 0.953839
1755058530.904006 87.788671 -60.887938 2.277074 0.020527 -0.013774 -0.300529 0.953452
1755058531.003923 87.893063 -60.959656 2.268210 0.020683 -0.011850 -0.301906 0.953040
1755058531.103899 87.997277 -61.038364 2.270118 0.020134 -0.010818 -0.302515 0.952871
1755058531.203991 88.100847 -61.122846 2.271379 0.017455 -0.010531 -0.302821 0.952829
1755058531.303862 88.217422 -61.202568 2.301330 0.019887 -0.012131 -0.302600 0.952833
1755058531.403963 88.318142 -61.276056 2.296654 0.016261 -0.010770 -0.301764 0.953183
1755058531.503958 88.430536 -61.361440 2.303002 0.016685 -0.010402 -0.301115 0.953385
1755058531.604025 88.543441 -61.446935 2.308264 0.016650 -0.008093 -0.299318 0.953974
1755058531.704311 88.652389 -61.530700 2.313076 0.017798 -0.007942 -0.298316 0.954268
1755058531.803699 88.773044 -61.603794 2.295751 0.017805 -0.008387 -0.298102 0.954331
1755058531.903953 88.897424 -61.686576 2.295294 0.018356 -0.008376 -0.299499 0.953883
1755058532.003762 89.019031 -61.772281 2.310262 0.018542 -0.006992 -0.302293 0.953009
1755058532.103850 89.136456 -61.854205 2.317846 0.018679 -0.009554 -0.305859 0.951846
1755058532.203839 89.251518 -61.934550 2.326565 0.017744 -0.010713 -0.310106 0.950476
1755058532.303889 89.352232 -62.033564 2.336940 0.015227 -0.009287 -0.312307 0.949814
1755058532.403943 89.466208 -62.125264 2.346040 0.015832 -0.008282 -0.313962 0.949267
1755058532.503809 89.571869 -62.209551 2.333109 0.011635 -0.008907 -0.315684 0.948751
1755058532.603895 89.680318 -62.295145 2.334697 0.011624 -0.010858 -0.314793 0.949027
1755058532.703646 89.786323 -62.379600 2.336221 0.011792 -0.009498 -0.314438 0.949157
1755058532.803852 89.903583 -62.456537 2.341231 0.013528 -0.011364 -0.314496 0.949094
1755058532.903879 90.013083 -62.537769 2.344111 0.016358 -0.011937 -0.312992 0.949540
1755058533.003754 90.121314 -62.612246 2.339067 0.016405 -0.010015 -0.310896 0.950250
1755058533.104158 90.231873 -62.690511 2.337821 0.016816 -0.008828 -0.307654 0.951309
1755058533.203716 90.333831 -62.771525 2.339152 0.018684 -0.009849 -0.306071 0.951774
1755058533.303730 90.448072 -62.859836 2.349856 0.020979 -0.012477 -0.304560 0.952180
1755058533.403746 90.561920 -62.944031 2.353921 0.020997 -0.010350 -0.303151 0.952655
1755058533.504127 90.682966 -63.037153 2.350259 0.017195 -0.009187 -0.301985 0.953113
1755058533.603784 90.798388 -63.122287 2.360866 0.020778 -0.008931 -0.300796 0.953420
1755058533.703747 90.910969 -63.201198 2.353386 0.020039 -0.008053 -0.299458 0.953865
1755058533.803709 91.025545 -63.278180 2.351408 0.020601 -0.009667 -0.297812 0.954353
1755058533.903905 91.139231 -63.354763 2.356955 0.022571 -0.011824 -0.297540 0.954369
1755058534.003641 91.250580 -63.431421 2.357503 0.020897 -0.011951 -0.297120 0.954537
1755058534.103908 91.375262 -63.522797 2.372516 0.021657 -0.011362 -0.297096 0.954535
1755058534.203682 91.491625 -63.607922 2.376564 0.020332 -0.010411 -0.298054 0.954276
1755058534.303697 91.610501 -63.695012 2.380039 0.021188 -0.010831 -0.298684 0.954056
1755058534.403828 91.710876 -63.774196 2.378696 0.020570 -0.009541 -0.299874 0.953709
1755058534.503675 91.811123 -63.844817 2.374373 0.021705 -0.009226 -0.301334 0.953227
1755058534.603638 91.926689 -63.924331 2.383054 0.023884 -0.009906 -0.304193 0.952260
1755058534.703650 92.038781 -64.009345 2.381477 0.021501 -0.010105 -0.307934 0.951111
1755058534.803690 92.155982 -64.103894 2.381630 0.022463 -0.010340 -0.312778 0.949504
1755058534.903618 92.262798 -64.188810 2.396719 0.022723 -0.009321 -0.317876 0.947814
1755058535.003623 92.368427 -64.278241 2.388161 0.021881 -0.010737 -0.322354 0.946305
1755058535.103960 92.472459 -64.362309 2.396316 0.022655 -0.010200 -0.326645 0.944820
1755058535.203700 92.575097 -64.448682 2.391912 0.021533 -0.009544 -0.329473 0.943871
1755058535.303691 92.673580 -64.534375 2.397125 0.022502 -0.008997 -0.332087 0.942937
1755058535.403645 92.779853 -64.618198 2.404570 0.022795 -0.008824 -0.332206 0.942890
1755058535.503738 92.887120 -64.701993 2.406707 0.020944 -0.009299 -0.332335 0.942883
1755058535.603679 92.989433 -64.787189 2.397088 0.019737 -0.008610 -0.331694 0.943141
1755058535.703719 93.091054 -64.873856 2.400518 0.022325 -0.010089 -0.331559 0.943116
1755058535.803637 93.203576 -64.962146 2.404723 0.021408 -0.011047 -0.331349 0.943201
1755058535.903950 93.317807 -65.055454 2.411667 0.023051 -0.011288 -0.329981 0.943639
1755058536.003634 93.429042 -65.149062 2.415421 0.021120 -0.010383 -0.329715 0.943787
1755058536.103588 93.540696 -65.244405 2.420894 0.021078 -0.009884 -0.328695 0.944149
1755058536.203828 93.662232 -65.341005 2.424475 0.020358 -0.008411 -0.327890 0.944459
1755058536.303573 93.775481 -65.435357 2.428441 0.018653 -0.007411 -0.327105 0.944775
1755058536.403592 93.886583 -65.527679 2.431995 0.019459 -0.008310 -0.326294 0.945032
1755058536.503622 93.996884 -65.609248 2.434785 0.018353 -0.008810 -0.325563 0.945301
1755058536.603592 94.094986 -65.685535 2.430058 0.017309 -0.007723 -0.324641 0.945647
1755058536.703493 94.184637 -65.760463 2.432511 0.020548 -0.006083 -0.324379 0.945685
1755058536.803580 94.271955 -65.824528 2.435198 0.020341 -0.004945 -0.324356 0.945703
1755058536.903571 94.352315 -65.885414 2.431360 0.022076 -0.005767 -0.323308 0.946019
1755058537.003572 94.420475 -65.942174 2.425464 0.021579 -0.005358 -0.322659 0.946254
1755058537.103509 94.473028 -65.984069 2.424161 0.022324 -0.005536 -0.323024 0.946111
1755058537.203463 94.521271 -66.024522 2.426255 0.021397 -0.005356 -0.322394 0.946349
1755058537.303608 94.560958 -66.055039 2.432409 0.021823 -0.005687 -0.322844 0.946183
1755058537.403542 94.585028 -66.075543 2.438696 0.021824 -0.005869 -0.323052 0.946112
1755058537.503460 94.594335 -66.088203 2.442082 0.020638 -0.005156 -0.323292 0.946060
1755058537.703459 94.605683 -66.099745 2.440177 0.018848 -0.005711 -0.323154 0.946141
1755058551.204076 94.635135 -66.137911 2.424812 0.021443 -0.007012 -0.323667 0.945902
1755058551.303940 94.654805 -66.164458 2.418354 0.021392 -0.007036 -0.323488 0.945964
1755058551.403981 94.682423 -66.167755 2.429048 0.019779 -0.006705 -0.322563 0.946318
1755058551.804011 94.703631 -66.173019 2.430360 0.020520 -0.007736 -0.323214 0.946072
1755058551.903892 94.715678 -66.178930 2.434761 0.020400 -0.007182 -0.322680 0.946261
1755058552.003935 94.721424 -66.180201 2.438422 0.019907 -0.007283 -0.322481 0.946339
1755058552.103788 94.718419 -66.181456 2.438350 0.020176 -0.007272 -0.322062 0.946476
1755058552.203967 94.712261 -66.182359 2.438630 0.019429 -0.007005 -0.321809 0.946579
1755058552.303873 94.707096 -66.177340 2.437691 0.019887 -0.006877 -0.321312 0.946740
1755058552.403849 94.702735 -66.174041 2.436212 0.019124 -0.006906 -0.320754 0.946944
1755058552.503909 94.698139 -66.167265 2.435713 0.020009 -0.007781 -0.320023 0.947167
1755058552.603845 94.695558 -66.167266 2.443057 0.018904 -0.009197 -0.319359 0.947400
1755058552.703864 94.707443 -66.176670 2.446540 0.019006 -0.008762 -0.318504 0.947690
1755058552.803911 94.728374 -66.192417 2.449501 0.019001 -0.008230 -0.316600 0.948333
1755058552.903809 94.753421 -66.212926 2.453390 0.019237 -0.007840 -0.315904 0.948564
1755058553.003787 94.785308 -66.237219 2.457288 0.018887 -0.007327 -0.312883 0.949576
1755058553.103943 94.822865 -66.266236 2.462152 0.018619 -0.008123 -0.311012 0.950189
1755058553.203767 94.876965 -66.303149 2.442876 0.018317 -0.008802 -0.309881 0.950558
1755058553.304258 94.932193 -66.345296 2.442986 0.019128 -0.007942 -0.308291 0.951067
1755058553.403713 94.999727 -66.390663 2.441382 0.020874 -0.008961 -0.306993 0.951441
1755058553.503834 95.067097 -66.439213 2.439849 0.019583 -0.008750 -0.304682 0.952213
1755058553.603806 95.150423 -66.499790 2.444223 0.019768 -0.008310 -0.301392 0.953259
1755058553.703876 95.246435 -66.564185 2.449076 0.019188 -0.008738 -0.297961 0.954345
1755058553.803724 95.346256 -66.637309 2.445840 0.016082 -0.008926 -0.295294 0.955229
1755058553.903807 95.455043 -66.709114 2.448975 0.019984 -0.012922 -0.292826 0.955869
1755058554.003853 95.568894 -66.781209 2.459871 0.018163 -0.012204 -0.291219 0.956406
1755058554.103763 95.675249 -66.851849 2.465668 0.017656 -0.012763 -0.291937 0.956189
1755058554.203771 95.777743 -66.932729 2.465835 0.016654 -0.011102 -0.290513 0.956662
1755058554.303833 95.892462 -67.007396 2.467345 0.016672 -0.010524 -0.292148 0.956170
1755058554.404108 96.013213 -67.093259 2.466422 0.015935 -0.010255 -0.293831 0.955670
1755058554.503750 96.129749 -67.170699 2.473484 0.019544 -0.011996 -0.296880 0.954639
1755058554.603635 96.245974 -67.254077 2.464941 0.019858 -0.012252 -0.300217 0.953586
1755058554.703748 96.364207 -67.347487 2.472320 0.022749 -0.011034 -0.305120 0.951978
1755058554.803737 96.472091 -67.434199 2.476378 0.020186 -0.009832 -0.310295 0.950375
1755058554.903790 96.577751 -67.521417 2.481098 0.022019 -0.010474 -0.313580 0.949249
1755058555.003870 96.688950 -67.604706 2.484294 0.019285 -0.009382 -0.315467 0.948694
1755058555.103767 96.797190 -67.686174 2.484958 0.018480 -0.009291 -0.315927 0.948558
1755058555.203591 96.908646 -67.775667 2.489546 0.020183 -0.009465 -0.316987 0.948168
1755058555.303596 97.027744 -67.868148 2.490281 0.019680 -0.011055 -0.318193 0.947757
1755058555.403635 97.145296 -67.959584 2.499551 0.018739 -0.010911 -0.318554 0.947657
1755058555.503620 97.253732 -68.048983 2.504085 0.020433 -0.011843 -0.316907 0.948162
1755058555.603616 97.363614 -68.128860 2.510619 0.019239 -0.011816 -0.314692 0.948925
1755058555.703710 97.475197 -68.213231 2.517596 0.019212 -0.011887 -0.313029 0.949475
1755058555.803624 97.589063 -68.293999 2.512045 0.017649 -0.011926 -0.309720 0.950589
1755058555.903775 97.697999 -68.373969 2.513508 0.019266 -0.012644 -0.306006 0.951751
1755058556.003570 97.801055 -68.454103 2.503173 0.017144 -0.011659 -0.303116 0.952728
1755058556.103634 97.911404 -68.536768 2.517411 0.020723 -0.012291 -0.299081 0.953924
1755058556.203878 98.034851 -68.625183 2.521514 0.019921 -0.012227 -0.296140 0.954858
1755058556.303629 98.157943 -68.704627 2.527873 0.020986 -0.012927 -0.294129 0.955448
1755058556.403624 98.262167 -68.781332 2.529380 0.020138 -0.012573 -0.291875 0.956162
1755058556.503711 98.361796 -68.851869 2.528218 0.020498 -0.012871 -0.290437 0.956588
1755058556.603666 98.475888 -68.924510 2.535316 0.023871 -0.014064 -0.287922 0.957253
1755058556.703685 98.601648 -69.005894 2.536028 0.021192 -0.013804 -0.287708 0.957384
1755058556.803524 98.719900 -69.084244 2.541320 0.021386 -0.013011 -0.287305 0.957512
1755058556.903580 98.825863 -69.166572 2.546949 0.022065 -0.013230 -0.288427 0.957156
1755058557.003694 98.942870 -69.246937 2.561009 0.022843 -0.014068 -0.291686 0.956138
1755058557.103621 99.049803 -69.327586 2.557200 0.021577 -0.012963 -0.293766 0.955546
1755058557.203740 99.159932 -69.405683 2.548670 0.021365 -0.013091 -0.297050 0.954533
1755058557.303506 99.263523 -69.478680 2.553578 0.023782 -0.012955 -0.299681 0.953655
1755058557.403536 99.373837 -69.557954 2.563445 0.023213 -0.013245 -0.302334 0.952827
1755058557.503583 99.479325 -69.638741 2.552896 0.018698 -0.011024 -0.303823 0.952481
1755058557.603559 99.587614 -69.720230 2.559433 0.022703 -0.011762 -0.303436 0.952509
1755058557.703558 99.699308 -69.799164 2.571834 0.023100 -0.011019 -0.303780 0.952398
1755058557.803580 99.810745 -69.880453 2.574843 0.021393 -0.009550 -0.302205 0.952955
1755058557.903496 99.920955 -69.960511 2.572781 0.020539 -0.009840 -0.302663 0.952826
1755058558.003632 100.028707 -70.037740 2.585205 0.024009 -0.011097 -0.301523 0.953092
1755058558.103647 100.148814 -70.126588 2.566057 0.015484 -0.013885 -0.300851 0.953444
1755058558.203504 100.266299 -70.209272 2.574410 0.022500 -0.015392 -0.300102 0.953518
1755058558.303544 100.386299 -70.299496 2.592314 0.021179 -0.013068 -0.298625 0.954046
1755058558.403385 100.514770 -70.391137 2.585626 0.015011 -0.011397 -0.297679 0.954480
1755058558.503524 100.632447 -70.471145 2.588132 0.018259 -0.012319 -0.296317 0.954836
1755058558.603524 100.741469 -70.544436 2.581323 0.018598 -0.013845 -0.295512 0.955057
1755058558.703850 100.849696 -70.619924 2.617453 0.021830 -0.015494 -0.294569 0.955255
1755058558.803546 100.960275 -70.694298 2.631301 0.018828 -0.012697 -0.294017 0.955530
1755058558.903515 101.058665 -70.769341 2.612261 0.016280 -0.007883 -0.293653 0.955741
1755058559.003521 101.146931 -70.836708 2.611004 0.019875 -0.007680 -0.292585 0.956002
1755058559.103324 101.234974 -70.895477 2.622418 0.020436 -0.008838 -0.292420 0.956031
1755058559.203485 101.318039 -70.948399 2.623106 0.020051 -0.008168 -0.291851 0.956219
1755058559.303289 101.374913 -70.989976 2.615513 0.018243 -0.006388 -0.291511 0.956372
1755058559.403561 101.419616 -71.023307 2.613505 0.019938 -0.008779 -0.291620 0.956286
1755058559.503537 101.460915 -71.047808 2.616103 0.018835 -0.009326 -0.292743 0.955960
1755058559.603285 101.497103 -71.070993 2.612929 0.019701 -0.010292 -0.293244 0.955779
1755058559.703266 101.514608 -71.084668 2.611123 0.020062 -0.010420 -0.292597 0.955968
1755058559.803486 101.524736 -71.085969 2.611724 0.020709 -0.011720 -0.293098 0.955786
1755058570.404262 101.538571 -71.094144 2.611316 0.020686 -0.011707 -0.292810 0.955875
1755058572.503999 102.601319 -71.935758 2.627703 0.020999 -0.010801 -0.321443 0.946635
1755058572.704006 102.850308 -72.083787 2.650847 0.023658 -0.006178 -0.323897 0.945777
1755058572.804177 102.950671 -72.170795 2.636672 0.020271 -0.004606 -0.325770 0.945221
1755058572.904143 103.047582 -72.247351 2.639750 0.021063 -0.005439 -0.327081 0.944746
1755058573.004038 103.148521 -72.317620 2.649075 0.021923 -0.009257 -0.328369 0.944250
1755058573.103845 103.247884 -72.395213 2.654241 0.022423 -0.010848 -0.329228 0.943922
1755058573.204044 103.345483 -72.479995 2.657719 0.021278 -0.010292 -0.331136 0.943287
1755058573.303849 103.451007 -72.568430 2.658444 0.018373 -0.010342 -0.332735 0.942785
1755058573.403939 103.550445 -72.657203 2.664636 0.019994 -0.010636 -0.333973 0.942311
1755058573.503889 103.657297 -72.742562 2.666330 0.020740 -0.009805 -0.334977 0.941947
1755058573.604010 103.758448 -72.832471 2.669205 0.021235 -0.009904 -0.335607 0.941710
1755058573.703851 103.863155 -72.927046 2.674203 0.017806 -0.009727 -0.336355 0.941517
1755058573.804026 103.975253 -73.013267 2.666374 0.019491 -0.010836 -0.335744 0.941689
1755058573.903931 104.079071 -73.106323 2.676950 0.020076 -0.011976 -0.334998 0.941929
1755058574.003818 104.188950 -73.195794 2.682621 0.018198 -0.012923 -0.334804 0.942023
1755058574.103892 104.299888 -73.288607 2.685626 0.018049 -0.011992 -0.333704 0.942429
1755058574.203822 104.404188 -73.383569 2.681538 0.017993 -0.010554 -0.330874 0.943444
1755058574.303851 104.523398 -73.467714 2.690934 0.018978 -0.009695 -0.327438 0.944632
1755058574.403796 104.639210 -73.555638 2.690756 0.016845 -0.008610 -0.322898 0.946245
1755058574.503916 104.754959 -73.642114 2.689439 0.017838 -0.009108 -0.320568 0.947014
1755058574.603858 104.877548 -73.733541 2.694534 0.020372 -0.009643 -0.318773 0.947563
1755058574.703869 104.993810 -73.824875 2.693770 0.016804 -0.009739 -0.318430 0.947747
1755058574.803798 105.099277 -73.916508 2.698922 0.017546 -0.009514 -0.318015 0.947876
1755058574.903618 105.218381 -74.009850 2.701064 0.018608 -0.010080 -0.318304 0.947752
1755058575.003807 105.342383 -74.102386 2.720576 0.018616 -0.010283 -0.317443 0.948039
1755058575.103899 105.454388 -74.193125 2.709772 0.016243 -0.009357 -0.316370 0.948450
1755058575.203681 105.559464 -74.266570 2.702553 0.018171 -0.011274 -0.315279 0.948758
1755058575.303979 105.666230 -74.347918 2.721186 0.020468 -0.012821 -0.313845 0.949167
1755058575.403697 105.754839 -74.415818 2.719563 0.016398 -0.012462 -0.313516 0.949359
1755058575.503879 105.851150 -74.495381 2.716533 0.016320 -0.011364 -0.312069 0.949851
1755058575.603881 105.952863 -74.567669 2.723204 0.019012 -0.010824 -0.311044 0.950144
1755058575.703837 106.058203 -74.643166 2.731051 0.019885 -0.010256 -0.312892 0.949525
1755058575.803742 106.162873 -74.729974 2.725421 0.017110 -0.008883 -0.316014 0.948559
1755058575.903865 106.269470 -74.817029 2.723661 0.017492 -0.009216 -0.320507 0.947040
1755058576.003736 106.374703 -74.904200 2.736758 0.019646 -0.010606 -0.324266 0.945702
1755058576.103699 106.489606 -74.996180 2.739564 0.017338 -0.010782 -0.325985 0.945155
1755058576.203683 106.599661 -75.087175 2.732761 0.014602 -0.009254 -0.326835 0.944923
1755058576.303705 106.707990 -75.175562 2.743360 0.015961 -0.008758 -0.326690 0.944956
1755058576.403679 106.827490 -75.264621 2.754703 0.016871 -0.009444 -0.326566 0.944977
1755058576.503623 106.932367 -75.346425 2.759550 0.015057 -0.008251 -0.325352 0.945437
1755058576.603631 107.038749 -75.429754 2.749083 0.012625 -0.009482 -0.324594 0.945722
1755058576.703654 107.139279 -75.510150 2.771956 0.017326 -0.011213 -0.324168 0.945774
1755058576.803675 107.239574 -75.591006 2.768805 0.013838 -0.009183 -0.323798 0.945980
1755058576.903536 107.319176 -75.663747 2.760027 0.013392 -0.007573 -0.323762 0.946014
1755058577.003705 107.392822 -75.727788 2.763309 0.018841 -0.008251 -0.323780 0.945909
1755058577.103630 107.472803 -75.783039 2.764368 0.018445 -0.008340 -0.323204 0.946113
1755058577.203933 107.551437 -75.837217 2.760905 0.017655 -0.007121 -0.322567 0.946355
1755058577.303639 107.616659 -75.885204 2.759191 0.018322 -0.005418 -0.323187 0.946142
1755058577.403619 107.661989 -75.931912 2.760985 0.019195 -0.005252 -0.322540 0.946346
1755058577.503693 107.695850 -75.963769 2.764147 0.016800 -0.005570 -0.322667 0.946347
1755058577.603614 107.726473 -75.976251 2.772844 0.015947 -0.005544 -0.323242 0.946166
1755058577.803605 107.745525 -75.993451 2.776835 0.014077 -0.005771 -0.323628 0.946062
1755058591.304163 107.768906 -76.009791 2.748083 0.019923 -0.007891 -0.323031 0.946146
1755058591.404184 107.791487 -76.029312 2.736563 0.019900 -0.007916 -0.322800 0.946225
1755058591.504148 107.799562 -76.033615 2.744294 0.019258 -0.008197 -0.322679 0.946277
1755058591.604063 107.809068 -76.039234 2.753068 0.017951 -0.008122 -0.322307 0.946430
1755058591.704150 107.813158 -76.042972 2.756729 0.018701 -0.008259 -0.321764 0.946599
1755058591.804379 107.812044 -76.041819 2.758224 0.018028 -0.008037 -0.321219 0.946799
1755058591.904068 107.805948 -76.040379 2.761142 0.016806 -0.008646 -0.320684 0.946998
1755058592.004027 107.814394 -76.050735 2.764115 0.017126 -0.010217 -0.319921 0.947234
1755058592.104016 107.824154 -76.066006 2.773971 0.014805 -0.011579 -0.318420 0.947764
1755058592.204139 107.841427 -76.070974 2.777258 0.014368 -0.011006 -0.318004 0.947916
1755058592.303987 107.864196 -76.087664 2.781871 0.015097 -0.011670 -0.316138 0.948521
1755058592.403976 107.892780 -76.108733 2.787351 0.014050 -0.013058 -0.316571 0.948375
1755058592.503981 107.918858 -76.126921 2.787084 0.014750 -0.012161 -0.314293 0.949134
1755058592.604105 107.956253 -76.154819 2.790489 0.014611 -0.012151 -0.312752 0.949645
1755058592.704310 107.999967 -76.186539 2.793194 0.013481 -0.010615 -0.311389 0.950128
1755058592.803990 108.051777 -76.230525 2.791419 0.013697 -0.010433 -0.309053 0.950889
1755058592.904056 108.113582 -76.276881 2.779747 0.013986 -0.008944 -0.306818 0.951623
1755058593.004038 108.192261 -76.329399 2.775012 0.018114 -0.009255 -0.304632 0.952253
1755058593.104001 108.291646 -76.394110 2.776512 0.020125 -0.011279 -0.303571 0.952529
1755058593.204017 108.396382 -76.469751 2.775778 0.019801 -0.010056 -0.302222 0.952979
1755058593.303953 108.503322 -76.546158 2.775691 0.020017 -0.010583 -0.301564 0.953177
1755058593.404068 108.595355 -76.616995 2.778529 0.020619 -0.011174 -0.301435 0.953198
1755058593.503906 108.685665 -76.684076 2.778620 0.020864 -0.010532 -0.301279 0.953250
1755058593.604009 108.801357 -76.770791 2.784427 0.022317 -0.010323 -0.301044 0.953293
1755058593.704008 108.909329 -76.852310 2.787647 0.021946 -0.010014 -0.302025 0.952995
1755058593.803966 109.019092 -76.937736 2.790442 0.021048 -0.008749 -0.303901 0.952431
1755058593.903971 109.140625 -77.026448 2.787982 0.017364 -0.007258 -0.303895 0.952520
1755058594.004056 109.245421 -77.109475 2.789742 0.017749 -0.010306 -0.306119 0.951772
1755058594.103885 109.360079 -77.189504 2.794890 0.016945 -0.009841 -0.307102 0.951475
1755058594.203966 109.467584 -77.270648 2.798111 0.016192 -0.009936 -0.309788 0.950616
1755058594.303897 109.591609 -77.364629 2.813818 0.014500 -0.011220 -0.312658 0.949689
1755058594.403876 109.712223 -77.453483 2.814117 0.014176 -0.010492 -0.315186 0.948866
1755058594.503913 109.834713 -77.541342 2.822589 0.017411 -0.010702 -0.318423 0.947728
1755058594.603907 109.947322 -77.634223 2.818894 0.015631 -0.009709 -0.321181 0.946839
1755058594.703868 110.057618 -77.724229 2.823268 0.018699 -0.009767 -0.323639 0.945946
1755058594.803925 110.164217 -77.815253 2.828483 0.017867 -0.008702 -0.325093 0.945473
1755058594.903686 110.279146 -77.900550 2.830260 0.017733 -0.007913 -0.325389 0.945381
1755058595.003927 110.381166 -77.994926 2.827062 0.015354 -0.005855 -0.324689 0.945678
1755058595.103749 110.481370 -78.075909 2.830292 0.018455 -0.005933 -0.321939 0.946562
1755058595.203912 110.591793 -78.152119 2.828718 0.016350 -0.006700 -0.317587 0.948065
1755058595.303856 110.707251 -78.232125 2.832863 0.017858 -0.005809 -0.313468 0.949413
1755058595.403793 110.819526 -78.314467 2.821252 0.013296 -0.007384 -0.310111 0.950579
1755058595.503881 110.927600 -78.396601 2.832346 0.015014 -0.011111 -0.308719 0.950970
1755058595.603855 111.039005 -78.476810 2.847468 0.013808 -0.012684 -0.307442 0.951382
1755058595.703779 111.151585 -78.555916 2.853296 0.011431 -0.012291 -0.307183 0.951502
1755058595.803732 111.263574 -78.645003 2.859796 0.010545 -0.011617 -0.309169 0.950878
1755058595.903848 111.375451 -78.732752 2.862035 0.012261 -0.011657 -0.311773 0.950006
1755058596.003813 111.484835 -78.818067 2.863199 0.011376 -0.010868 -0.314994 0.948963
1755058596.103745 111.584589 -78.901613 2.863294 0.011796 -0.011431 -0.318220 0.947875
1755058596.203721 111.681889 -78.983244 2.874414 0.015155 -0.011335 -0.320478 0.947067
1755058596.303710 111.794227 -79.066705 2.868689 0.014337 -0.010403 -0.321191 0.946849
1755058596.403803 111.903624 -79.153333 2.860935 0.015631 -0.009499 -0.321344 0.946786
1755058596.503710 112.018954 -79.238370 2.869440 0.020899 -0.010441 -0.320027 0.947120
1755058596.603776 112.136796 -79.328269 2.879368 0.017998 -0.008794 -0.319250 0.947459
1755058596.703809 112.266599 -79.430888 2.878815 0.016215 -0.007655 -0.318420 0.947780
1755058596.803719 112.377116 -79.519529 2.883681 0.016562 -0.008233 -0.317364 0.948124
1755058596.903714 112.505975 -79.620111 2.891846 0.015608 -0.008861 -0.316497 0.948424
1755058597.003834 112.634760 -79.714293 2.895938 0.014258 -0.008868 -0.316619 0.948404
1755058597.103693 112.745742 -79.808052 2.890047 0.010806 -0.008709 -0.317076 0.948298
1755058597.203677 112.854753 -79.891823 2.905972 0.014931 -0.009539 -0.318589 0.947727
1755058597.303722 112.971312 -79.974152 2.912133 0.014104 -0.009676 -0.318279 0.947843
1755058597.403799 113.077253 -80.058359 2.906986 0.013114 -0.007695 -0.317905 0.948001
1755058597.503701 113.174447 -80.137372 2.909088 0.016008 -0.009154 -0.317211 0.948176
1755058597.603881 113.276400 -80.212090 2.910098 0.017436 -0.008925 -0.316163 0.948503
1755058597.703703 113.371528 -80.285379 2.902462 0.015695 -0.007528 -0.315539 0.948753
1755058597.803625 113.465484 -80.359022 2.889591 0.016094 -0.006970 -0.314516 0.949090
1755058597.903678 113.567889 -80.433006 2.906469 0.020197 -0.008604 -0.312866 0.949544
1755058598.003590 113.675784 -80.513254 2.905149 0.020081 -0.008058 -0.311688 0.949938
1755058598.103553 113.784298 -80.595375 2.901309 0.019770 -0.007875 -0.310746 0.950255
1755058598.203660 113.907489 -80.682575 2.909350 0.022081 -0.009208 -0.309430 0.950621
1755058598.303674 114.026307 -80.777789 2.913829 0.021132 -0.011091 -0.308403 0.950956
1755058598.403719 114.142847 -80.868696 2.920951 0.018588 -0.009220 -0.308053 0.951143
1755058598.503517 114.245174 -80.953577 2.915309 0.017592 -0.007906 -0.307263 0.951429
1755058598.603643 114.343928 -81.026394 2.918339 0.020118 -0.008507 -0.306638 0.951576
1755058598.703675 114.433467 -81.085726 2.924268 0.021222 -0.008462 -0.306431 0.951619
1755058598.803606 114.507439 -81.142513 2.919372 0.019286 -0.006837 -0.305784 0.951881
1755058598.903473 114.560615 -81.184143 2.924885 0.019275 -0.006535 -0.305555 0.951957
1755058599.003594 114.615483 -81.220690 2.932329 0.020683 -0.007545 -0.305619 0.951899
1755058599.103724 114.662834 -81.251984 2.939061 0.022650 -0.008011 -0.305851 0.951776
1755058599.203498 114.697007 -81.280636 2.938629 0.022515 -0.008149 -0.305465 0.951902
1755058599.303619 114.711027 -81.295838 2.942136 0.022145 -0.008061 -0.305747 0.951821
1755058599.403622 114.713868 -81.299446 2.939518 0.021396 -0.007908 -0.306141 0.951713
1755058599.503652 114.714615 -81.300246 2.932267 0.021734 -0.008464 -0.306327 0.951640
1755058610.304113 114.714372 -81.294798 2.896007 0.030601 -0.011299 -0.305767 0.951547
1755058610.404307 114.713572 -81.295578 2.878868 0.030578 -0.011312 -0.305560 0.951615
1755058610.504289 114.734296 -81.300142 2.878686 0.032514 -0.013936 -0.304733 0.951781
1755058610.604281 114.735093 -81.306360 2.892806 0.028266 -0.011959 -0.304897 0.951891
1755058610.704096 114.731631 -81.307930 2.904154 0.027663 -0.011922 -0.304669 0.951982
1755058610.804214 114.728298 -81.311016 2.913935 0.024699 -0.011605 -0.304506 0.952119
1755058610.904277 114.724267 -81.307390 2.920066 0.024950 -0.010853 -0.303849 0.952331
1755058611.004222 114.718962 -81.302509 2.920970 0.025225 -0.011011 -0.303582 0.952408
1755058611.104203 114.716890 -81.302469 2.919458 0.024818 -0.010916 -0.303239 0.952529
1755058611.204084 114.715342 -81.299879 2.917619 0.025472 -0.011280 -0.302777 0.952654
1755058611.304093 114.714179 -81.297951 2.914457 0.025325 -0.011398 -0.302204 0.952839
1755058611.404121 114.710829 -81.294683 2.914432 0.024424 -0.011667 -0.301462 0.953094
1755058611.504008 114.714272 -81.295774 2.923941 0.024942 -0.013389 -0.301102 0.953172
1755058611.604118 114.722138 -81.305063 2.928944 0.021891 -0.012775 -0.300515 0.953440
1755058611.704208 114.748217 -81.317637 2.932062 0.021954 -0.013194 -0.299313 0.953811
1755058611.804162 114.769026 -81.344031 2.931179 0.022967 -0.012240 -0.297607 0.954334
1755058611.904040 114.805039 -81.360800 2.925796 0.021624 -0.012080 -0.296280 0.954780
1755058612.003971 114.852087 -81.380801 2.924679 0.022133 -0.013350 -0.295881 0.954875
1755058612.103935 114.898744 -81.405887 2.923034 0.021156 -0.014305 -0.293939 0.955483
1755058612.204078 114.944796 -81.452916 2.933352 0.021678 -0.015494 -0.292123 0.956009
1755058612.304329 115.000882 -81.494175 2.935441 0.021924 -0.013392 -0.291557 0.956208
1755058612.404053 115.057393 -81.534920 2.937945 0.022331 -0.013026 -0.293129 0.955723
1755058612.504077 115.110078 -81.574200 2.940392 0.021897 -0.013749 -0.293634 0.955568
1755058612.604063 115.161394 -81.614487 2.942287 0.022165 -0.013208 -0.294523 0.955296
1755058612.704059 115.212799 -81.654493 2.945158 0.022039 -0.012453 -0.295625 0.954969
1755058612.804103 115.285546 -81.688839 2.946860 0.022448 -0.013313 -0.294784 0.955207
1755058612.904095 115.339296 -81.726703 2.949789 0.022650 -0.012936 -0.295301 0.955048
1755058613.004030 115.396255 -81.768893 2.941347 0.022503 -0.012550 -0.296525 0.954677
1755058613.104049 115.456639 -81.811348 2.946900 0.022169 -0.012678 -0.297699 0.954318
1755058613.204020 115.525174 -81.859843 2.951652 0.021953 -0.012324 -0.299846 0.953655
1755058613.304042 115.592089 -81.908481 2.955006 0.022431 -0.012451 -0.306842 0.951414
1755058613.404344 115.650653 -81.960341 2.957171 0.020915 -0.012453 -0.309998 0.950426
1755058613.503995 115.711687 -82.009976 2.961333 0.022119 -0.013497 -0.315454 0.948587
1755058613.604047 115.776880 -82.058495 2.969678 0.022339 -0.012402 -0.320995 0.946736
1755058613.703992 115.849941 -82.121975 2.961424 0.019228 -0.011483 -0.324067 0.945769
1755058613.803913 115.917435 -82.172886 2.966184 0.022050 -0.012058 -0.325702 0.945138
1755058613.903903 116.006910 -82.238788 2.973117 0.021579 -0.012765 -0.328127 0.944301
1755058614.004034 116.085816 -82.309382 2.965002 0.020297 -0.012539 -0.330262 0.943588
1755058614.104011 116.171499 -82.382086 2.964679 0.019931 -0.011004 -0.331530 0.943170
1755058614.204040 116.263655 -82.467845 2.964929 0.020423 -0.013567 -0.333944 0.942274
1755058614.303984 116.368514 -82.555232 2.968401 0.020430 -0.012852 -0.335408 0.941764
1755058614.403821 116.467803 -82.641963 2.969279 0.020356 -0.011768 -0.335010 0.941921
1755058614.504002 116.567445 -82.721239 2.977243 0.020370 -0.011423 -0.335541 0.941736
1755058614.603764 116.664295 -82.800211 2.984811 0.021124 -0.012125 -0.335241 0.941817
1755058614.703894 116.762527 -82.884445 2.993257 0.021611 -0.013271 -0.335038 0.941863
1755058614.803965 116.866027 -82.973194 3.002439 0.021114 -0.013555 -0.334416 0.942091
1755058614.903986 116.981882 -83.072736 3.011970 0.019825 -0.012004 -0.333743 0.942379
1755058615.004130 117.100137 -83.173456 2.998774 0.017857 -0.010790 -0.332434 0.942896
1755058615.103933 117.222600 -83.273333 3.007204 0.020811 -0.011491 -0.330863 0.943379
1755058615.203921 117.342528 -83.369509 3.011116 0.020638 -0.009578 -0.327919 0.944432
1755058615.304035 117.455807 -83.451653 3.008041 0.020472 -0.008951 -0.326085 0.945076
1755058615.403940 117.566075 -83.541752 3.019962 0.019482 -0.009162 -0.323398 0.946018
1755058615.503984 117.678309 -83.631839 3.028159 0.019013 -0.009721 -0.320548 0.946991
1755058615.603881 117.794495 -83.719555 3.024691 0.018905 -0.010162 -0.318404 0.947712
1755058615.703948 117.900033 -83.799202 3.021469 0.019334 -0.009909 -0.316392 0.948380
1755058615.803887 118.007617 -83.878992 3.025808 0.021123 -0.010853 -0.314198 0.949060
1755058615.904002 118.111370 -83.955887 3.024555 0.021595 -0.011488 -0.312351 0.949652
1755058616.003902 118.212636 -84.035011 3.021624 0.019357 -0.011720 -0.310774 0.950214
1755058616.103857 118.314678 -84.110049 3.033763 0.020860 -0.012637 -0.309115 0.950712
1755058616.203906 118.414234 -84.186885 3.036709 0.016313 -0.012485 -0.307880 0.951204
1755058616.303693 118.511709 -84.262721 3.034705 0.016019 -0.013436 -0.306284 0.951711
1755058616.403902 118.610505 -84.338378 3.035872 0.015847 -0.013128 -0.304820 0.952188
1755058616.503843 118.708599 -84.400774 3.046297 0.015996 -0.013210 -0.304018 0.952440
1755058616.603833 118.805993 -84.472310 3.048948 0.015248 -0.012960 -0.304433 0.952324
1755058616.703865 118.904832 -84.544010 3.047372 0.017003 -0.014245 -0.307658 0.951239
1755058616.803827 119.000376 -84.615668 3.055154 0.018281 -0.014403 -0.310846 0.950175
1755058616.903839 119.101449 -84.693886 3.058237 0.017364 -0.015074 -0.316395 0.948349
1755058617.003816 119.205222 -84.780033 3.065495 0.020562 -0.014553 -0.322238 0.946324
1755058617.103702 119.302077 -84.873011 3.064181 0.021685 -0.012683 -0.328043 0.944329
1755058617.203870 119.400863 -84.963007 3.060076 0.020589 -0.010825 -0.332248 0.942905
1755058617.303954 119.508916 -85.048934 3.061444 0.022706 -0.009852 -0.332962 0.942615
1755058617.403725 119.610735 -85.130915 3.054004 0.023314 -0.009177 -0.333593 0.942384
1755058617.503569 119.703159 -85.208680 3.054714 0.025939 -0.009547 -0.333661 0.942288
1755058617.603689 119.806638 -85.290767 3.073575 0.025769 -0.011467 -0.332714 0.942606
1755058617.703822 119.912006 -85.377522 3.078319 0.023440 -0.011265 -0.330882 0.943314
1755058617.803698 120.014585 -85.458368 3.086867 0.023655 -0.010602 -0.328662 0.944092
1755058617.903652 120.111380 -85.539817 3.076527 0.021608 -0.009923 -0.327652 0.944499
1755058618.003776 120.208646 -85.618329 3.081745 0.025057 -0.011032 -0.325949 0.944991
1755058618.104018 120.324074 -85.702963 3.079738 0.023773 -0.012103 -0.325327 0.945225
1755058618.203690 120.420303 -85.785255 3.078675 0.022861 -0.012542 -0.324911 0.945385
1755058618.303642 120.518517 -85.864713 3.088149 0.023738 -0.014336 -0.325237 0.945226
1755058618.403610 120.607788 -85.938896 3.096358 0.020064 -0.014180 -0.324460 0.945580
1755058618.503675 120.706553 -86.015507 3.101346 0.021372 -0.012961 -0.324162 0.945671
1755058618.603839 120.783553 -86.082670 3.096804 0.022120 -0.009950 -0.324775 0.945480
1755058618.703714 120.851307 -86.140107 3.086613 0.021007 -0.007863 -0.324208 0.945720
1755058618.803828 120.929886 -86.192463 3.085127 0.027360 -0.010257 -0.323169 0.945890
1755058618.903565 120.997561 -86.241237 3.085356 0.027300 -0.009234 -0.322866 0.946006
1755058619.003711 121.052453 -86.280610 3.080677 0.027841 -0.008228 -0.322678 0.946063
1755058619.103633 121.093481 -86.319757 3.081939 0.028266 -0.007209 -0.321913 0.946320
1755058619.203688 121.124425 -86.341715 3.083576 0.028292 -0.007031 -0.321713 0.946388
1755058619.303645 121.143394 -86.357471 3.084023 0.027149 -0.006690 -0.321651 0.946445
1755058619.403658 121.153863 -86.366759 3.080335 0.028178 -0.007451 -0.320870 0.946675
1755058619.503674 121.161292 -86.369432 3.078729 0.030250 -0.008349 -0.320507 0.946726
1755058619.603705 121.166563 -86.376490 3.086312 0.028179 -0.009075 -0.319772 0.947032
1755058619.703625 121.162496 -86.376139 3.088223 0.026300 -0.008342 -0.319481 0.947191
1755058619.803560 121.156955 -86.366176 3.097620 0.025191 -0.007732 -0.320474 0.946891
1755058619.903677 121.129826 -86.374779 3.099237 0.026127 -0.008613 -0.319896 0.947053
1755058630.503244 121.114582 -86.369739 3.107133 0.022712 -0.008583 -0.323781 0.945821
1755058630.602920 121.098403 -86.369012 3.112936 0.022705 -0.008581 -0.323692 0.945851
1755058630.703012 121.101370 -86.348662 3.108413 0.022671 -0.008327 -0.323040 0.946077
1755058630.802860 121.101521 -86.336039 3.102649 0.024509 -0.008965 -0.322962 0.946052
1755058630.902910 121.099485 -86.329530 3.099217 0.024372 -0.008990 -0.322925 0.946068
1755058631.003241 121.098568 -86.327016 3.095546 0.024766 -0.009293 -0.322982 0.946035
1755058631.102865 121.098972 -86.331659 3.092657 0.023413 -0.009602 -0.322481 0.946238
1755058631.203242 121.108901 -86.342243 3.105263 0.024741 -0.011378 -0.320817 0.946750
1755058631.302928 121.129125 -86.354174 3.107011 0.021926 -0.011154 -0.319951 0.947115
1755058631.405579 121.160106 -86.378122 3.108067 0.022075 -0.011661 -0.319168 0.947369
1755058631.504184 121.194617 -86.404658 3.111065 0.020832 -0.012136 -0.319970 0.947121
1755058631.601532 121.230334 -86.433129 3.114038 0.020654 -0.012348 -0.319586 0.947252
1755058631.702931 121.269131 -86.470371 3.110538 0.019933 -0.012454 -0.318947 0.947481
1755058631.802804 121.313192 -86.501228 3.111827 0.020210 -0.013147 -0.317904 0.947816
1755058631.902882 121.372766 -86.547080 3.115297 0.020087 -0.013322 -0.316680 0.948226
1755058632.005508 121.441984 -86.599651 3.114861 0.016990 -0.012914 -0.316602 0.948318
1755058632.104274 121.513526 -86.652170 3.114643 0.017556 -0.013215 -0.316931 0.948194
1755058632.204236 121.595121 -86.714440 3.119206 0.018164 -0.014409 -0.317321 0.948035
1755058632.301410 121.692529 -86.787925 3.119431 0.016437 -0.014507 -0.317477 0.948012
1755058632.402758 121.798465 -86.868125 3.125234 0.019497 -0.014218 -0.317682 0.947890
1755058632.502903 121.898012 -86.948537 3.134508 0.018417 -0.011802 -0.318284 0.947743
1755058632.602823 122.004719 -87.035150 3.123000 0.015260 -0.011071 -0.318456 0.947750
1755058632.702704 122.111965 -87.120251 3.138253 0.019586 -0.010005 -0.318143 0.947788
1755058632.802688 122.219666 -87.206709 3.137269 0.015212 -0.007344 -0.318809 0.947668
1755058632.902843 122.331594 -87.289768 3.141820 0.017112 -0.008408 -0.318967 0.947574
1755058633.005543 122.451614 -87.381208 3.137423 0.016500 -0.008821 -0.318695 0.947673
1755058633.104049 122.569282 -87.466576 3.137078 0.018333 -0.009166 -0.319255 0.947447
1755058633.204102 122.678244 -87.550413 3.145120 0.019251 -0.008700 -0.319789 0.947253
1755058633.303979 122.796613 -87.641056 3.146384 0.020018 -0.010479 -0.321121 0.946769
1755058633.404011 122.909278 -87.735768 3.152101 0.021088 -0.010394 -0.322635 0.946231
1755058633.504107 123.015569 -87.827061 3.146965 0.017526 -0.008296 -0.323094 0.946168
1755058633.601381 123.126783 -87.913568 3.154912 0.018431 -0.007767 -0.323100 0.946153
1755058633.705456 123.243092 -88.006120 3.152019 0.017709 -0.007139 -0.322590 0.946346
1755058633.803909 123.354195 -88.093836 3.152728 0.019693 -0.007185 -0.322728 0.946260
1755058633.904250 123.459068 -88.176509 3.158728 0.020637 -0.007048 -0.323808 0.945871
1755058634.003999 123.564057 -88.261327 3.158692 0.019199 -0.008476 -0.323670 0.945937
1755058634.104072 123.666364 -88.343241 3.162414 0.019678 -0.009015 -0.324116 0.945770
1755058634.204027 123.763296 -88.428121 3.163714 0.018693 -0.008595 -0.324564 0.945640
1755058634.303938 123.871197 -88.510472 3.171274 0.019905 -0.009079 -0.325846 0.945170
1755058634.404085 123.980296 -88.598640 3.168399 0.019601 -0.009157 -0.326111 0.945084
1755058634.503897 124.084706 -88.685685 3.165469 0.019446 -0.009445 -0.326312 0.945015
1755058634.603965 124.190612 -88.772160 3.184523 0.021340 -0.009905 -0.326606 0.944868
1755058634.703948 124.304039 -88.851783 3.188714 0.019494 -0.011407 -0.326955 0.944770
1755058634.804080 124.403663 -88.941903 3.191874 0.020684 -0.011844 -0.329507 0.943852
1755058634.903908 124.507209 -89.038866 3.188779 0.020569 -0.011928 -0.330541 0.943492
1755058635.004049 124.620440 -89.126870 3.193279 0.020666 -0.012457 -0.330113 0.943633
1755058635.104014 124.727859 -89.216434 3.189804 0.020844 -0.012583 -0.329557 0.943822
1755058635.203991 124.844367 -89.319393 3.179517 0.021124 -0.013199 -0.327476 0.944531
1755058635.304038 124.973733 -89.400269 3.197132 0.023480 -0.014355 -0.323463 0.945841
1755058635.403897 125.080939 -89.486381 3.198835 0.020122 -0.014690 -0.320666 0.946864
1755058635.504009 125.184771 -89.567703 3.209270 0.019884 -0.015006 -0.319880 0.947131
1755058635.603837 125.286899 -89.652512 3.212552 0.020307 -0.014230 -0.319060 0.947410
1755058635.704015 125.405584 -89.743951 3.218683 0.021147 -0.014851 -0.317404 0.947938
1755058635.803879 125.520228 -89.833293 3.225986 0.020748 -0.013160 -0.316672 0.948217
1755058635.903931 125.627269 -89.924205 3.212210 0.018657 -0.012293 -0.315841 0.948549
1755058636.003937 125.738199 -90.002762 3.221811 0.023231 -0.012990 -0.314868 0.948762
1755058636.103944 125.842805 -90.080457 3.224876 0.020036 -0.012008 -0.314023 0.949128
1755058636.203786 125.944963 -90.160273 3.226285 0.018957 -0.013080 -0.313262 0.949387
1755058636.303860 126.050912 -90.242351 3.233664 0.021160 -0.013823 -0.312457 0.949596
1755058636.403915 126.169779 -90.325498 3.236437 0.019198 -0.014669 -0.310781 0.950174
1755058636.503929 126.280318 -90.407239 3.245984 0.018312 -0.013730 -0.310527 0.950289
1755058636.603898 126.388719 -90.496797 3.237297 0.014951 -0.012972 -0.310018 0.950525
1755058636.704035 126.501979 -90.576606 3.249223 0.018113 -0.013833 -0.309226 0.950715
1755058636.804217 126.615076 -90.658641 3.257277 0.018618 -0.012483 -0.307920 0.951148
1755058636.903850 126.728033 -90.741551 3.252696 0.016950 -0.010994 -0.307878 0.951211
1755058637.003871 126.818723 -90.812576 3.263106 0.021451 -0.008113 -0.307743 0.951193
1755058637.103768 126.904257 -90.874319 3.256518 0.019765 -0.007889 -0.307331 0.951365
1755058637.203867 126.978976 -90.932000 3.250065 0.021681 -0.008063 -0.306928 0.951451
1755058637.303910 127.047471 -90.981585 3.246050 0.021674 -0.007753 -0.306764 0.951507
1755058637.403837 127.105876 -91.019626 3.250354 0.023554 -0.007694 -0.306335 0.951601
1755058637.503918 127.145692 -91.053917 3.253748 0.022674 -0.007806 -0.305296 0.951955
1755058637.603833 127.180951 -91.086210 3.251214 0.022544 -0.007637 -0.303848 0.952423
1755058637.703787 127.214790 -91.105936 3.253500 0.022447 -0.007825 -0.303388 0.952570
1755058637.803813 127.232665 -91.115461 3.256577 0.022124 -0.007748 -0.302446 0.952878
1755058637.903843 127.242245 -91.124150 3.261770 0.020559 -0.008205 -0.301587 0.953182
1755058638.003798 127.248425 -91.124474 3.263937 0.023722 -0.009421 -0.302226 0.952895
1755058638.103843 127.242826 -91.137045 3.264605 0.020489 -0.009564 -0.301891 0.953074
1755058650.702976 127.243255 -91.146297 3.266016 0.020466 -0.009532 -0.301715 0.953131
1755058652.402773 127.612264 -91.590165 3.309272 0.016700 -0.015818 -0.286027 0.957945
1755058652.502860 127.780235 -91.524492 3.284682 0.017695 -0.016550 -0.287107 0.957592
1755058652.602851 127.879571 -91.576217 3.283260 0.018469 -0.016527 -0.285518 0.958053
1755058652.702693 127.981306 -91.633805 3.285140 0.017876 -0.015331 -0.284992 0.958241
1755058652.802799 128.087313 -91.699808 3.289731 0.020431 -0.015229 -0.283850 0.958530
1755058652.902842 128.193188 -91.773937 3.294424 0.017574 -0.012242 -0.284858 0.958330
1755058653.002799 128.299309 -91.855044 3.294041 0.019508 -0.010648 -0.285412 0.958147
1755058653.103172 128.400291 -91.931722 3.294926 0.020094 -0.009651 -0.286232 0.957901
1755058653.202847 128.508685 -91.998005 3.289788 0.018353 -0.008679 -0.288250 0.957340
1755058653.302727 128.620072 -92.064579 3.294899 0.019839 -0.008659 -0.291526 0.956318
1755058653.402813 128.730765 -92.141124 3.293243 0.019873 -0.009130 -0.296071 0.954916
1755058653.502810 128.842841 -92.220723 3.305808 0.020914 -0.009279 -0.302679 0.952818
1755058653.602669 128.954522 -92.305919 3.303518 0.017963 -0.008719 -0.310707 0.950296
1755058653.702683 129.061937 -92.402772 3.305258 0.020612 -0.008853 -0.317807 0.947890
1755058653.802731 129.167133 -92.489843 3.318855 0.022934 -0.008594 -0.323953 0.945756
1755058653.902696 129.273647 -92.575219 3.315875 0.020939 -0.007478 -0.326663 0.944879
1755058654.003075 129.376201 -92.664327 3.318157 0.025388 -0.007828 -0.327957 0.944319
1755058654.105446 129.465856 -92.743774 3.310634 0.024679 -0.007903 -0.328413 0.944179
1755058654.204161 129.565628 -92.809744 3.309643 0.025882 -0.010471 -0.327877 0.944308
1755058654.304192 129.653841 -92.901705 3.312737 0.024401 -0.012229 -0.326123 0.944933
1755058654.401608 129.767448 -92.985230 3.337054 0.025631 -0.014836 -0.323217 0.945861
1755058654.502758 129.881939 -93.070988 3.339037 0.022875 -0.012105 -0.318596 0.947537
1755058654.605384 129.999852 -93.154926 3.335838 0.021158 -0.010202 -0.313830 0.949189
1755058654.704050 130.116336 -93.239651 3.338102 0.023313 -0.009170 -0.309579 0.950544
1755058654.804034 130.226288 -93.324453 3.330675 0.023766 -0.009614 -0.307917 0.951068
1755058654.904042 130.338955 -93.407223 3.342721 0.026169 -0.011339 -0.305640 0.951720
1755058655.004024 130.444253 -93.485677 3.346586 0.022941 -0.011410 -0.304201 0.952263
1755058655.101270 130.545097 -93.560864 3.355358 0.026165 -0.013516 -0.302778 0.952606
1755058655.205355 130.661217 -93.648173 3.346592 0.021286 -0.012272 -0.301423 0.953174
1755058655.303987 130.758689 -93.719721 3.347869 0.022032 -0.012249 -0.299222 0.953851
1755058655.404000 130.856362 -93.788629 3.353905 0.022563 -0.011655 -0.297388 0.954419
1755058655.504047 130.954159 -93.856374 3.355214 0.023342 -0.012624 -0.295913 0.954846
1755058655.604114 131.067803 -93.930187 3.361286 0.024682 -0.013316 -0.294714 0.955174
1755058655.703956 131.175627 -94.005541 3.364566 0.023454 -0.012598 -0.293091 0.955714
1755058655.804008 131.280855 -94.079674 3.368718 0.022701 -0.012044 -0.291841 0.956122
1755058655.904016 131.377323 -94.149289 3.369246 0.020632 -0.011753 -0.290328 0.956633
1755058656.004006 131.477439 -94.219836 3.377595 0.018566 -0.010912 -0.289059 0.957069
1755058656.103984 131.574099 -94.283895 3.378126 0.017533 -0.010728 -0.288271 0.957328
1755058656.204090 131.678557 -94.346157 3.390633 0.020772 -0.011272 -0.287883 0.957374
1755058656.303976 131.779538 -94.416207 3.385890 0.017762 -0.011046 -0.288895 0.957132
1755058656.403999 131.887955 -94.489412 3.390472 0.017292 -0.011330 -0.291049 0.956485
1755058656.503928 131.989314 -94.563445 3.389146 0.017824 -0.012031 -0.292771 0.955941
1755058656.603833 132.102156 -94.636243 3.390106 0.016347 -0.011572 -0.294808 0.955347
1755058656.703919 132.203989 -94.708937 3.390177 0.018435 -0.013986 -0.294963 0.955228
1755058656.803791 132.302454 -94.780683 3.397102 0.019384 -0.015556 -0.295535 0.955009
1755058656.903979 132.413084 -94.854404 3.395433 0.016646 -0.015141 -0.294890 0.955266
1755058657.003792 132.513995 -94.928947 3.404454 0.021017 -0.017397 -0.294005 0.955414
1755058657.103862 132.602484 -94.996379 3.415872 0.019345 -0.016971 -0.293586 0.955586
1755058657.203967 132.695001 -95.066775 3.423715 0.019107 -0.016333 -0.292419 0.955960
1755058657.304018 132.790769 -95.134602 3.430315 0.017581 -0.014053 -0.292141 0.956110
1755058657.403879 132.892354 -95.203515 3.422386 0.015789 -0.012874 -0.292479 0.956055
1755058657.503702 132.995302 -95.269345 3.426373 0.019377 -0.013615 -0.294636 0.955316
1755058657.604004 133.087932 -95.337576 3.428217 0.019684 -0.013841 -0.296896 0.954607
1755058657.703751 133.190139 -95.408364 3.428888 0.019803 -0.012677 -0.299589 0.953779
1755058657.803761 133.289663 -95.486910 3.429223 0.020700 -0.012772 -0.299596 0.953756
1755058657.903872 133.385791 -95.553513 3.437589 0.020795 -0.012646 -0.299904 0.953659
1755058658.003952 133.478910 -95.616144 3.439913 0.021486 -0.012066 -0.299509 0.953775
1755058658.103856 133.572554 -95.686231 3.436336 0.020139 -0.011538 -0.298561 0.954108
1755058658.203861 133.666647 -95.755284 3.440260 0.022242 -0.011962 -0.298286 0.954142
1755058658.303899 133.772536 -95.830383 3.437953 0.019352 -0.009600 -0.298072 0.954299
1755058658.403875 133.853353 -95.889264 3.440088 0.018048 -0.007074 -0.297334 0.954577
1755058658.503806 133.927186 -95.936327 3.446689 0.019783 -0.007596 -0.296980 0.954648
1755058658.603881 133.990603 -95.986240 3.451667 0.018052 -0.006535 -0.296861 0.954728
1755058658.703757 134.052423 -96.037682 3.455681 0.023981 -0.008635 -0.295873 0.954887
1755058658.803685 134.092803 -96.059269 3.451348 0.019016 -0.006827 -0.297179 0.954608
1755058658.903825 134.110259 -96.076808 3.458931 0.020270 -0.006918 -0.295645 0.955058
1755058659.003593 134.112125 -96.074422 3.460443 0.018890 -0.006772 -0.295575 0.955109
1755058659.203699 134.117039 -96.068704 3.459194 0.017318 -0.007960 -0.296290 0.954908
1755058670.503069 134.120472 -96.063831 3.435157 0.023365 -0.010109 -0.296517 0.954688
1755058670.603150 134.113064 -96.060167 3.428193 0.022237 -0.010834 -0.297092 0.954528
1755058670.703097 134.101818 -96.056313 3.431835 0.021254 -0.010613 -0.296400 0.954769
1755058670.802904 134.091007 -96.051385 3.433560 0.022015 -0.010591 -0.296355 0.954765
1755058670.903136 134.083337 -96.051541 3.436884 0.020190 -0.010290 -0.296010 0.954916
1755058671.003132 134.082345 -96.052111 3.440490 0.020627 -0.010330 -0.295336 0.955115
1755058671.103132 134.081987 -96.051695 3.441584 0.019887 -0.011043 -0.294625 0.955342
1755058671.203009 134.089179 -96.053658 3.448892 0.020945 -0.013363 -0.294180 0.955427
1755058671.302942 134.095072 -96.059807 3.455768 0.021068 -0.014084 -0.293034 0.955766
1755058671.403073 134.113931 -96.070358 3.457020 0.017870 -0.012819 -0.292370 0.956052
1755058671.503101 134.129661 -96.084746 3.458149 0.019162 -0.013495 -0.290687 0.956531
1755058671.602967 134.157477 -96.106013 3.458956 0.019354 -0.013767 -0.289383 0.956919
1755058671.703026 134.201248 -96.130361 3.458114 0.017418 -0.013450 -0.288299 0.957288
1755058671.803052 134.254797 -96.163274 3.460499 0.016585 -0.013413 -0.287868 0.957432
1755058671.902913 134.316185 -96.200447 3.456682 0.016763 -0.013199 -0.287747 0.957469
1755058672.002928 134.386190 -96.247105 3.462457 0.016849 -0.013706 -0.289448 0.956947
1755058672.102972 134.469498 -96.306040 3.466474 0.019186 -0.014995 -0.291658 0.956213
1755058672.202955 134.556578 -96.371594 3.463580 0.015732 -0.012600 -0.295385 0.955166
1755058672.302827 134.656676 -96.442082 3.466833 0.015107 -0.011405 -0.298857 0.954110
1755058672.403020 134.758957 -96.517358 3.466547 0.015943 -0.010742 -0.303667 0.952584
1755058672.502934 134.865417 -96.596111 3.464836 0.018895 -0.011574 -0.308997 0.950805
1755058672.602970 134.959955 -96.672436 3.467270 0.016640 -0.009596 -0.315238 0.948818
1755058672.703007 135.042988 -96.750578 3.465531 0.015743 -0.009254 -0.321692 0.946668
1755058672.802943 135.135862 -96.827727 3.473517 0.014364 -0.010174 -0.326455 0.945049
1755058672.902956 135.236739 -96.907071 3.488685 0.016049 -0.010856 -0.328443 0.944325
1755058673.002907 135.336348 -96.986177 3.488767 0.012365 -0.009993 -0.330132 0.943801
1755058673.102895 135.435752 -97.079132 3.494975 0.013692 -0.009658 -0.332469 0.942965
1755058673.205512 135.532814 -97.161092 3.489504 0.010468 -0.007962 -0.333037 0.942822
1755058673.304283 135.641088 -97.246029 3.493930 0.013486 -0.009422 -0.334320 0.942316
1755058673.401564 135.749920 -97.330417 3.497846 0.013888 -0.009878 -0.335581 0.941857
1755058673.503022 135.858027 -97.420247 3.496592 0.011703 -0.010070 -0.336697 0.941487
1755058673.602824 135.975312 -97.513420 3.503333 0.016458 -0.011338 -0.336932 0.941317
1755058673.703020 136.079777 -97.606273 3.501491 0.015529 -0.009980 -0.336729 0.941421
1755058673.802844 136.189668 -97.709888 3.502119 0.015412 -0.010938 -0.334834 0.942088
1755058673.902839 136.298800 -97.795004 3.509127 0.017067 -0.011401 -0.331426 0.943258
1755058674.002860 136.415926 -97.883027 3.505674 0.012709 -0.011209 -0.326523 0.945037
1755058674.102757 136.533890 -97.968464 3.520005 0.016521 -0.011652 -0.322847 0.946235
1755058674.205542 136.654476 -98.057982 3.527354 0.016112 -0.011875 -0.319653 0.947323
1755058674.304013 136.757216 -98.139976 3.519972 0.013266 -0.010653 -0.316199 0.948540
1755058674.401567 136.861869 -98.220088 3.527322 0.015912 -0.009843 -0.312150 0.949849
1755058674.502818 136.954396 -98.294470 3.516419 0.012728 -0.010901 -0.310770 0.950337
1755058674.602870 137.055805 -98.373715 3.529109 0.018454 -0.011897 -0.308559 0.950952
1755058674.702717 137.157679 -98.448002 3.529234 0.015546 -0.011071 -0.306997 0.951519
1755058674.802814 137.261246 -98.524391 3.525307 0.016730 -0.011638 -0.305233 0.952060
1755058674.902737 137.383650 -98.607147 3.538718 0.018699 -0.013091 -0.303607 0.952524
1755058675.002872 137.508341 -98.702941 3.540950 0.015097 -0.012403 -0.301546 0.953251
1755058675.102682 137.639943 -98.793229 3.552319 0.018870 -0.012597 -0.300277 0.953582
1755058675.205469 137.773894 -98.891059 3.556137 0.014877 -0.011196 -0.301650 0.953237
1755058675.304028 137.882544 -98.970176 3.561132 0.014433 -0.010168 -0.305668 0.951974
1755058675.403968 138.004888 -99.060619 3.567383 0.016490 -0.009037 -0.310565 0.950366
1755058675.501446 138.111263 -99.150517 3.559334 0.015372 -0.009116 -0.315157 0.948871
1755058675.602703 138.218502 -99.238270 3.567327 0.015461 -0.009778 -0.318948 0.947596
1755058675.702867 138.318078 -99.316931 3.569394 0.014379 -0.010525 -0.319862 0.947297
1755058675.802548 138.413588 -99.388947 3.576110 0.013172 -0.010829 -0.320657 0.947042
1755058675.905483 138.525823 -99.479106 3.584697 0.013768 -0.013016 -0.320007 0.947226
1755058676.004096 138.621042 -99.559269 3.587813 0.012818 -0.013210 -0.318139 0.947865
1755058676.101382 138.738842 -99.633155 3.588427 0.012554 -0.013136 -0.315349 0.948802
1755058676.205334 138.859825 -99.731633 3.585432 0.012772 -0.013507 -0.312215 0.949830
1755058676.304123 138.962867 -99.801962 3.587390 0.016985 -0.013525 -0.310314 0.950386
1755058676.403991 139.075544 -99.890612 3.585758 0.013420 -0.011351 -0.308755 0.950979
1755058676.504044 139.188114 -99.979631 3.599910 0.016067 -0.011667 -0.306873 0.951543
1755058676.604051 139.306433 -100.067647 3.617290 0.014982 -0.010628 -0.305377 0.952054
1755058676.704087 139.421049 -100.153917 3.625968 0.014200 -0.009693 -0.303744 0.952599
1755058676.803979 139.525270 -100.230156 3.627595 0.013025 -0.008241 -0.302199 0.953120
1755058676.904039 139.641884 -100.314179 3.630087 0.013867 -0.008386 -0.300946 0.953503
1755058677.004009 139.751421 -100.387390 3.636398 0.015027 -0.008054 -0.300051 0.953771
1755058677.103869 139.836792 -100.452282 3.633753 0.014961 -0.006162 -0.299955 0.953816
1755058677.203891 139.903779 -100.501330 3.628879 0.015181 -0.006135 -0.299750 0.953877
1755058677.303902 139.967117 -100.552595 3.635034 0.015559 -0.006284 -0.299389 0.953984
1755058677.404028 140.027801 -100.592828 3.636465 0.016230 -0.006776 -0.299131 0.954050
1755058677.504047 140.074888 -100.620442 3.638141 0.018049 -0.007016 -0.298312 0.954272
1755058677.603840 140.106920 -100.647166 3.637747 0.013474 -0.005429 -0.297731 0.954539
1755058677.704101 140.134191 -100.661007 3.636219 0.016166 -0.006143 -0.297477 0.954572
1755058677.803949 140.150767 -100.672948 3.630253 0.017735 -0.006830 -0.297296 0.954596
1755058677.903971 140.165998 -100.687629 3.632576 0.014202 -0.006186 -0.297601 0.954565
1755058678.003886 140.177013 -100.694212 3.636111 0.015869 -0.007516 -0.298381 0.954285
1755058689.403021 140.191867 -100.693002 3.621440 0.019090 -0.008697 -0.297843 0.954384
1755058689.503205 140.206163 -100.696809 3.614826 0.019036 -0.008711 -0.297781 0.954405
1755058689.603220 140.220260 -100.701166 3.608182 0.018995 -0.008707 -0.297620 0.954456
1755058689.703032 140.233678 -100.705759 3.601514 0.018983 -0.008680 -0.297375 0.954533
1755058689.803236 140.246291 -100.710443 3.594802 0.018926 -0.008711 -0.297074 0.954627
1755058689.903244 140.238248 -100.727227 3.609524 0.019329 -0.009090 -0.297350 0.954529
1755058690.003206 140.236839 -100.733073 3.605557 0.018597 -0.009341 -0.297124 0.954612
1755058690.103466 140.246589 -100.746942 3.602665 0.018319 -0.010380 -0.295926 0.954979
1755058690.203131 140.266171 -100.767156 3.600350 0.018142 -0.010348 -0.294912 0.955296
1755058690.303102 140.295881 -100.795409 3.598013 0.018073 -0.010175 -0.294915 0.955298
1755058690.403185 140.332813 -100.828520 3.595706 0.017917 -0.008412 -0.293836 0.955651
1755058690.503182 140.378078 -100.842697 3.619012 0.018224 -0.010204 -0.293551 0.955715
1755058690.603156 140.419890 -100.865295 3.620075 0.017350 -0.010162 -0.292699 0.955993
1755058690.703057 140.467944 -100.889927 3.615627 0.018697 -0.011173 -0.291835 0.956221
1755058690.803156 140.526004 -100.924345 3.615746 0.018078 -0.011290 -0.291209 0.956422
1755058690.903011 140.582117 -100.969490 3.623334 0.017741 -0.011084 -0.289175 0.957048
1755058691.003109 140.646817 -101.015104 3.627691 0.017370 -0.010338 -0.288012 0.957414
1755058691.103082 140.715515 -101.063357 3.635892 0.015908 -0.009834 -0.286677 0.957845
1755058691.202968 140.790755 -101.112401 3.635389 0.016321 -0.010067 -0.285895 0.958069
1755058691.303134 140.876248 -101.165779 3.638201 0.018852 -0.010678 -0.285773 0.958052
1755058691.403033 140.969198 -101.229726 3.631350 0.015931 -0.009838 -0.286854 0.957791
1755058691.503108 141.056274 -101.290961 3.629387 0.015116 -0.008315 -0.287665 0.957576
1755058691.602987 141.160046 -101.359418 3.636363 0.013067 -0.007295 -0.288716 0.957298
1755058691.703135 141.258500 -101.430573 3.645892 0.016310 -0.007712 -0.291428 0.956423
1755058691.803115 141.351525 -101.498066 3.648394 0.013713 -0.007216 -0.293517 0.955828
1755058691.903051 141.439022 -101.563196 3.652682 0.013976 -0.009042 -0.294974 0.955360
1755058692.003142 141.544351 -101.635924 3.661742 0.015902 -0.010348 -0.297604 0.954501
1755058692.103065 141.664880 -101.719062 3.663974 0.015727 -0.009726 -0.299293 0.953982
1755058692.203117 141.785132 -101.803559 3.657526 0.015208 -0.008912 -0.300472 0.953628
1755058692.302935 141.899108 -101.894055 3.650140 0.013233 -0.008977 -0.302370 0.953057
1755058692.402879 141.997625 -101.963983 3.653660 0.016941 -0.010914 -0.303527 0.952610
1755058692.502962 142.072814 -102.018820 3.669837 0.010484 -0.009725 -0.305839 0.951976
1755058692.603030 142.168831 -102.091157 3.677360 0.011329 -0.008369 -0.309365 0.950839
1755058692.703066 142.270936 -102.167525 3.677191 0.013297 -0.009299 -0.312693 0.949716
1755058692.803048 142.365823 -102.242762 3.674648 0.013633 -0.009564 -0.316632 0.948402
1755058692.903110 142.464910 -102.324639 3.686192 0.014162 -0.010352 -0.319396 0.947459
1755058693.003034 142.559051 -102.404318 3.692498 0.011585 -0.009511 -0.321960 0.946635
1755058693.102881 142.656225 -102.481788 3.687889 0.013599 -0.009743 -0.322817 0.946313
1755058693.202901 142.761434 -102.561378 3.698582 0.013251 -0.009722 -0.323901 0.945948
1755058693.302941 142.871105 -102.648896 3.694486 0.013610 -0.009405 -0.323914 0.945942
1755058693.403001 142.984997 -102.732019 3.691384 0.014740 -0.007934 -0.324849 0.945618
1755058693.502797 143.085727 -102.818839 3.700259 0.017225 -0.007983 -0.323924 0.945893
1755058693.602899 143.195050 -102.903682 3.703176 0.016675 -0.008610 -0.324373 0.945743
1755058693.702883 143.302001 -102.993631 3.705622 0.014306 -0.008123 -0.324254 0.945827
1755058693.802950 143.414243 -103.089510 3.706328 0.013360 -0.009142 -0.323691 0.946024
1755058693.902952 143.527811 -103.180288 3.716700 0.012854 -0.009764 -0.323017 0.946256
1755058694.002925 143.646393 -103.269174 3.712229 0.013730 -0.010491 -0.319317 0.947490
1755058694.102840 143.771088 -103.349485 3.715377 0.014255 -0.010658 -0.315990 0.948596
1755058694.202871 143.889012 -103.438907 3.714772 0.014777 -0.010599 -0.313236 0.949501
1755058694.302941 144.011145 -103.527246 3.718870 0.016067 -0.010507 -0.312039 0.949875
1755058694.402872 144.127331 -103.617568 3.721841 0.015884 -0.008604 -0.310434 0.950423
1755058694.502915 144.236457 -103.701657 3.719495 0.014601 -0.009375 -0.308685 0.951006
1755058694.602790 144.348415 -103.782428 3.730030 0.015634 -0.010468 -0.307111 0.951488
1755058694.702743 144.454125 -103.865927 3.730132 0.009494 -0.009159 -0.305021 0.952254
1755058694.802830 144.559764 -103.942149 3.733446 0.009285 -0.009509 -0.303756 0.952657
1755058694.905627 144.671288 -104.021357 3.739856 0.011049 -0.010879 -0.302972 0.952873
1755058695.001388 144.778332 -104.095243 3.743537 0.009631 -0.010928 -0.302496 0.953039
1755058695.102890 144.889136 -104.168673 3.750006 0.011085 -0.010660 -0.304096 0.952517
1755058695.202599 144.993868 -104.248696 3.744149 0.011657 -0.011429 -0.305958 0.951905
1755058695.302914 145.103184 -104.332393 3.751922 0.010233 -0.010729 -0.309082 0.950920
1755058695.402753 145.214458 -104.420157 3.748041 0.008732 -0.009193 -0.310522 0.950482
1755058695.502829 145.321929 -104.504275 3.749902 0.011539 -0.009451 -0.310463 0.950469
1755058695.602761 145.427641 -104.582887 3.760345 0.009668 -0.008963 -0.310854 0.950366
1755058695.702793 145.542161 -104.669560 3.757347 0.009431 -0.009722 -0.310351 0.950526
1755058695.805427 145.657035 -104.751544 3.770960 0.010931 -0.008658 -0.310235 0.950557
1755058695.901506 145.757816 -104.828686 3.780138 0.010849 -0.008902 -0.310143 0.950586
1755058696.002814 145.868841 -104.910550 3.786670 0.012078 -0.010209 -0.309172 0.950875
1755058696.102758 145.975251 -104.994438 3.781394 0.009355 -0.007831 -0.308658 0.951095
1755058696.202679 146.095336 -105.088245 3.785343 0.010394 -0.008791 -0.307999 0.951289
1755058696.305352 146.217520 -105.173664 3.787401 0.012114 -0.008998 -0.307775 0.951340
1755058696.404017 146.320674 -105.252091 3.782419 0.009515 -0.009325 -0.307130 0.951574
1755058696.504129 146.422892 -105.328423 3.786972 0.011820 -0.008896 -0.306744 0.951677
1755058696.604036 146.536918 -105.410496 3.791676 0.014274 -0.010252 -0.306348 0.951757
1755058696.701435 146.660105 -105.500124 3.795171 0.012952 -0.010626 -0.305286 0.952113
1755058696.802738 146.783365 -105.589750 3.798728 0.012915 -0.009816 -0.304813 0.952274
1755058696.905385 146.897721 -105.677219 3.802022 0.013582 -0.010288 -0.304127 0.952479
1755058697.001368 146.999831 -105.748173 3.816574 0.016921 -0.009820 -0.304176 0.952415
1755058697.102713 147.106425 -105.828776 3.793550 0.010865 -0.007256 -0.304452 0.952438
1755058697.202603 147.195497 -105.900612 3.793419 0.015900 -0.005559 -0.303829 0.952578
1755058697.302757 147.287232 -105.961090 3.792676 0.019689 -0.008119 -0.304449 0.952290
1755058697.402751 147.357885 -106.010736 3.799422 0.017886 -0.008767 -0.304080 0.952438
1755058697.502557 147.418971 -106.052294 3.797096 0.021625 -0.011707 -0.304373 0.952235
1755058697.605430 147.476238 -106.094503 3.798040 0.020039 -0.010411 -0.305011 0.952081
1755058697.703916 147.518399 -106.131939 3.808268 0.020712 -0.010183 -0.305385 0.951949
1755058697.803964 147.556080 -106.161703 3.809013 0.019877 -0.010075 -0.305832 0.951825
1755058697.904002 147.580576 -106.182631 3.811078 0.018812 -0.009504 -0.305977 0.951805
1755058698.001365 147.586005 -106.187653 3.812206 0.019234 -0.010197 -0.305844 0.951833
1755058713.803053 147.593675 -106.177208 3.766268 0.028210 -0.012481 -0.304680 0.951955
1755058713.902934 147.589744 -106.175743 3.769665 0.023410 -0.012510 -0.304582 0.952116
1755058714.003075 147.584644 -106.173906 3.781275 0.022703 -0.012263 -0.304315 0.952222
1755058714.102803 147.579323 -106.175626 3.791965 0.021642 -0.011802 -0.304227 0.952281
1755058714.202798 147.574737 -106.173657 3.799891 0.020980 -0.011811 -0.303963 0.952380
1755058714.302945 147.569126 -106.173806 3.806448 0.020922 -0.011880 -0.303472 0.952537
1755058714.402936 147.570155 -106.164236 3.798558 0.022995 -0.012488 -0.302475 0.952798
1755058714.502854 147.569265 -106.164327 3.799666 0.019380 -0.011878 -0.302091 0.953008
1755058714.602809 147.574586 -106.169345 3.801420 0.019212 -0.013997 -0.301286 0.953238
1755058714.702786 147.587394 -106.186517 3.817226 0.015850 -0.013735 -0.301060 0.953375
1755058714.802937 147.610022 -106.202443 3.825218 0.018216 -0.013830 -0.299880 0.953703
1755058714.903006 147.636592 -106.221109 3.824741 0.016288 -0.013415 -0.299492 0.953865
1755058715.002964 147.674016 -106.249286 3.826485 0.017497 -0.013577 -0.297978 0.954316
1755058715.102937 147.718888 -106.280651 3.829395 0.017767 -0.013471 -0.297302 0.954523
1755058715.202542 147.771147 -106.318095 3.833013 0.018739 -0.012828 -0.296457 0.954776
1755058715.302854 147.835061 -106.354272 3.827754 0.017628 -0.012526 -0.296857 0.954677
1755058715.402900 147.903472 -106.403694 3.823136 0.018991 -0.011220 -0.299240 0.953923
1755058715.502970 147.980682 -106.464005 3.829005 0.022127 -0.012020 -0.302783 0.952727
1755058715.602829 148.065287 -106.527408 3.830898 0.019040 -0.011402 -0.307460 0.951302
1755058715.702866 148.152468 -106.598702 3.838592 0.020884 -0.010999 -0.311993 0.949791
1755058715.802824 148.243421 -106.672637 3.826739 0.019419 -0.011140 -0.317153 0.948110
1755058715.902822 148.336548 -106.747950 3.833339 0.018841 -0.010938 -0.320529 0.946988
1755058716.002882 148.444156 -106.837155 3.839981 0.019157 -0.011641 -0.322894 0.946170
1755058716.102746 148.562486 -106.924577 3.850730 0.021594 -0.011098 -0.325203 0.945332
1755058716.202877 148.675809 -107.018306 3.848029 0.018322 -0.009600 -0.326973 0.944807
1755058716.302759 148.780728 -107.105204 3.838110 0.018601 -0.010563 -0.329786 0.943813
1755058716.402363 148.889771 -107.194164 3.852285 0.023548 -0.012237 -0.331270 0.943163
1755058716.502739 149.000077 -107.291447 3.849421 0.020463 -0.010891 -0.332848 0.942696
1755058716.602875 149.102706 -107.376547 3.848697 0.020159 -0.009762 -0.334390 0.942169
1755058716.702945 149.198244 -107.456171 3.845415 0.023060 -0.009891 -0.335052 0.941866
1755058716.802846 149.301857 -107.544781 3.858752 0.024971 -0.010151 -0.335492 0.941657
1755058716.902807 149.418448 -107.644607 3.862485 0.023963 -0.009807 -0.335602 0.941648
1755058717.002816 149.524834 -107.730088 3.848671 0.023457 -0.009933 -0.333389 0.942445
1755058717.102719 149.628333 -107.812424 3.860697 0.024647 -0.010785 -0.330400 0.943458
1755058717.202775 149.733220 -107.901104 3.857612 0.020086 -0.009966 -0.326221 0.945028
1755058717.305259 149.852443 -107.990579 3.866557 0.017903 -0.011049 -0.320813 0.946909
1755058717.404125 149.966416 -108.078325 3.882775 0.016136 -0.011110 -0.317488 0.948060
1755058717.504162 150.075079 -108.166350 3.880899 0.014411 -0.011281 -0.315583 0.948722
1755058717.603953 150.178557 -108.239464 3.887683 0.018515 -0.012040 -0.313888 0.949203
1755058717.701385 150.273565 -108.318309 3.884325 0.012882 -0.012201 -0.313190 0.949525
1755058717.802736 150.386244 -108.402768 3.894585 0.014943 -0.012965 -0.310885 0.950242
1755058717.902658 150.493869 -108.480675 3.894448 0.012377 -0.010839 -0.310210 0.950526
1755058718.005472 150.614105 -108.570998 3.892459 0.011145 -0.009583 -0.307817 0.951332
1755058718.103951 150.744062 -108.660521 3.896422 0.017792 -0.010851 -0.306359 0.951688
1755058718.204061 150.864489 -108.750823 3.899543 0.016889 -0.010316 -0.303473 0.952635
1755058718.301228 150.979861 -108.824522 3.901373 0.018735 -0.010068 -0.301284 0.953297
1755058718.402724 151.091629 -108.903425 3.909959 0.016818 -0.009893 -0.298940 0.954072
1755058718.505330 151.203278 -108.987966 3.917372 0.016889 -0.011688 -0.297389 0.954536
1755058718.604015 151.310847 -109.065644 3.934203 0.016170 -0.011295 -0.296263 0.954903
1755058718.703919 151.415943 -109.144584 3.928500 0.012714 -0.010819 -0.295206 0.955288
1755058718.804087 151.527831 -109.221007 3.931108 0.016475 -0.012190 -0.294274 0.955501
1755058718.903968 151.639963 -109.297079 3.925693 0.016380 -0.011900 -0.293574 0.955722
1755058719.004088 151.754695 -109.376468 3.922526 0.016005 -0.011093 -0.295291 0.955209
1755058719.104120 151.867168 -109.445251 3.937013 0.018270 -0.010682 -0.296741 0.954724
1755058719.203934 151.981959 -109.524858 3.937212 0.018575 -0.011697 -0.298195 0.954253
1755058719.303909 152.090548 -109.604918 3.946140 0.012967 -0.009308 -0.301605 0.953299
1755058719.403966 152.197997 -109.693862 3.947319 0.017409 -0.011335 -0.306300 0.951708
1755058719.504281 152.301252 -109.776472 3.950757 0.016550 -0.012320 -0.310393 0.950384
1755058719.603814 152.408410 -109.860772 3.957594 0.011749 -0.011129 -0.313275 0.949524
1755058719.704014 152.515855 -109.948189 3.954307 0.014506 -0.012425 -0.313802 0.949296
1755058719.803938 152.638476 -110.032765 3.959061 0.016219 -0.012208 -0.313958 0.949220
1755058719.903971 152.762727 -110.124847 3.956914 0.014119 -0.011880 -0.313394 0.949444
1755058720.003994 152.876514 -110.211044 3.965350 0.013324 -0.011576 -0.313200 0.949523
1755058720.103984 152.989585 -110.298419 3.974861 0.012070 -0.012120 -0.313061 0.949579
1755058720.204027 153.103420 -110.387983 3.991817 0.011117 -0.011743 -0.312301 0.949846
1755058720.303928 153.214683 -110.475099 3.983553 0.010728 -0.010391 -0.312236 0.949887
1755058720.403833 153.324532 -110.558017 3.973027 0.015676 -0.009858 -0.311526 0.950057
1755058720.503946 153.433913 -110.628713 3.982548 0.021698 -0.009780 -0.310391 0.950311
1755058720.603887 153.548272 -110.716092 3.987583 0.013168 -0.007367 -0.309397 0.950813
1755058720.703826 153.652603 -110.793776 3.987815 0.015491 -0.008869 -0.308597 0.951026
1755058720.803917 153.761578 -110.872382 3.989529 0.019143 -0.010620 -0.308980 0.950816
1755058720.903702 153.869211 -110.953549 4.005719 0.013408 -0.008627 -0.308368 0.951134
1755058721.003665 153.970098 -111.032511 3.999333 0.012865 -0.005658 -0.307767 0.951358
1755058721.103760 154.055327 -111.100047 4.001784 0.011984 -0.004232 -0.308662 0.951087
1755058721.203856 154.136153 -111.162244 4.005771 0.008979 -0.002063 -0.308057 0.951323
1755058721.303881 154.199322 -111.214089 4.017962 0.006516 -0.001567 -0.307613 0.951488
1755058721.403759 154.250553 -111.251889 4.021033 0.005809 0.000102 -0.307694 0.951468
1755058721.503800 154.289516 -111.277131 4.021346 0.007846 -0.001209 -0.307949 0.951370
1755058721.603817 154.318986 -111.293176 4.012318 0.009843 -0.002209 -0.308005 0.951331
1755058721.703744 154.337496 -111.305720 4.012821 0.009935 -0.002043 -0.308415 0.951198
1755058721.803702 154.346725 -111.313395 4.008844 0.008289 -0.001968 -0.308211 0.951280
1755058721.903807 154.351601 -111.315327 4.011169 0.010907 -0.003029 -0.308381 0.951196
1755058733.003147 154.367621 -111.335133 4.003106 0.008470 -0.005422 -0.308544 0.951157
1755058733.103124 154.365129 -111.329962 3.997940 0.011812 -0.005543 -0.308272 0.951209
1755058733.202979 154.365456 -111.329303 4.006357 0.008896 -0.004141 -0.308291 0.951241
1755058733.303052 154.360370 -111.324680 4.008670 0.010841 -0.005309 -0.307388 0.951508
1755058733.403166 154.361455 -111.324539 4.007253 0.011647 -0.005374 -0.307519 0.951455
1755058733.502959 154.357442 -111.320706 4.003835 0.012335 -0.005530 -0.307347 0.951502
1755058733.603146 154.353717 -111.321087 4.001758 0.010077 -0.005327 -0.307156 0.951591
1755058733.703050 154.350069 -111.320307 4.004271 0.008622 -0.005708 -0.307052 0.951637
1755058733.803045 154.360398 -111.321391 4.005111 0.012392 -0.009519 -0.306022 0.951896
1755058733.903085 154.376699 -111.337387 4.014968 0.007601 -0.008069 -0.306105 0.951933
1755058734.003000 154.404553 -111.360539 4.011355 0.011149 -0.008990 -0.304947 0.952262
1755058734.103088 154.439865 -111.385209 4.004762 0.012005 -0.008815 -0.303305 0.952777
1755058734.203036 154.485458 -111.411673 4.007479 0.008970 -0.008507 -0.303164 0.952858
1755058734.303014 154.534740 -111.446740 4.008205 0.010493 -0.009553 -0.301490 0.953364
1755058734.402910 154.592122 -111.489828 4.012823 0.010836 -0.009971 -0.299577 0.953958
1755058734.503047 154.653336 -111.533870 4.011989 0.010282 -0.009771 -0.297428 0.954639
1755058734.602977 154.725254 -111.584014 4.011401 0.009712 -0.008673 -0.293949 0.955732
1755058734.703055 154.809179 -111.644254 4.011754 0.009967 -0.008227 -0.288488 0.957396
1755058734.802964 154.903278 -111.703652 4.015138 0.007677 -0.008470 -0.282294 0.959260
1755058734.902943 154.996574 -111.761278 4.028776 0.006825 -0.008039 -0.276597 0.960928
1755058735.002990 155.096734 -111.823266 4.045707 0.003174 -0.005279 -0.271665 0.962372
1755058735.102974 155.198011 -111.886101 4.039451 0.007527 -0.006290 -0.267852 0.963410
1755058735.202748 155.308540 -111.945501 4.033536 0.009826 -0.008443 -0.266288 0.963806
1755058735.302960 155.421517 -112.013034 4.034475 0.011169 -0.008519 -0.263740 0.964491
1755058735.402987 155.525318 -112.077890 4.035257 0.010773 -0.006947 -0.262995 0.964712
1755058735.502849 155.623787 -112.139459 4.028156 0.008911 -0.005762 -0.261693 0.965093
1755058735.602949 155.725633 -112.199693 4.027502 0.012047 -0.007328 -0.260547 0.965358
1755058735.702899 155.830219 -112.264218 4.033140 0.010554 -0.008973 -0.259031 0.965770
1755058735.802898 155.929915 -112.320103 4.042826 0.010096 -0.009253 -0.258164 0.966004
1755058735.902951 156.028097 -112.380913 4.050386 0.005850 -0.009325 -0.256338 0.966524
1755058736.002859 156.129516 -112.437263 4.052889 0.008540 -0.010920 -0.254374 0.967007
1755058736.102957 156.252623 -112.505154 4.048986 0.014240 -0.012837 -0.251465 0.967677
1755058736.202811 156.367403 -112.566027 4.047738 0.013819 -0.011627 -0.250498 0.967949
1755058736.302987 156.451964 -112.645200 4.070936 -0.007250 -0.000960 -0.250139 0.968182
1755058736.402864 156.550313 -112.692918 4.083204 0.006083 -0.005850 -0.248163 0.968681
1755058736.503005 156.660733 -112.748823 4.084329 0.005625 -0.005712 -0.246633 0.969076
1755058736.602669 156.777721 -112.804392 4.078909 0.009038 -0.007338 -0.245122 0.969422
1755058736.702914 156.890550 -112.863738 4.070679 0.007909 -0.007305 -0.244396 0.969616
1755058736.802855 156.991478 -112.919678 4.074151 0.007922 -0.007651 -0.242708 0.970037
1755058736.902814 157.089764 -112.973665 4.077389 0.006948 -0.008036 -0.241495 0.970344
1755058737.002897 157.194665 -113.025919 4.080734 0.011355 -0.009827 -0.240431 0.970550
1755058737.102889 157.311654 -113.099978 4.091413 0.004742 -0.009052 -0.239233 0.970908
1755058737.202860 157.422517 -113.159589 4.090735 0.009143 -0.010081 -0.237735 0.971235
1755058737.302778 157.527602 -113.216903 4.100672 0.005972 -0.010348 -0.236404 0.971581
1755058737.402846 157.622105 -113.263668 4.103777 0.009281 -0.010715 -0.234869 0.971924
1755058737.502884 157.731001 -113.319951 4.109249 0.006451 -0.010208 -0.234275 0.972095
1755058737.602830 157.837786 -113.376171 4.101637 0.009044 -0.009890 -0.232855 0.972419
1755058737.702871 157.943120 -113.429031 4.112680 0.008294 -0.009736 -0.231839 0.972670
1755058737.802743 158.054897 -113.480620 4.116595 0.009977 -0.008935 -0.232036 0.972615
1755058737.902800 158.159190 -113.539006 4.122843 0.004658 -0.008672 -0.232783 0.972479
1755058738.002759 158.263178 -113.596884 4.133433 0.008113 -0.009142 -0.235347 0.971835
1755058738.102693 158.371359 -113.659158 4.139672 0.007793 -0.009760 -0.239417 0.970837
1755058738.203112 158.477697 -113.719941 4.139374 0.007238 -0.009513 -0.245490 0.969325
1755058738.302765 158.583367 -113.780245 4.142083 0.008489 -0.009560 -0.252072 0.967624
1755058738.402984 158.682984 -113.839380 4.137284 0.011918 -0.010553 -0.257134 0.966245
1755058738.502779 158.768326 -113.890372 4.142058 0.010319 -0.009385 -0.260132 0.965472
1755058738.602700 158.829920 -113.934622 4.163453 0.005243 -0.008277 -0.262765 0.964810
1755058738.702620 158.899873 -113.974002 4.171096 0.009048 -0.009221 -0.262084 0.964959
1755058738.802691 158.965175 -114.009196 4.162661 0.008289 -0.009260 -0.262266 0.964916
1755058738.902810 159.010232 -114.033255 4.150555 0.009188 -0.010198 -0.262279 0.964895
1755058739.002817 159.039749 -114.050624 4.153446 0.009444 -0.010472 -0.262058 0.964949
1755058739.102764 159.059004 -114.065454 4.157992 0.008579 -0.010339 -0.261993 0.964976
1755058739.302635 159.065920 -114.068112 4.160699 0.007848 -0.010799 -0.262041 0.964964
1755058765.702333 159.057631 -114.068746 4.157661 0.008255 -0.011434 -0.263020 0.964687
1755058765.805033 159.051015 -114.065495 4.153020 0.007890 -0.011863 -0.262803 0.964744
1755058765.903672 159.045598 -114.062686 4.150584 0.009671 -0.012284 -0.262429 0.964825
1755058766.003756 159.040418 -114.060391 4.149721 0.008512 -0.012122 -0.262544 0.964806
1755058766.103727 159.035359 -114.057506 4.149472 0.008075 -0.011698 -0.262737 0.964763
1755058766.203593 159.031499 -114.054149 4.151649 0.008657 -0.011964 -0.262426 0.964839
1755058766.303694 159.033852 -114.051649 4.152506 0.008753 -0.012087 -0.262476 0.964823
1755058766.403718 159.034973 -114.052411 4.153797 0.007972 -0.012236 -0.262160 0.964914
1755058766.503470 159.038996 -114.058341 4.161449 0.005567 -0.012331 -0.261532 0.965100
1755058766.603616 159.052513 -114.067239 4.155370 0.006862 -0.013045 -0.260309 0.965413
1755058766.703851 159.078740 -114.077591 4.147124 0.010158 -0.013754 -0.260179 0.965409
1755058766.803510 159.116869 -114.103572 4.146769 0.006791 -0.013357 -0.260515 0.965353
1755058766.903558 159.162108 -114.130828 4.145045 0.008807 -0.013931 -0.259210 0.965680
1755058767.003596 159.211767 -114.154314 4.146690 0.008873 -0.013809 -0.258479 0.965877
1755058767.103608 159.265133 -114.184361 4.147050 0.010055 -0.013784 -0.258128 0.965960
1755058767.203650 159.314611 -114.216024 4.151751 0.007811 -0.013515 -0.257312 0.966202
1755058767.303581 159.366474 -114.250546 4.159568 0.006623 -0.013292 -0.257376 0.966197
1755058767.403589 159.421827 -114.279366 4.161253 0.008412 -0.013517 -0.256750 0.966347
1755058767.503548 159.479030 -114.310347 4.160514 0.010161 -0.013885 -0.255995 0.966525
1755058767.603545 159.530529 -114.342322 4.166047 0.009102 -0.013588 -0.256692 0.966355
1755058767.703623 159.581087 -114.375253 4.175079 0.009270 -0.013225 -0.257010 0.966274
1755058767.803486 159.630070 -114.409323 4.176522 0.009971 -0.013198 -0.258034 0.965994
1755058767.903633 159.683953 -114.444884 4.178088 0.010195 -0.012799 -0.259076 0.965718
1755058768.003939 159.739607 -114.478794 4.177370 0.011344 -0.012651 -0.260505 0.965323
1755058768.103488 159.795655 -114.511738 4.181018 0.009528 -0.012256 -0.262467 0.964816
1755058768.203482 159.851564 -114.544408 4.184652 0.010733 -0.012525 -0.264090 0.964357
1755058768.303539 159.903800 -114.575515 4.192275 0.011444 -0.012243 -0.267145 0.963511
1755058768.403364 159.960737 -114.609741 4.192324 0.012655 -0.012554 -0.269582 0.962812
1755058768.503539 160.016037 -114.648641 4.189009 0.012999 -0.012524 -0.272794 0.961903
1755058768.603592 160.068072 -114.688038 4.195373 0.012237 -0.012491 -0.276380 0.960889
1755058768.703508 160.113829 -114.721975 4.192247 0.012558 -0.012852 -0.282126 0.959209
1755058768.803427 160.169287 -114.760492 4.192379 0.014051 -0.013403 -0.288190 0.957376
1755058768.903373 160.223118 -114.791378 4.195549 0.012996 -0.013303 -0.296118 0.954970
1755058769.003441 160.272315 -114.829176 4.196952 0.015085 -0.013587 -0.303879 0.952494
1755058769.103411 160.310376 -114.871636 4.205834 0.012545 -0.012886 -0.312202 0.949846
1755058769.203390 160.353124 -114.911387 4.197567 0.013796 -0.013270 -0.322221 0.946471
1755058769.303547 160.404201 -114.947687 4.201492 0.014345 -0.013082 -0.333280 0.942628
1755058769.403379 160.449546 -114.990690 4.204228 0.015070 -0.012683 -0.344586 0.938548
1755058769.503445 160.487611 -115.046326 4.208396 0.013494 -0.011882 -0.352011 0.935823
1755058769.603464 160.532092 -115.091700 4.206029 0.013604 -0.012129 -0.356256 0.934211
1755058769.703456 160.570426 -115.134982 4.200385 0.015509 -0.013261 -0.355215 0.934562
1755058769.803566 160.623509 -115.163256 4.199891 0.015613 -0.013984 -0.354317 0.934891
1755058769.903411 160.658135 -115.216778 4.214023 0.014114 -0.013929 -0.351846 0.935848
1755058770.003393 160.708447 -115.243540 4.217500 0.009496 -0.015486 -0.348308 0.937204
1755058770.103410 160.766212 -115.268922 4.231543 0.011390 -0.015973 -0.340770 0.939942
1755058770.203460 160.811226 -115.305851 4.229915 0.010034 -0.015836 -0.336777 0.941398
1755058770.303491 160.850500 -115.355773 4.228910 0.012434 -0.015588 -0.334088 0.942331
1755058770.403469 160.897913 -115.402464 4.228530 0.013173 -0.015524 -0.328934 0.944133
1755058770.503341 160.950510 -115.433349 4.231958 0.014274 -0.015187 -0.323406 0.946031
1755058770.603423 160.997476 -115.472173 4.235785 0.015646 -0.013883 -0.318465 0.947704
1755058770.703393 161.042793 -115.508580 4.238172 0.017736 -0.012489 -0.316476 0.948353
1755058770.803347 161.099558 -115.554704 4.252793 0.020418 -0.010358 -0.314906 0.948847
1755058770.903437 161.157955 -115.588367 4.241880 0.029457 -0.008447 -0.312138 0.949543
1755058771.003357 161.212235 -115.619253 4.223085 0.030613 -0.007616 -0.311099 0.949854
1755058771.103297 161.264119 -115.648904 4.208471 0.033210 -0.008189 -0.308651 0.950560
1755058771.203486 161.306888 -115.682035 4.204707 0.029767 -0.008551 -0.307858 0.950928
1755058771.303165 161.348261 -115.714213 4.197849 0.029681 -0.010134 -0.306415 0.951381
1755058771.403167 161.391895 -115.753723 4.204444 0.028164 -0.012069 -0.304761 0.951936
1755058771.503273 161.436751 -115.792686 4.200337 0.029084 -0.013412 -0.302352 0.952658
1755058771.603320 161.481345 -115.828495 4.214232 0.023435 -0.013921 -0.299488 0.953711
1755058771.703314 161.529727 -115.859431 4.230955 0.022295 -0.013787 -0.297493 0.954364
1755058771.803386 161.587516 -115.890686 4.242154 0.021535 -0.014240 -0.296007 0.954837
1755058771.903487 161.631136 -115.939123 4.246536 0.020245 -0.015057 -0.295220 0.955096
1755058772.003382 161.672411 -115.979517 4.250823 0.018643 -0.015278 -0.293743 0.955581
1755058772.103292 161.716721 -116.007101 4.251389 0.016374 -0.015483 -0.292055 0.956136
1755058772.203262 161.762936 -116.040156 4.247128 0.018276 -0.015990 -0.290237 0.956647
1755058772.303536 161.818077 -116.064685 4.242667 0.017214 -0.015937 -0.288387 0.957227
1755058772.403261 161.873319 -116.095037 4.238167 0.017449 -0.016261 -0.288257 0.957256
1755058772.503589 161.932431 -116.130125 4.235177 0.018767 -0.016497 -0.288146 0.957260
1755058772.603269 161.975331 -116.175570 4.244805 0.019868 -0.016431 -0.288293 0.957195
1755058772.703187 162.031028 -116.203516 4.257538 0.019988 -0.015847 -0.289608 0.956805
1755058772.803310 162.073832 -116.248624 4.264376 0.019771 -0.015621 -0.290832 0.956442
1755058772.903314 162.119309 -116.282862 4.270141 0.019838 -0.015428 -0.291044 0.956380
1755058773.003212 162.167413 -116.320677 4.265489 0.019545 -0.015435 -0.290748 0.956476
1755058773.103457 162.217533 -116.340940 4.257312 0.021508 -0.015565 -0.290968 0.956364
1755058773.203306 162.261818 -116.372111 4.260613 0.021380 -0.015489 -0.291840 0.956103
1755058773.303280 162.316309 -116.399077 4.266984 0.021905 -0.015188 -0.293247 0.955665
1755058773.403233 162.366518 -116.438194 4.269594 0.023031 -0.014318 -0.294598 0.955236
1755058773.503318 162.414110 -116.480238 4.278955 0.022922 -0.012909 -0.298350 0.954094
1755058773.603199 162.463527 -116.520624 4.284050 0.021462 -0.012279 -0.303289 0.952578
1755058773.703151 162.515638 -116.566949 4.292390 0.025926 -0.011722 -0.309667 0.950419
1755058773.803206 162.578311 -116.600880 4.297664 0.026187 -0.010785 -0.314383 0.948874
1755058773.903226 162.635538 -116.627854 4.294059 0.025327 -0.009125 -0.316969 0.948054
1755058774.003256 162.684409 -116.662843 4.286388 0.027367 -0.008691 -0.317030 0.947981
1755058774.103199 162.719575 -116.701268 4.281471 0.028618 -0.008501 -0.317297 0.947856
1755058774.203153 162.757034 -116.739145 4.279171 0.028110 -0.008925 -0.318018 0.947626
1755058774.303255 162.797070 -116.776727 4.273232 0.027270 -0.008685 -0.318375 0.947533
1755058774.403193 162.847412 -116.817099 4.271717 0.027836 -0.008762 -0.318768 0.947383
1755058774.503048 162.893495 -116.856702 4.274318 0.028627 -0.008937 -0.319327 0.947170
1755058774.603232 162.937752 -116.884972 4.280917 0.026937 -0.008985 -0.320295 0.946892
1755058774.703130 162.986755 -116.910441 4.285901 0.028273 -0.008507 -0.321127 0.946576
1755058774.803157 163.033677 -116.940358 4.289832 0.025329 -0.008356 -0.323336 0.945908
1755058774.903096 163.083338 -116.976742 4.281035 0.026412 -0.008499 -0.325686 0.945071
1755058775.002952 163.129804 -117.017001 4.273871 0.024248 -0.009125 -0.328920 0.944002
1755058775.103221 163.177091 -117.059627 4.277372 0.028121 -0.009355 -0.331342 0.943045
1755058775.203090 163.224341 -117.098173 4.277015 0.026189 -0.009843 -0.333440 0.942356
1755058775.303123 163.268054 -117.142618 4.275526 0.024647 -0.010935 -0.335244 0.941745
1755058775.403072 163.301294 -117.190041 4.276953 0.024305 -0.011685 -0.336397 0.941334
1755058775.502998 163.339170 -117.228966 4.284349 0.024292 -0.012477 -0.336332 0.941347
1755058775.603071 163.380213 -117.268502 4.284267 0.021456 -0.012688 -0.337237 0.941090
1755058775.703128 163.437274 -117.304799 4.288445 0.024789 -0.010497 -0.337104 0.941082
1755058775.802925 163.482066 -117.336588 4.278502 0.023398 -0.009199 -0.338748 0.940541
1755058775.903114 163.529888 -117.372770 4.279438 0.024289 -0.007130 -0.338039 0.940791
1755058776.003001 163.574647 -117.405038 4.289627 0.023801 -0.006209 -0.339497 0.940285
1755058776.103021 163.624974 -117.442749 4.294059 0.024413 -0.006647 -0.339096 0.940411
1755058776.203009 163.668498 -117.483651 4.298079 0.024271 -0.006659 -0.338452 0.940647
1755058776.303112 163.716724 -117.519243 4.300705 0.023709 -0.007096 -0.336263 0.941443
1755058776.402967 163.748215 -117.556449 4.305254 0.024883 -0.006173 -0.332919 0.942607
1755058776.503029 163.781551 -117.590597 4.299341 0.023882 -0.006983 -0.329215 0.943927
1755058776.602980 163.814439 -117.622868 4.301955 0.024882 -0.007277 -0.325494 0.945189
1755058776.702834 163.859711 -117.653815 4.296927 0.023785 -0.007582 -0.322209 0.946339
1755058776.803128 163.915120 -117.686717 4.292659 0.025526 -0.006837 -0.320592 0.946849
1755058776.902930 163.973645 -117.722459 4.290107 0.026365 -0.004723 -0.319252 0.947291
1755058777.002905 164.002692 -117.769060 4.293614 0.022656 -0.000951 -0.318255 0.947734
1755058777.103050 164.027638 -117.797243 4.297496 0.022487 0.002942 -0.319005 0.947482
1755058777.203018 164.063062 -117.812301 4.300309 0.024336 0.005158 -0.315443 0.948618
1755058777.302981 164.073850 -117.833141 4.297988 0.022581 0.007696 -0.316381 0.948332
1755058777.402939 164.103258 -117.849330 4.297383 0.025500 0.009587 -0.314036 0.949020
1755058777.502965 164.137429 -117.872469 4.298992 0.026826 0.011301 -0.312334 0.949526
1755058777.602949 164.168038 -117.907448 4.286953 0.030207 0.015896 -0.312445 0.949322
1755058777.702968 164.213658 -117.940266 4.286168 0.032113 0.017845 -0.308274 0.950588
1755058777.802908 164.244992 -117.965364 4.282441 0.035488 0.021417 -0.308655 0.950271
1755058777.902904 164.292416 -117.986456 4.283537 0.035681 0.024369 -0.305443 0.951230
1755058778.002980 164.319183 -118.019363 4.270867 0.039148 0.026141 -0.305295 0.951094
1755058778.102922 164.353524 -118.042801 4.267519 0.039079 0.029598 -0.302753 0.951807
1755058778.202899 164.381569 -118.065597 4.261138 0.040329 0.032058 -0.300591 0.952361
1755058778.302902 164.412995 -118.080787 4.259446 0.041383 0.033743 -0.299633 0.952559
1755058778.402889 164.449663 -118.100663 4.253362 0.043109 0.036394 -0.297411 0.953081
1755058778.502784 164.476450 -118.125168 4.248646 0.042622 0.039679 -0.296617 0.953220
1755058778.602885 164.513149 -118.144992 4.240354 0.044544 0.042327 -0.294418 0.953699
1755058778.702830 164.542655 -118.173079 4.241463 0.044050 0.047295 -0.292343 0.954127
1755058778.802886 164.576061 -118.202698 4.230098 0.046934 0.050824 -0.290807 0.954277
1755058778.902810 164.612584 -118.228574 4.227796 0.047687 0.054791 -0.288475 0.954728
1755058779.002780 164.642509 -118.251275 4.221867 0.048380 0.056674 -0.287837 0.954776
1755058779.102791 164.682332 -118.275130 4.219921 0.052338 0.057815 -0.285379 0.955237
1755058779.202723 164.711600 -118.300978 4.212726 0.052443 0.059753 -0.284350 0.955418
1755058779.302791 164.754399 -118.320232 4.211804 0.056121 0.062303 -0.283173 0.955396
1755058779.402896 164.805779 -118.344770 4.206420 0.056048 0.065072 -0.279338 0.956344
1755058779.502785 164.838480 -118.368982 4.190369 0.057250 0.067611 -0.278574 0.956320
1755058779.602724 164.872374 -118.389766 4.180622 0.057977 0.071490 -0.278959 0.955882
1755058779.702760 164.926664 -118.429388 4.168987 0.058190 0.073105 -0.276087 0.956580
1755058779.802809 164.969088 -118.466264 4.159684 0.058418 0.074201 -0.277222 0.956154
1755058779.902665 165.008882 -118.491818 4.150653 0.058505 0.076679 -0.278814 0.955489
1755058780.002805 165.054874 -118.517199 4.145559 0.059878 0.078419 -0.279619 0.955028
1755058780.102745 165.102533 -118.545903 4.141179 0.060131 0.079064 -0.280872 0.954591
1755058780.202733 165.140026 -118.568556 4.130363 0.061647 0.079744 -0.284362 0.953404
1755058780.302788 165.186272 -118.593453 4.120673 0.062135 0.080052 -0.285383 0.953041
1755058780.402651 165.224071 -118.623364 4.114000 0.061820 0.079792 -0.287072 0.952576
1755058780.502789 165.257624 -118.652730 4.107227 0.061872 0.080059 -0.289008 0.951965
1755058780.602640 165.292405 -118.677701 4.096150 0.061919 0.080706 -0.290638 0.951411
1755058780.702633 165.327412 -118.704255 4.085584 0.062071 0.081647 -0.292286 0.950815
1755058780.802640 165.370915 -118.733647 4.078858 0.061960 0.082152 -0.294615 0.950060
1755058780.902743 165.409231 -118.765059 4.071373 0.061041 0.083145 -0.296566 0.949426
1755058781.002663 165.445873 -118.794438 4.057643 0.061009 0.083232 -0.298606 0.948781
1755058781.102767 165.481034 -118.820163 4.049618 0.061161 0.083795 -0.300043 0.948268
1755058781.202709 165.519166 -118.845027 4.046460 0.060045 0.084361 -0.301303 0.947889
1755058781.302698 165.559981 -118.873220 4.035154 0.059637 0.083008 -0.303425 0.947358
1755058781.402536 165.602081 -118.900494 4.026445 0.059856 0.082534 -0.304338 0.947092
1755058781.502547 165.642424 -118.929342 4.018975 0.059907 0.080814 -0.304152 0.947297
1755058781.602531 165.675448 -118.956568 4.013392 0.058527 0.078577 -0.304272 0.947533
1755058781.702690 165.714530 -118.981945 4.007506 0.058109 0.077206 -0.304336 0.947651
1755058781.802786 165.751030 -119.013404 4.002550 0.057371 0.076472 -0.303402 0.948055
1755058781.902605 165.779797 -119.040037 3.993674 0.056095 0.075496 -0.303508 0.948175
1755058782.002607 165.812254 -119.064427 3.980165 0.056514 0.074283 -0.303340 0.948300
1755058782.102597 165.856245 -119.084961 3.978207 0.056717 0.073759 -0.303435 0.948299
1755058782.202544 165.897898 -119.119554 3.972238 0.056222 0.073754 -0.302194 0.948724
1755058782.302701 165.936211 -119.151712 3.960502 0.055955 0.074206 -0.302285 0.948676
1755058782.402622 165.977784 -119.177299 3.956163 0.056248 0.074994 -0.301472 0.948855
1755058782.502607 166.015444 -119.203127 3.946416 0.057000 0.076112 -0.300295 0.949095
1755058782.602659 166.050161 -119.230176 3.930959 0.056777 0.076595 -0.298761 0.949553
1755058782.702651 166.081237 -119.245834 3.928337 0.058863 0.078361 -0.298165 0.949469
1755058782.802678 166.108239 -119.263719 3.929247 0.057867 0.079098 -0.296649 0.949944
1755058782.902637 166.124596 -119.279975 3.932021 0.058650 0.079739 -0.295759 0.950120
1755058783.002913 166.133939 -119.286755 3.927596 0.058025 0.079355 -0.295387 0.950307
1755058783.102281 166.139246 -119.288889 3.924069 0.058368 0.078704 -0.294748 0.950538
1755058783.202514 166.137303 -119.291409 3.921808 0.058056 0.078559 -0.294700 0.950584
1755058783.302432 166.132943 -119.286219 3.922503 0.057938 0.078481 -0.294708 0.950595
1755058783.402597 166.118196 -119.280550 3.918739 0.056737 0.076228 -0.297352 0.950027
1755058783.505122 166.134529 -119.283286 3.928810 0.060645 0.078065 -0.295657 0.950166
1755058811.703303 166.140229 -119.286878 3.930403 0.058093 0.077128 -0.298772 0.949427
1755058811.803351 166.140766 -119.289564 3.928260 0.058138 0.077047 -0.298601 0.949485
1755058811.903384 166.139355 -119.291233 3.924795 0.058229 0.077009 -0.298073 0.949648
1755058812.003380 166.134065 -119.291840 3.922737 0.058229 0.077060 -0.297756 0.949743
1755058812.103417 166.133552 -119.287658 3.921311 0.058202 0.077021 -0.297129 0.949945
1755058812.203403 166.130391 -119.285192 3.923655 0.058279 0.077049 -0.296607 0.950101
1755058812.303342 166.127304 -119.284319 3.924519 0.058269 0.076995 -0.296508 0.950137
1755058812.403390 166.128848 -119.288524 3.925335 0.058277 0.076857 -0.296013 0.950302
1755058812.503398 166.130484 -119.290018 3.924535 0.058300 0.076781 -0.295849 0.950358
1755058812.603354 166.133010 -119.290585 3.923188 0.058401 0.076793 -0.295469 0.950469
1755058812.703470 166.132900 -119.289470 3.923162 0.058402 0.076812 -0.295564 0.950437
1755058812.803336 166.130191 -119.285789 3.923331 0.058055 0.076399 -0.295951 0.950372
1755058812.903392 166.132659 -119.288387 3.925265 0.057514 0.075945 -0.296579 0.950245
1755058813.003429 166.148708 -119.295496 3.925077 0.057837 0.076234 -0.296286 0.950294
1755058813.103312 166.160352 -119.302583 3.923211 0.057295 0.076238 -0.296135 0.950373
1755058813.203266 166.186792 -119.325064 3.916390 0.058149 0.076798 -0.292395 0.951434
1755058813.303325 166.211034 -119.340227 3.909168 0.058848 0.077750 -0.287006 0.952953
1755058813.403384 166.224641 -119.355655 3.901367 0.058032 0.075740 -0.279605 0.955362
1755058813.503274 166.248036 -119.372292 3.894880 0.060325 0.074190 -0.267511 0.958799
1755058813.603338 166.274532 -119.388582 3.903080 0.060602 0.073274 -0.251817 0.963092
1755058813.703324 166.318105 -119.396416 3.883278 0.064441 0.070342 -0.226505 0.969327
1755058813.803300 166.294403 -119.408223 3.895881 0.062351 0.069515 -0.212819 0.972619
1755058813.903416 166.330886 -119.425180 3.879541 0.064872 0.066242 -0.192084 0.976989
1755058814.003303 166.356571 -119.431544 3.868190 0.063921 0.065131 -0.183098 0.978850
1755058814.103202 166.401044 -119.453529 3.870735 0.064296 0.065642 -0.175420 0.980196
1755058814.203284 166.486520 -119.476808 3.862000 0.065569 0.065002 -0.168172 0.981424
1755058814.303321 166.575508 -119.502166 3.853587 0.064677 0.065316 -0.160823 0.982693
1755058814.403340 166.657161 -119.518212 3.848063 0.067825 0.065277 -0.148762 0.984382
1755058814.503599 166.725419 -119.532198 3.840941 0.068580 0.063693 -0.129750 0.987119
1755058814.603207 166.769788 -119.547741 3.834747 0.069058 0.062261 -0.104775 0.990140
1755058814.703234 166.797846 -119.554516 3.823067 0.071074 0.061729 -0.077921 0.992505
1755058814.803208 166.831054 -119.562081 3.818911 0.072050 0.060054 -0.050351 0.994317
1755058814.905851 166.873783 -119.578967 3.810032 0.075413 0.058823 -0.026371 0.995066
1755058815.004397 166.932338 -119.593510 3.794846 0.076796 0.056423 -0.008912 0.995409
1755058815.101923 166.989839 -119.601261 3.792570 0.075786 0.056347 -0.000611 0.995531
1755058815.202996 167.074945 -119.600260 3.785890 0.077565 0.054743 0.009420 0.995439
1755058815.303176 167.153222 -119.592069 3.777147 0.077923 0.052717 0.016139 0.995434
1755058815.403196 167.214887 -119.588271 3.773971 0.078702 0.051056 0.029576 0.995151
1755058815.503215 167.267740 -119.571185 3.781131 0.080425 0.052132 0.046494 0.994310
1755058815.603069 167.319261 -119.568105 3.783588 0.079685 0.048395 0.072445 0.993005
1755058815.703140 167.370646 -119.549664 3.770355 0.084751 0.047286 0.098147 0.990428
1755058815.803208 167.401056 -119.555298 3.768022 0.082277 0.044875 0.110877 0.989405
1755058815.905770 167.461897 -119.552510 3.761956 0.081833 0.044399 0.123355 0.987986
1755058816.004259 167.532598 -119.538012 3.759162 0.083189 0.043791 0.129602 0.987099
1755058816.101833 167.599973 -119.523698 3.757371 0.082020 0.042621 0.133152 0.986776
1755058816.202986 167.658791 -119.504400 3.743865 0.082557 0.041986 0.136698 0.986273
1755058816.303077 167.720161 -119.481881 3.737330 0.082548 0.040601 0.144713 0.985188
1755058816.403204 167.779285 -119.461489 3.731880 0.081810 0.039367 0.155548 0.983647
1755058816.503207 167.823946 -119.444602 3.737621 0.082525 0.038483 0.166010 0.981911
1755058816.603064 167.877939 -119.428822 3.740615 0.082142 0.036700 0.184529 0.978701
1755058816.703134 167.934451 -119.409172 3.740558 0.084663 0.031773 0.201184 0.975371
1755058816.803171 167.979585 -119.403260 3.740130 0.082432 0.037039 0.211105 0.973277
1755058816.903183 168.030760 -119.382762 3.738308 0.084042 0.033479 0.218499 0.971635
1755058817.003109 168.071926 -119.364151 3.739313 0.083364 0.031906 0.220701 0.971249
1755058817.103121 168.134879 -119.343138 3.730649 0.083735 0.032504 0.227063 0.969729
1755058817.202955 168.189744 -119.303575 3.727954 0.082810 0.032117 0.228586 0.969464
1755058817.303149 168.247016 -119.260814 3.732226 0.081818 0.032412 0.230777 0.969019
1755058817.403194 168.299739 -119.226338 3.740360 0.080147 0.032285 0.232505 0.968750
1755058817.503130 168.355507 -119.195304 3.743864 0.079554 0.033024 0.234252 0.968352
1755058817.602893 168.413219 -119.176381 3.739725 0.078968 0.032298 0.237095 0.967733
1755058817.703060 168.467689 -119.161976 3.737871 0.079796 0.029409 0.239369 0.967197
1755058817.803102 168.510108 -119.145834 3.733827 0.079582 0.030330 0.239869 0.967062
1755058817.903091 168.548049 -119.120795 3.730986 0.080507 0.029320 0.240148 0.966948
1755058818.003032 168.590969 -119.101234 3.722947 0.079132 0.029645 0.242019 0.966585
1755058818.102858 168.639579 -119.077997 3.722905 0.078897 0.030239 0.243520 0.966208
1755058818.203113 168.690203 -119.050813 3.728161 0.079775 0.027806 0.246288 0.965508
1755058818.303059 168.734844 -119.033600 3.726195 0.079880 0.028485 0.247911 0.965064
1755058818.403075 168.768565 -119.017223 3.724683 0.079525 0.028867 0.246747 0.965380
1755058818.502979 168.809026 -118.993090 3.725761 0.079802 0.027797 0.251417 0.964183
1755058818.603073 168.836139 -118.976496 3.723701 0.078808 0.030291 0.249584 0.964665
1755058818.702921 168.873612 -118.948224 3.730964 0.079534 0.026140 0.252766 0.963898
1755058818.802969 168.911771 -118.924736 3.730066 0.079739 0.027139 0.253621 0.963629
1755058818.903065 168.947978 -118.899799 3.728934 0.078455 0.029123 0.253013 0.963837
1755058819.002851 168.995235 -118.872710 3.730988 0.079360 0.027753 0.255918 0.963036
1755058819.102902 169.044351 -118.850761 3.733834 0.078788 0.027452 0.257898 0.962563
1755058819.202886 169.083991 -118.829914 3.732488 0.079266 0.027272 0.258171 0.962456
1755058819.302960 169.111976 -118.816414 3.733603 0.078161 0.027065 0.255709 0.963209
1755058819.402914 169.133759 -118.808498 3.732649 0.077853 0.029274 0.255584 0.963202
1755058819.503000 169.150821 -118.800515 3.730481 0.078405 0.028863 0.251341 0.964286
1755058819.602903 169.149172 -118.799532 3.727661 0.078713 0.025247 0.241792 0.966801
1755058819.703000 169.140313 -118.827977 3.728288 0.077430 0.028842 0.226238 0.970561
1755058819.802918 169.160955 -118.846929 3.714273 0.078744 0.033042 0.216329 0.972579
1755058819.903021 169.158381 -118.838110 3.742985 0.073743 0.026682 0.193556 0.977950
1755058820.002908 169.165097 -118.850012 3.755319 0.076259 0.024845 0.184317 0.979589
1755058820.102939 169.151122 -118.881769 3.745499 0.074648 0.029313 0.164530 0.983107
1755058820.202976 169.174842 -118.867084 3.733725 0.075002 0.030509 0.147998 0.985668
1755058820.302905 169.203078 -118.860601 3.725445 0.075339 0.031513 0.127109 0.988521
1755058820.402709 169.223667 -118.855562 3.719600 0.075928 0.035583 0.107971 0.990611
1755058820.502891 169.268071 -118.863214 3.719070 0.072456 0.034352 0.090329 0.992679
1755058820.602969 169.295386 -118.859850 3.707439 0.074004 0.040199 0.068918 0.994061
1755058820.702846 169.305549 -118.862759 3.711806 0.071155 0.036915 0.050791 0.995487
1755058820.802800 169.315749 -118.866253 3.707773 0.072173 0.042101 0.033387 0.995944
1755058820.903008 169.306222 -118.862013 3.705376 0.069601 0.040345 0.012041 0.996686
1755058821.002800 169.313854 -118.867403 3.719050 0.070403 0.038971 -0.001729 0.996756
1755058821.102914 169.328623 -118.868302 3.713280 0.070201 0.042279 -0.012916 0.996553
1755058821.202837 169.340538 -118.873835 3.713006 0.068752 0.038215 -0.021852 0.996662
1755058821.302633 169.352375 -118.880286 3.710268 0.070706 0.040513 -0.029281 0.996244
1755058821.402630 169.370928 -118.884212 3.713605 0.069685 0.038612 -0.032767 0.996283
1755058821.502920 169.392215 -118.894058 3.710569 0.069317 0.039400 -0.038136 0.996087
1755058821.602909 169.428587 -118.898022 3.705105 0.069748 0.040713 -0.040627 0.995905
1755058821.702755 169.447420 -118.912627 3.702293 0.068324 0.042904 -0.048025 0.995583
1755058821.802605 169.472877 -118.918378 3.698511 0.068076 0.042976 -0.053856 0.995298
1755058821.902791 169.494234 -118.919623 3.695490 0.068958 0.043355 -0.063273 0.994667
1755058822.002853 169.508638 -118.922935 3.693721 0.067096 0.041994 -0.075441 0.994004
1755058822.102587 169.530571 -118.928484 3.687224 0.069560 0.044615 -0.086078 0.992855
1755058822.202575 169.530104 -118.925433 3.690729 0.065117 0.042915 -0.101015 0.991824
1755058822.302872 169.542211 -118.922341 3.688072 0.067755 0.045016 -0.111546 0.990424
1755058822.402653 169.540423 -118.930167 3.684247 0.065292 0.044189 -0.117063 0.989990
1755058822.502586 169.539553 -118.928207 3.684489 0.066845 0.044699 -0.122414 0.989216
1755058822.602706 169.543648 -118.934829 3.685855 0.065870 0.044513 -0.123294 0.989181
1755058822.702765 169.546193 -118.940948 3.680793 0.065440 0.044413 -0.123769 0.989154
1755058822.802817 169.564782 -118.950446 3.678272 0.065339 0.043528 -0.123873 0.989187
1755058822.902585 169.598397 -118.957376 3.680295 0.066298 0.043678 -0.124320 0.989061
1755058823.002630 169.644355 -118.967238 3.678281 0.066269 0.043602 -0.125338 0.988938
1755058823.102719 169.696878 -118.986050 3.672403 0.065477 0.043249 -0.126068 0.988913
1755058823.202538 169.748778 -119.004781 3.661735 0.066418 0.043735 -0.126726 0.988745
1755058823.302524 169.791994 -119.017279 3.651939 0.065532 0.042729 -0.127531 0.988744
1755058823.402658 169.824330 -119.027251 3.650707 0.065158 0.043068 -0.127738 0.988728
1755058823.502751 169.858280 -119.029315 3.644436 0.065134 0.042984 -0.130526 0.988369
1755058823.602572 169.899046 -119.041496 3.650487 0.065088 0.043817 -0.130790 0.988300
1755058823.702656 169.917673 -119.044557 3.651347 0.064679 0.042129 -0.136174 0.987673
1755058823.802661 169.949382 -119.052391 3.657051 0.064123 0.042362 -0.141351 0.986972
1755058823.902720 169.989623 -119.061452 3.652997 0.063935 0.043743 -0.149035 0.985793
1755058824.002683 170.022363 -119.088658 3.646540 0.063461 0.044500 -0.158351 0.984336
1755058824.102676 170.058390 -119.098183 3.635176 0.063550 0.045819 -0.171234 0.982110
1755058824.202559 170.103157 -119.116619 3.625229 0.062970 0.046603 -0.181232 0.980315
1755058824.302488 170.149308 -119.136836 3.616627 0.063651 0.047149 -0.190302 0.978525
1755058824.402224 170.182082 -119.158315 3.618825 0.062543 0.048174 -0.199995 0.976611
1755058824.502727 170.214669 -119.163395 3.619097 0.062868 0.049169 -0.211893 0.974029
1755058824.602689 170.255618 -119.182725 3.616333 0.062234 0.050077 -0.220025 0.972218
1755058824.702537 170.271695 -119.199057 3.609667 0.061753 0.050610 -0.233690 0.969027
1755058824.802645 170.307810 -119.210951 3.606179 0.061775 0.051603 -0.244622 0.966272
1755058824.902573 170.341537 -119.231733 3.603286 0.061044 0.051563 -0.256170 0.963323
1755058825.002440 170.356637 -119.247645 3.603424 0.059859 0.052483 -0.269874 0.959599
1755058825.102542 170.391688 -119.269066 3.591503 0.059901 0.052905 -0.282975 0.955792
1755058825.202661 170.414831 -119.298283 3.590801 0.057390 0.052549 -0.294093 0.952604
1755058825.302543 170.435025 -119.317205 3.591611 0.058573 0.054790 -0.307596 0.948131
1755058825.402502 170.463893 -119.339425 3.582592 0.056734 0.054833 -0.317117 0.945099
1755058825.502642 170.473818 -119.350833 3.574982 0.056652 0.055561 -0.325984 0.942039
1755058825.602597 170.502447 -119.365483 3.575055 0.056875 0.056832 -0.329826 0.940612
1755058825.702543 170.502777 -119.368772 3.580494 0.055635 0.056106 -0.332362 0.939836
1755058825.802535 170.495570 -119.363046 3.582205 0.056358 0.056049 -0.332191 0.939857
1755058825.902473 170.481646 -119.354296 3.581748 0.055756 0.055702 -0.332282 0.939882
1755058826.005185 170.471065 -119.351572 3.581123 0.056188 0.056016 -0.331849 0.939990
1755058826.101123 170.471243 -119.352325 3.580862 0.055928 0.055710 -0.331223 0.940244
1755058826.202566 170.474394 -119.352322 3.579163 0.056232 0.055686 -0.330879 0.940349
1755058826.302502 170.476423 -119.354551 3.578373 0.056100 0.055820 -0.330518 0.940476
1755058826.402501 170.481828 -119.354108 3.578265 0.056237 0.055733 -0.330373 0.940524
1755058826.502385 170.483090 -119.356942 3.578926 0.056163 0.055792 -0.330590 0.940448
1755058826.602474 170.483993 -119.355323 3.578577 0.056243 0.055711 -0.330288 0.940555
1755058826.702530 170.482561 -119.355912 3.579327 0.056162 0.055832 -0.330625 0.940434
1755058826.802439 170.489808 -119.360271 3.583915 0.055430 0.055371 -0.329373 0.940944
1755058826.902379 170.483707 -119.364945 3.580346 0.056214 0.054972 -0.328607 0.941189
1755058840.602972 170.488812 -119.361131 3.577390 0.055760 0.055062 -0.328704 0.941176
1755058840.702893 170.500337 -119.365108 3.572651 0.055872 0.055138 -0.327545 0.941569
1755058840.803325 170.502634 -119.361893 3.572258 0.056128 0.055078 -0.327979 0.941406
