1755058245.604774 0.006139 0.002603 -0.000651 0.000071 0.000159 -0.000264 1.000000
1755058245.704733 0.022322 -0.000664 -0.001529 -0.000055 0.000007 0.000478 1.000000
1755058245.804721 0.013460 -0.000661 -0.000502 -0.000043 0.000087 0.000249 1.000000
1755058245.904685 0.023165 -0.006776 0.000929 -0.000061 0.000001 0.000564 1.000000
1755058246.004697 0.025720 -0.012076 0.002967 -0.000018 0.000075 0.000391 1.000000
1755058246.104690 0.032721 -0.016219 0.002461 -0.000067 0.000030 0.000468 1.000000
1755058246.204732 0.034213 -0.015201 0.003853 -0.000036 0.000088 0.000169 1.000000
1755058246.304741 0.041768 -0.019939 0.003937 -0.000054 0.000032 0.000365 1.000000
1755058246.404672 0.040063 -0.016409 0.003295 -0.000057 0.000039 0.000391 1.000000
1755058246.504672 0.037811 -0.012271 0.002811 -0.000042 0.000017 0.000373 1.000000
1755058246.604719 0.037543 -0.016369 0.003589 -0.000027 0.000030 0.000612 1.000000
1755058246.704688 0.041735 -0.018191 0.004604 -0.000046 0.000038 0.000846 1.000000
1755058246.804597 0.038027 -0.015015 0.003571 -0.000048 0.000030 0.000321 1.000000
1755058246.904688 0.035321 -0.014198 0.002920 -0.000028 0.000039 0.000382 1.000000
1755058247.004694 0.047796 -0.012335 0.003741 -0.000040 0.000004 0.000443 1.000000
1755058247.104672 0.045284 -0.008263 0.003455 -0.000021 0.000032 0.000240 1.000000
1755058247.204656 0.042610 -0.009290 0.002291 -0.000026 0.000012 0.000523 1.000000
1755058247.304634 0.041482 -0.010131 0.002836 -0.000030 0.000012 0.000565 1.000000
1755058247.404613 0.041565 -0.012219 0.003426 -0.000023 0.000042 0.000100 1.000000
1755058247.504624 0.043818 -0.010809 0.004257 -0.000037 0.000038 0.000373 1.000000
1755058247.604638 0.041157 -0.012368 0.003496 -0.000023 0.000028 0.000315 1.000000
1755058247.704570 0.047024 -0.011830 0.003750 -0.000031 0.000000 0.000364 1.000000
1755058247.804645 0.050511 -0.006554 0.004580 -0.000008 0.000026 0.000315 1.000000
1755058247.904612 0.047728 -0.004604 0.004334 -0.000010 0.000034 -0.000029 1.000000
1755058248.004623 0.039256 0.000647 0.003279 -0.000008 0.000038 0.000327 1.000000
1755058248.104602 0.045726 -0.001132 0.003704 -0.000003 0.000020 0.000017 1.000000
1755058248.204603 0.045825 -0.004482 0.003134 -0.000014 -0.000001 0.000215 1.000000
1755058248.304605 0.048849 -0.009394 0.003504 -0.000027 0.000012 0.000225 1.000000
1755058248.404550 0.054167 -0.010727 0.004089 -0.000027 -0.000002 0.000352 1.000000
1755058248.504583 0.057617 -0.012988 0.004461 -0.000034 0.000005 0.000404 1.000000
1755058248.604502 0.052888 -0.016633 0.003104 -0.000059 0.000006 0.000505 1.000000
1755058248.704547 0.051817 -0.015136 0.003426 -0.000043 0.000007 0.000620 1.000000
1755058248.804489 0.050121 -0.013795 0.003888 -0.000040 0.000022 0.000448 1.000000
1755058248.904550 0.051739 -0.014445 0.005033 -0.000037 0.000000 0.000290 1.000000
1755058249.004501 0.058923 -0.014773 0.004470 -0.000041 0.000007 0.000428 1.000000
1755058249.104549 0.058587 -0.016079 0.003264 -0.000060 -0.000029 0.000551 1.000000
1755058249.204525 0.055937 -0.016517 0.003522 -0.000040 -0.000016 0.000439 1.000000
1755058249.304486 0.052097 -0.015527 0.003421 -0.000037 0.000002 0.000360 1.000000
1755058249.404482 0.055766 -0.017394 0.003626 -0.000056 -0.000008 0.000565 1.000000
1755058249.504471 0.053074 -0.017021 0.003495 -0.000049 0.000010 0.000430 1.000000
1755058249.604477 0.054082 -0.017984 0.003563 -0.000045 -0.000003 0.000414 1.000000
1755058249.704480 0.053074 -0.016003 0.003414 -0.000051 -0.000000 0.000325 1.000000
1755058249.804451 0.055416 -0.013706 0.003896 -0.000053 -0.000009 0.000695 1.000000
1755058249.904510 0.053392 -0.013924 0.003471 -0.000041 -0.000005 0.000328 1.000000
1755058250.004490 0.049921 -0.011544 0.003402 -0.000026 -0.000005 0.000281 1.000000
1755058250.104497 0.038764 -0.018299 0.003324 -0.000044 0.000025 0.000304 1.000000
1755058250.204444 0.039142 -0.019594 0.002912 -0.000060 0.000029 0.000350 1.000000
1755058250.304491 0.042802 -0.017823 0.003009 -0.000056 0.000010 0.000509 1.000000
1755058250.404399 0.042780 -0.015678 0.002853 -0.000041 0.000011 0.000235 1.000000
1755058250.504430 0.041507 -0.019382 0.002878 -0.000055 0.000019 0.000322 1.000000
1755058250.604477 0.038242 -0.017640 0.002944 -0.000046 0.000019 0.000396 1.000000
1755058250.704451 0.043046 -0.015622 0.003035 -0.000045 0.000030 0.000440 1.000000
1755058250.804410 0.042104 -0.014807 0.003271 -0.000044 0.000025 0.000285 1.000000
1755058250.904448 0.040973 -0.012200 0.003262 -0.000042 0.000021 0.000441 1.000000
1755058251.004571 0.041993 -0.016831 0.002995 -0.000053 0.000017 0.000655 1.000000
1755058251.104314 0.039429 -0.018400 0.002837 -0.000049 0.000027 0.000469 1.000000
1755058251.204429 0.036995 -0.021584 0.002332 -0.000071 0.000024 0.000376 1.000000
1755058251.304397 0.038326 -0.021283 0.002824 -0.000063 0.000030 0.000303 1.000000
1755058251.404418 0.038430 -0.021000 0.002842 -0.000058 0.000037 0.000359 1.000000
1755058251.504408 0.034447 -0.018950 0.003012 -0.000051 0.000038 0.000359 1.000000
1755058251.604303 0.036217 -0.019579 0.003256 -0.000053 0.000029 0.000397 1.000000
1755058251.704348 0.039617 -0.020184 0.003182 -0.000048 0.000022 0.000124 1.000000
1755058251.804379 0.042558 -0.021396 0.003351 -0.000060 0.000009 0.000644 1.000000
1755058251.904468 0.043440 -0.023718 0.003215 -0.000070 0.000022 0.000577 1.000000
1755058252.004379 0.041983 -0.023716 0.003004 -0.000068 0.000019 0.000567 1.000000
1755058252.104369 0.043768 -0.024168 0.003129 -0.000071 0.000014 0.000396 1.000000
1755058252.204351 0.041316 -0.024486 0.003221 -0.000063 0.000031 0.000477 1.000000
1755058252.304281 0.041971 -0.024957 0.003284 -0.000071 0.000033 0.000590 1.000000
1755058252.404484 0.046259 -0.030163 0.003435 -0.000062 0.000024 0.000035 1.000000
1755058252.504335 0.050318 -0.028755 0.003327 -0.000069 -0.000004 0.000224 1.000000
1755058252.604312 0.054237 -0.031206 0.003192 -0.000082 -0.000014 0.000164 1.000000
1755058252.704328 0.060765 -0.024809 0.002758 -0.000066 -0.000024 0.000422 1.000000
1755058252.804297 0.057725 -0.021810 0.003033 -0.000053 -0.000013 0.000386 1.000000
1755058252.904229 0.057284 -0.020287 0.003283 -0.000050 -0.000018 0.000339 1.000000
1755058253.004312 0.056427 -0.020576 0.003459 -0.000054 -0.000004 0.000405 1.000000
1755058253.104294 0.060779 -0.018647 0.003412 -0.000041 -0.000011 0.000070 1.000000
1755058253.204284 0.061910 -0.019389 0.002958 -0.000053 -0.000028 0.000327 1.000000
1755058253.304264 0.060881 -0.019086 0.002886 -0.000042 -0.000031 0.000336 1.000000
1755058253.404317 0.058632 -0.019871 0.003071 -0.000056 -0.000032 0.000486 1.000000
1755058253.504305 0.055686 -0.021841 0.002980 -0.000074 -0.000031 0.000729 1.000000
1755058253.604226 0.060308 -0.022369 0.003307 -0.000060 -0.000031 0.000365 1.000000
1755058253.704233 0.060599 -0.021650 0.003596 -0.000054 -0.000011 0.000329 1.000000
1755058253.804245 0.060251 -0.021653 0.003287 -0.000058 -0.000024 0.000511 1.000000
1755058253.904245 0.060780 -0.021160 0.003061 -0.000047 -0.000022 0.000257 1.000000
1755058254.004238 0.058376 -0.022374 0.003014 -0.000063 -0.000017 0.000480 1.000000
1755058254.104231 0.058711 -0.021048 0.003244 -0.000061 -0.000010 0.000566 1.000000
1755058254.204206 0.062636 -0.021874 0.003057 -0.000081 -0.000039 0.000874 1.000000
1755058254.304178 0.062151 -0.022879 0.003237 -0.000063 -0.000033 0.000598 1.000000
1755058254.404175 0.062962 -0.021819 0.003006 -0.000060 -0.000044 0.000381 1.000000
1755058254.504209 0.061670 -0.025654 0.003084 -0.000058 -0.000021 0.000341 1.000000
1755058254.604202 0.059085 -0.023786 0.002912 -0.000057 -0.000023 0.000392 1.000000
1755058254.704214 0.058136 -0.026640 0.003133 -0.000067 -0.000011 0.000585 1.000000
1755058254.804153 0.056152 -0.024106 0.002954 -0.000063 -0.000013 0.000428 1.000000
1755058254.904148 0.057764 -0.021158 0.003315 -0.000051 -0.000022 0.000394 1.000000
1755058255.004169 0.057317 -0.021832 0.003071 -0.000058 -0.000020 0.000642 1.000000
1755058255.104137 0.041674 -0.024196 0.002643 -0.000066 0.000019 0.000317 1.000000
1755058255.204117 0.036169 -0.023235 0.002719 -0.000062 0.000017 0.000556 1.000000
1755058271.704488 0.028779 -0.023048 0.002652 -0.000067 -0.000049 0.000669 1.000000
1755058271.804363 0.036902 -0.031823 0.001646 -0.000087 -0.000002 0.000880 1.000000
1755058271.904373 0.035984 -0.024823 0.002642 -0.000073 0.000020 0.001057 0.999999
1755058272.004426 0.039407 -0.020616 0.002775 -0.000059 0.000017 0.000875 1.000000
1755058272.104435 0.037701 -0.019478 0.002991 -0.000051 0.000001 0.001018 0.999999
1755058272.204319 0.031344 -0.018238 0.002856 -0.000055 0.000030 0.001335 0.999999
1755058272.304348 0.031170 -0.017285 0.002997 -0.000048 0.000024 0.001718 0.999999
1755058272.404373 0.034320 -0.015801 0.002898 -0.000046 0.000014 0.002016 0.999998
1755058272.504330 0.034181 -0.014262 0.003048 -0.000038 0.000022 0.002085 0.999998
1755058272.604451 0.025875 -0.019186 0.003683 -0.000054 0.000043 0.003668 0.999993
1755058272.704564 0.027258 -0.021314 0.004246 -0.000074 0.000035 0.005314 0.999986
1755058272.804348 0.046940 -0.014093 0.003863 -0.000051 0.000016 0.005229 0.999986
1755058272.904302 0.074465 -0.010168 0.003431 0.000046 0.000399 0.006227 0.999981
1755058273.004330 0.107848 -0.004832 0.003324 -0.000027 -0.000062 0.006355 0.999980
1755058273.104366 0.164582 -0.003384 0.003557 0.000001 -0.000171 0.008794 0.999961
1755058273.204353 0.205843 -0.005797 0.003315 -0.000013 -0.000296 0.009472 0.999955
1755058273.304342 0.246036 -0.004130 0.003461 -0.000022 -0.000413 0.009726 0.999953
1755058273.404316 0.287527 0.001341 0.004750 -0.000003 -0.000476 0.010104 0.999949
1755058273.504350 0.333732 -0.001021 0.005285 0.000010 -0.000559 0.006579 0.999978
1755058273.604295 0.363597 -0.018382 0.006112 -0.000028 -0.000593 0.005885 0.999983
1755058273.704309 0.395457 -0.013156 0.010042 0.000017 -0.000650 0.000095 1.000000
1755058273.804285 0.496360 -0.007487 0.009751 0.000041 -0.000905 -0.008180 0.999966
1755058273.905649 0.611726 -0.025185 0.007770 0.000039 -0.001126 -0.028530 0.999592
1755058274.004457 0.655942 -0.027750 0.008388 0.000091 -0.001242 -0.046309 0.998926
1755058274.104306 0.712606 -0.046217 0.009188 0.000078 -0.001370 -0.060805 0.998149
1755058274.204298 0.765584 -0.056816 0.008524 0.000072 -0.001484 -0.077115 0.997021
1755058274.304291 0.813344 -0.086713 0.012706 0.000044 -0.001494 -0.089970 0.995943
1755058274.404282 0.882280 -0.111717 0.011627 0.000034 -0.001614 -0.094583 0.995516
1755058274.504270 0.952437 -0.126967 0.012471 0.000010 -0.001830 -0.095095 0.995467
1755058274.604289 1.035305 -0.157971 0.011628 -0.000033 -0.001977 -0.096821 0.995300
1755058274.704264 1.113123 -0.181166 0.012240 -0.000040 -0.002125 -0.098527 0.995132
1755058274.804281 1.206726 -0.207549 0.016236 -0.000028 -0.002241 -0.101020 0.994882
1755058274.904266 1.321840 -0.224383 0.016964 -0.000048 -0.002458 -0.106098 0.994353
1755058275.004269 1.428545 -0.224671 0.019885 -0.000013 -0.002668 -0.107915 0.994157
1755058275.104245 1.580036 -0.265194 0.021774 -0.000002 -0.002769 -0.108044 0.994142
1755058275.204246 1.729590 -0.303573 0.020766 -0.000135 -0.003282 -0.109003 0.994036
1755058275.304191 1.868896 -0.346111 0.025076 -0.000179 -0.003378 -0.107807 0.994166
1755058275.404208 2.005798 -0.386736 0.027671 -0.000178 -0.003560 -0.109140 0.994020
1755058275.504178 2.138368 -0.411947 0.027319 -0.000195 -0.003785 -0.109633 0.993965
1755058275.604183 2.248070 -0.441874 0.028207 -0.000173 -0.004117 -0.111665 0.993737
1755058275.704202 2.376639 -0.475671 0.029455 -0.000251 -0.004548 -0.118941 0.992891
1755058275.804161 2.518498 -0.511811 0.032036 -0.000275 -0.004470 -0.126046 0.992014
1755058275.904189 2.677646 -0.546170 0.037888 -0.000377 -0.004551 -0.131344 0.991326
1755058276.004131 2.816528 -0.588572 0.039213 -0.000311 -0.004753 -0.133144 0.991085
1755058276.104167 2.949397 -0.632989 0.038497 -0.000342 -0.005131 -0.135629 0.990746
1755058276.204139 3.060425 -0.663745 0.038152 -0.000359 -0.005694 -0.136422 0.990634
1755058276.304162 3.168024 -0.689670 0.041511 -0.000357 -0.005849 -0.136147 0.990671
1755058276.404146 3.286510 -0.714515 0.042493 -0.000469 -0.005836 -0.133698 0.991005
1755058276.504057 3.432729 -0.761847 0.045876 -0.000468 -0.005955 -0.131671 0.991276
1755058276.604107 3.584641 -0.800331 0.051737 -0.000582 -0.005946 -0.130238 0.991465
1755058276.704125 3.728968 -0.834486 0.054936 -0.000559 -0.006231 -0.128441 0.991697
1755058276.804128 3.860392 -0.874896 0.054732 -0.000643 -0.006609 -0.124510 0.992196
1755058276.904121 3.997263 -0.915134 0.055613 -0.000102 -0.006767 -0.123831 0.992280
1755058277.004072 4.121448 -0.935100 0.061695 -0.000553 -0.006937 -0.122205 0.992480
1755058277.104086 4.241698 -0.967731 0.065574 -0.000702 -0.007310 -0.119102 0.992855
1755058277.204086 4.368896 -1.012989 0.070244 -0.000844 -0.007317 -0.115913 0.993232
1755058277.304084 4.500144 -1.046508 0.072888 -0.000728 -0.007697 -0.114417 0.993403
1755058277.405375 4.643123 -1.084104 0.071317 -0.000853 -0.008078 -0.112686 0.993597
1755058277.505413 4.774825 -1.113719 0.076072 -0.000713 -0.007822 -0.112186 0.993656
1755058277.605398 4.923229 -1.144944 0.082361 -0.000805 -0.008054 -0.112947 0.993568
1755058277.704194 5.048596 -1.175408 0.083172 -0.001008 -0.008590 -0.113457 0.993505
1755058277.804031 5.186278 -1.202158 0.082873 -0.001054 -0.008868 -0.113215 0.993530
1755058277.905385 5.319185 -1.241768 0.088249 -0.000933 -0.009069 -0.115433 0.993273
1755058278.005308 5.462162 -1.272919 0.091587 -0.000940 -0.009058 -0.120876 0.992626
1755058278.104040 5.600119 -1.307441 0.096773 -0.000853 -0.008120 -0.122300 0.992460
1755058278.204032 5.743755 -1.357550 0.111122 -0.000770 -0.007793 -0.124605 0.992176
1755058278.305349 5.888822 -1.404432 0.112098 -0.000707 -0.008422 -0.129808 0.991503
1755058278.405355 6.019457 -1.438024 0.111528 -0.000789 -0.008956 -0.135597 0.990723
1755058278.505283 6.142385 -1.468684 0.109639 -0.000873 -0.009646 -0.143760 0.989565
1755058278.604006 6.266308 -1.519521 0.113672 -0.000805 -0.009942 -0.150837 0.988508
1755058278.704009 6.405205 -1.567213 0.118069 -0.000716 -0.009233 -0.155653 0.987768
1755058278.803999 6.541259 -1.605866 0.122395 -0.000766 -0.009354 -0.158048 0.987387
1755058278.905351 6.645145 -1.640614 0.128272 -0.000537 -0.009349 -0.159296 0.987186
1755058279.005434 6.741874 -1.676029 0.130944 -0.000560 -0.009651 -0.158718 0.987277
1755058279.105331 6.831759 -1.713354 0.135657 -0.000643 -0.009982 -0.159236 0.987190
1755058279.205301 6.916638 -1.742170 0.137914 -0.000548 -0.009954 -0.160278 0.987022
1755058279.303922 6.982394 -1.760714 0.136285 -0.000613 -0.010005 -0.160938 0.986914
1755058279.403960 7.039690 -1.783531 0.139316 -0.000687 -0.010298 -0.162301 0.986687
1755058279.503920 7.091970 -1.801347 0.140013 -0.000668 -0.010014 -0.163112 0.986557
1755058279.605297 7.122600 -1.816249 0.138953 -0.000728 -0.010230 -0.162748 0.986614
1755058279.705281 7.136848 -1.823980 0.148098 -0.000642 -0.010393 -0.161901 0.986752
1755058279.805253 7.122012 -1.821006 0.145766 -0.000681 -0.010509 -0.161649 0.986792
1755058279.905205 7.127989 -1.811776 0.144358 -0.000634 -0.010472 -0.162124 0.986715
1755058291.804468 7.118337 -1.817429 0.138688 -0.000590 -0.010344 -0.162124 0.986716
1755058291.904508 7.111735 -1.822171 0.139687 -0.000699 -0.010476 -0.161986 0.986737
1755058292.004462 7.110225 -1.828756 0.140500 -0.000699 -0.010462 -0.161991 0.986736
1755058292.104442 7.108788 -1.828332 0.142443 -0.000627 -0.010392 -0.162021 0.986732
1755058292.204556 7.103130 -1.828761 0.143864 -0.000638 -0.010436 -0.161890 0.986753
1755058292.304468 7.113235 -1.824912 0.139805 -0.000693 -0.010468 -0.161628 0.986796
1755058292.404470 7.111676 -1.823412 0.141469 -0.000655 -0.010467 -0.161172 0.986871
1755058292.504392 7.110348 -1.821081 0.142008 -0.000665 -0.010466 -0.160714 0.986945
1755058292.604490 7.115678 -1.818688 0.142589 -0.000734 -0.010638 -0.159173 0.987193
1755058292.704444 7.126218 -1.816636 0.142778 -0.000769 -0.010528 -0.158339 0.987328
1755058292.804457 7.170082 -1.830054 0.144638 -0.000675 -0.010547 -0.157778 0.987418
1755058292.904416 7.219405 -1.853645 0.146420 -0.000791 -0.010732 -0.157653 0.987436
1755058293.004448 7.265545 -1.867909 0.148005 -0.000779 -0.010732 -0.156375 0.987639
1755058293.104542 7.317166 -1.888815 0.152906 -0.000753 -0.011204 -0.155542 0.987765
1755058293.204360 7.382973 -1.916447 0.154479 -0.000698 -0.011405 -0.154607 0.987910
1755058293.304461 7.456757 -1.943228 0.157095 -0.000461 -0.010608 -0.153821 0.988042
1755058293.404374 7.540580 -1.966860 0.159597 -0.000779 -0.011278 -0.153325 0.988111
1755058293.504430 7.631801 -1.997648 0.160269 -0.000807 -0.011590 -0.153070 0.988147
1755058293.604429 7.742561 -2.029882 0.164413 -0.000850 -0.011879 -0.152426 0.988243
1755058293.704348 7.856530 -2.062086 0.166979 -0.001014 -0.011941 -0.151806 0.988338
1755058293.804416 7.981004 -2.109734 0.175179 -0.000871 -0.011937 -0.149821 0.988641
1755058293.904415 8.100638 -2.157619 0.180278 -0.000873 -0.012132 -0.149664 0.988662
1755058294.004378 8.208971 -2.187195 0.181730 -0.001000 -0.012462 -0.150579 0.988519
1755058294.104352 8.320944 -2.224093 0.186183 -0.000677 -0.012226 -0.151301 0.988412
1755058294.204437 8.445487 -2.270744 0.189342 -0.000896 -0.012274 -0.150804 0.988487
1755058294.304344 8.570921 -2.316815 0.197337 -0.000778 -0.012104 -0.151491 0.988384
1755058294.404307 8.678827 -2.352252 0.198815 -0.000958 -0.012846 -0.151691 0.988344
1755058294.504303 8.788435 -2.382299 0.198618 -0.001294 -0.013976 -0.153923 0.987983
1755058294.604321 8.903674 -2.410723 0.209875 -0.002422 -0.018903 -0.158247 0.987216
1755058294.704331 9.019770 -2.438579 0.196953 -0.001702 -0.016368 -0.163054 0.986480
1755058294.804312 9.147815 -2.495619 0.201675 -0.001220 -0.014378 -0.169314 0.985456
1755058294.904297 9.297553 -2.551761 0.192002 -0.000581 -0.010605 -0.177176 0.984122
1755058295.004262 9.408235 -2.598381 0.189536 0.000598 -0.003860 -0.181613 0.983362
1755058295.104276 9.509876 -2.657106 0.217827 0.000058 -0.009228 -0.183875 0.982906
1755058295.204246 9.618251 -2.682367 0.231103 -0.000768 -0.012040 -0.186500 0.982381
1755058295.304247 9.716736 -2.717140 0.239081 -0.001153 -0.013918 -0.186962 0.982268
1755058295.404267 9.818829 -2.756972 0.243372 -0.001108 -0.014276 -0.189430 0.981790
1755058295.504272 9.934658 -2.807444 0.242767 -0.001270 -0.014437 -0.192403 0.981209
1755058295.604279 10.050607 -2.851323 0.249523 -0.001246 -0.014532 -0.196483 0.980399
1755058295.704268 10.154927 -2.897366 0.260073 -0.001821 -0.018070 -0.198460 0.979941
1755058295.804222 10.248816 -2.948521 0.254889 -0.001561 -0.018644 -0.201323 0.979346
1755058295.904280 10.355176 -3.005662 0.257096 -0.001146 -0.016203 -0.203852 0.978867
1755058296.004271 10.471365 -3.050663 0.250660 -0.001453 -0.015349 -0.204954 0.978650
1755058296.104196 10.594830 -3.092374 0.261558 -0.000412 -0.008998 -0.205840 0.978544
1755058296.204226 10.706956 -3.156567 0.280053 0.000592 -0.010875 -0.204988 0.978704
1755058296.304194 10.819622 -3.206421 0.284181 -0.000419 -0.012889 -0.204378 0.978807
1755058296.404328 10.932958 -3.251129 0.288419 -0.000879 -0.013384 -0.204872 0.978697
1755058296.504204 11.041202 -3.305864 0.286450 -0.000722 -0.013544 -0.203687 0.978942
1755058296.604144 11.154561 -3.353246 0.285873 -0.000776 -0.014160 -0.203147 0.979045
1755058296.704335 11.263831 -3.406641 0.287956 -0.001550 -0.015214 -0.205277 0.978584
1755058296.804201 11.388254 -3.459290 0.296468 -0.000781 -0.014781 -0.210009 0.977587
1755058296.904157 11.506794 -3.518914 0.306349 -0.000461 -0.014266 -0.213389 0.976863
1755058297.004123 11.608275 -3.570973 0.314664 -0.000689 -0.015516 -0.216377 0.976186
1755058297.104156 11.708604 -3.621274 0.330094 -0.000712 -0.015874 -0.217123 0.976015
1755058297.204174 11.804411 -3.686253 0.349919 -0.000101 -0.018768 -0.217289 0.975927
1755058297.304126 11.905193 -3.751830 0.349345 -0.000545 -0.018861 -0.217441 0.975891
1755058297.404137 12.022140 -3.790528 0.330844 -0.000629 -0.016906 -0.214045 0.976677
1755058297.504113 12.143640 -3.838017 0.319472 -0.000165 -0.011233 -0.209129 0.977824
1755058297.604112 12.255578 -3.880929 0.329233 0.001446 -0.009145 -0.203972 0.978933
1755058297.704087 12.366387 -3.931463 0.351082 0.000284 -0.013286 -0.200820 0.979538
1755058297.804082 12.466916 -3.958199 0.351867 -0.004151 -0.025139 -0.199360 0.979595
1755058297.904130 12.576082 -3.986854 0.352528 -0.005001 -0.027527 -0.199456 0.979507
1755058298.004113 12.686735 -4.030484 0.356744 -0.002887 -0.020376 -0.199310 0.979720
1755058298.104112 12.804534 -4.088028 0.343490 -0.002238 -0.013590 -0.197587 0.980189
1755058298.204060 12.934241 -4.130244 0.317203 -0.000435 -0.004080 -0.198654 0.980061
1755058298.304092 13.058371 -4.183946 0.337835 0.001439 -0.002493 -0.196843 0.980431
1755058298.404027 13.165605 -4.250375 0.359896 0.001041 -0.006312 -0.196070 0.980569
1755058298.505392 13.275843 -4.305648 0.378890 -0.001455 -0.012596 -0.198404 0.980038
1755058298.604080 13.392220 -4.360724 0.374938 -0.002213 -0.016172 -0.204157 0.978802
1755058298.704181 13.500372 -4.428378 0.386523 -0.002706 -0.014764 -0.211716 0.977216
1755058298.804069 13.602426 -4.488222 0.394538 -0.001836 -0.016645 -0.220641 0.975211
1755058298.904016 13.703765 -4.557822 0.411669 -0.000055 -0.016261 -0.229425 0.973191
1755058299.004051 13.804883 -4.600764 0.407613 -0.000807 -0.014484 -0.235565 0.971750
1755058299.104052 13.909282 -4.651698 0.397382 -0.000990 -0.013351 -0.238312 0.971096
1755058299.204037 14.010519 -4.700903 0.400771 0.000792 -0.010062 -0.240459 0.970607
1755058299.304002 14.110470 -4.768459 0.417120 0.002335 -0.010818 -0.241681 0.970293
1755058299.404055 14.206134 -4.824830 0.423224 0.001392 -0.012621 -0.243029 0.969936
1755058299.504023 14.295001 -4.864895 0.431825 -0.000361 -0.013858 -0.242878 0.969958
1755058299.603928 14.378767 -4.912550 0.432998 -0.000058 -0.013870 -0.243060 0.969912
1755058299.704026 14.450787 -4.957208 0.434254 0.000364 -0.013137 -0.243498 0.969812
1755058299.803974 14.516640 -4.996636 0.435363 0.000886 -0.012993 -0.243782 0.969743
1755058299.904000 14.569416 -5.030195 0.435296 0.000458 -0.012519 -0.243360 0.969855
1755058300.003998 14.606816 -5.051026 0.436994 0.000759 -0.013009 -0.244364 0.969596
1755058300.103938 14.634420 -5.065930 0.442210 0.000329 -0.013165 -0.243814 0.969733
1755058300.203972 14.646048 -5.073993 0.443721 0.000765 -0.013036 -0.244349 0.969600
1755058300.303941 14.648052 -5.075463 0.449065 0.000500 -0.013276 -0.244528 0.969551
1755058310.604630 14.634932 -5.072357 0.441255 0.000459 -0.014108 -0.243680 0.969753
1755058310.704656 14.624701 -5.069832 0.437857 0.000421 -0.014172 -0.243763 0.969731
1755058310.804571 14.619450 -5.068979 0.439266 0.000517 -0.014419 -0.243735 0.969734
1755058310.904588 14.615988 -5.058908 0.440467 0.000408 -0.014157 -0.243696 0.969748
1755058311.004602 14.612717 -5.052697 0.438103 0.000546 -0.014266 -0.243304 0.969845
1755058311.104600 14.614103 -5.053906 0.439513 0.000403 -0.014169 -0.243181 0.969877
1755058311.204625 14.613817 -5.053680 0.439303 0.000372 -0.014296 -0.242850 0.969959
1755058311.304596 14.614462 -5.053450 0.439140 0.000448 -0.014349 -0.242450 0.970058
1755058311.404569 14.620269 -5.048302 0.439623 0.000288 -0.015430 -0.241413 0.970300
1755058311.504516 14.632196 -5.052626 0.435360 -0.000200 -0.016259 -0.239568 0.970743
1755058311.604534 14.655998 -5.069131 0.440228 0.000058 -0.015914 -0.238788 0.970941
1755058311.704538 14.692757 -5.088676 0.444505 0.000179 -0.014848 -0.238727 0.970973
1755058311.804555 14.732291 -5.109209 0.446721 -0.000596 -0.013181 -0.238698 0.971004
1755058311.904439 14.792075 -5.140619 0.443636 -0.000254 -0.014090 -0.236648 0.971493
1755058312.004497 14.845567 -5.169116 0.444304 -0.000731 -0.016924 -0.234862 0.971881
1755058312.104559 14.903871 -5.199676 0.445184 -0.000885 -0.018187 -0.233605 0.972161
1755058312.204471 14.990183 -5.231891 0.444446 -0.000811 -0.015953 -0.232765 0.972402
1755058312.304549 15.079810 -5.276555 0.452184 -0.000357 -0.013279 -0.230736 0.972926
1755058312.404521 15.172918 -5.320205 0.458082 -0.002207 -0.012965 -0.229397 0.973244
1755058312.504485 15.286001 -5.369117 0.454944 -0.001103 -0.012394 -0.228204 0.973534
1755058312.604553 15.394555 -5.422440 0.465312 -0.001549 -0.013053 -0.227549 0.973678
1755058312.704553 15.505795 -5.475016 0.466139 -0.001822 -0.014633 -0.227050 0.973771
1755058312.804474 15.631074 -5.526530 0.462679 -0.001982 -0.014681 -0.226259 0.973955
1755058312.904456 15.762535 -5.593327 0.475132 -0.001705 -0.013093 -0.224941 0.974283
1755058313.004491 15.888405 -5.666556 0.478355 -0.001859 -0.013226 -0.226774 0.973856
1755058313.104478 16.009072 -5.736919 0.479331 -0.001446 -0.013110 -0.229491 0.973221
1755058313.204492 16.123849 -5.805224 0.484156 -0.001655 -0.013851 -0.230765 0.972910
1755058313.304398 16.240046 -5.868977 0.497682 -0.002006 -0.015328 -0.233767 0.972170
1755058313.404462 16.352229 -5.935397 0.504176 -0.001802 -0.016465 -0.239036 0.970869
1755058313.504434 16.460961 -6.000001 0.513642 -0.001841 -0.016074 -0.246786 0.968935
1755058313.604470 16.585175 -6.066940 0.506761 -0.001714 -0.015855 -0.255962 0.966555
1755058313.704384 16.696344 -6.135675 0.516683 -0.001976 -0.015349 -0.264083 0.964376
1755058313.804421 16.808389 -6.211608 0.526388 -0.001317 -0.015479 -0.270440 0.962612
1755058313.904449 16.919052 -6.283771 0.531495 -0.000944 -0.015818 -0.273232 0.961818
1755058314.004352 17.021344 -6.352549 0.541096 -0.001352 -0.016933 -0.275373 0.961187
1755058314.104442 17.121908 -6.413455 0.552357 -0.002032 -0.017855 -0.276986 0.960706
1755058314.204435 17.226004 -6.476569 0.552901 -0.002006 -0.018721 -0.279245 0.960035
1755058314.304433 17.335902 -6.543104 0.551559 -0.001887 -0.017351 -0.281140 0.959508
1755058314.404426 17.446823 -6.614218 0.550941 -0.002086 -0.015666 -0.283008 0.958987
1755058314.504361 17.552485 -6.699173 0.562039 -0.001347 -0.014348 -0.283152 0.958967
1755058314.604379 17.671763 -6.770574 0.573104 -0.001058 -0.014299 -0.283258 0.958936
1755058314.704402 17.785865 -6.843220 0.581364 -0.001250 -0.016029 -0.284768 0.958462
1755058314.804397 17.895415 -6.915170 0.589677 -0.002075 -0.018450 -0.285628 0.958161
1755058314.904285 17.994461 -6.987617 0.592163 -0.002313 -0.019034 -0.286050 0.958023
1755058315.004359 18.105357 -7.063160 0.597436 -0.002608 -0.019600 -0.285862 0.958067
1755058315.104381 18.205216 -7.125855 0.598525 -0.002482 -0.018595 -0.285824 0.958099
1755058315.204334 18.334099 -7.206949 0.603188 -0.001530 -0.014706 -0.284991 0.958416
1755058315.304340 18.455457 -7.286312 0.609691 -0.001819 -0.014341 -0.284415 0.958592
1755058315.404315 18.565302 -7.364528 0.616378 -0.001913 -0.014740 -0.285417 0.958288
1755058315.504361 18.686901 -7.446268 0.619920 -0.001305 -0.014482 -0.286417 0.957995
1755058315.604346 18.796196 -7.515748 0.618725 -0.001295 -0.014216 -0.286319 0.958028
1755058315.704281 18.911424 -7.596590 0.620530 -0.001196 -0.014096 -0.285189 0.958367
1755058315.804328 19.026594 -7.667374 0.632322 -0.001291 -0.015014 -0.283665 0.958805
1755058315.904314 19.140519 -7.737054 0.636675 -0.001881 -0.015555 -0.279366 0.960057
1755058316.004311 19.255208 -7.803795 0.644749 -0.001344 -0.015778 -0.277401 0.960624
1755058316.104280 19.364280 -7.875102 0.648415 -0.001470 -0.016275 -0.274734 0.961381
1755058316.204300 19.488141 -7.943015 0.657273 -0.001857 -0.017068 -0.271941 0.962161
1755058316.304303 19.614448 -8.020289 0.661216 -0.002134 -0.017730 -0.271277 0.962336
1755058316.404211 19.732014 -8.099197 0.665971 -0.002190 -0.017070 -0.269535 0.962837
1755058316.504289 19.856192 -8.173100 0.671837 -0.002514 -0.017835 -0.271777 0.962192
1755058316.604274 19.971252 -8.248903 0.675059 -0.001753 -0.017504 -0.274111 0.961537
1755058316.704250 20.107509 -8.336631 0.678286 0.000045 -0.018051 -0.273768 0.961626
1755058316.804265 20.219695 -8.427123 0.675754 -0.001106 -0.015580 -0.274498 0.961461
1755058316.904252 20.332461 -8.506584 0.680861 -0.001715 -0.015062 -0.279587 0.960001
1755058317.004207 20.440215 -8.577012 0.691917 0.000187 -0.010542 -0.281274 0.959570
1755058317.104216 20.546385 -8.645545 0.704110 -0.000596 -0.010836 -0.280860 0.959688
1755058317.204246 20.665294 -8.719859 0.708642 -0.001294 -0.016334 -0.283761 0.958755
1755058317.304184 20.779871 -8.793787 0.719488 -0.001389 -0.015673 -0.284172 0.958644
1755058317.404216 20.895845 -8.871476 0.723612 -0.000935 -0.012913 -0.284726 0.958522
1755058317.504150 21.005509 -8.952479 0.733528 0.000336 -0.012096 -0.284575 0.958577
1755058317.604213 21.114443 -9.026856 0.734313 0.000873 -0.012131 -0.284791 0.958513
1755058317.704210 21.224166 -9.096154 0.741859 0.000579 -0.012752 -0.284319 0.958645
1755058317.804199 21.338762 -9.171651 0.759922 0.000676 -0.015684 -0.282719 0.959074
1755058317.904184 21.456224 -9.245773 0.759408 0.001238 -0.017890 -0.281553 0.959378
1755058318.004138 21.562990 -9.323106 0.766400 0.000943 -0.018475 -0.276916 0.960716
1755058318.104105 21.668169 -9.397665 0.771344 0.000991 -0.018267 -0.274873 0.961306
1755058318.205447 21.777453 -9.474988 0.775358 0.001169 -0.018646 -0.273335 0.961738
1755058318.304131 21.894516 -9.544094 0.777187 0.001090 -0.017713 -0.271337 0.962321
1755058318.404160 22.015000 -9.612963 0.780102 0.001958 -0.015218 -0.269926 0.962759
1755058318.504076 22.129099 -9.685525 0.791850 0.002386 -0.013740 -0.268421 0.963201
1755058318.604100 22.246430 -9.762213 0.800115 0.002745 -0.015661 -0.268096 0.963261
1755058318.705486 22.372918 -9.836037 0.799718 0.002045 -0.015029 -0.272221 0.962115
1755058318.804085 22.489216 -9.905063 0.804651 0.001138 -0.013984 -0.272012 0.962191
1755058318.904263 22.606959 -9.973279 0.816274 0.002825 -0.011130 -0.271333 0.962417
1755058319.004114 22.710834 -10.035924 0.822687 0.002830 -0.014572 -0.270796 0.962522
1755058319.104105 22.801460 -10.081933 0.824369 0.002295 -0.017486 -0.271906 0.962162
1755058319.204121 22.880288 -10.126969 0.829082 0.001145 -0.017974 -0.271090 0.962385
1755058319.304074 22.947545 -10.169358 0.824043 0.001960 -0.017999 -0.270960 0.962420
1755058319.404091 23.009768 -10.210716 0.833977 0.002362 -0.016761 -0.271460 0.962301
1755058319.504097 23.065251 -10.238292 0.838876 0.002709 -0.016715 -0.272991 0.961868
1755058319.604084 23.097729 -10.263754 0.845320 0.002772 -0.016726 -0.272481 0.962012
1755058319.704076 23.109958 -10.290197 0.856106 0.001188 -0.023048 -0.268823 0.962913
1755058319.804062 23.103484 -10.304613 0.856188 0.000502 -0.024727 -0.268844 0.962866
1755058319.905390 23.107562 -10.303410 0.853601 0.001519 -0.024134 -0.268478 0.962982
1755058333.104530 23.098901 -10.303815 0.839772 0.002324 -0.019436 -0.269888 0.962693
1755058333.204502 23.100085 -10.308853 0.839806 0.002072 -0.019686 -0.269501 0.962797
1755058333.304468 23.102994 -10.308646 0.842713 0.002445 -0.019776 -0.269137 0.962896
1755058333.404590 23.107427 -10.310818 0.846083 0.002662 -0.019869 -0.269178 0.962882
1755058333.504534 23.109862 -10.311368 0.849362 0.002264 -0.019448 -0.269072 0.962921
1755058333.604471 23.111657 -10.313241 0.848658 0.002494 -0.019765 -0.268808 0.962988
1755058333.704521 23.113630 -10.311553 0.848009 0.001960 -0.019544 -0.268783 0.963001
1755058333.804466 23.115022 -10.310285 0.848110 0.001970 -0.019867 -0.268353 0.963114
1755058333.904496 23.114662 -10.310940 0.851594 0.002157 -0.020105 -0.266537 0.963613
1755058334.004457 23.131132 -10.320390 0.849877 0.001927 -0.020654 -0.266285 0.963671
1755058334.104424 23.155219 -10.335512 0.851244 0.002540 -0.019572 -0.265368 0.963945
1755058334.204496 23.196457 -10.358657 0.854079 0.002828 -0.019008 -0.266085 0.963758
1755058334.304479 23.241272 -10.382042 0.855804 0.003491 -0.017705 -0.263351 0.964531
1755058334.404465 23.281074 -10.411164 0.855567 0.002509 -0.019516 -0.263995 0.964323
1755058334.504475 23.329360 -10.449933 0.868919 0.003681 -0.019503 -0.262193 0.964811
1755058334.604421 23.387763 -10.488158 0.868765 0.003906 -0.022016 -0.261212 0.965022
1755058334.704462 23.463186 -10.525415 0.874248 0.003411 -0.021683 -0.261249 0.965022
1755058334.804473 23.551416 -10.574301 0.871101 0.004059 -0.021229 -0.261423 0.964982
1755058334.904451 23.643169 -10.628260 0.881048 0.003510 -0.020824 -0.261040 0.965097
1755058335.004398 23.724890 -10.674640 0.884535 0.004163 -0.022000 -0.259239 0.965554
1755058335.104366 23.795124 -10.727852 0.886838 0.003461 -0.022419 -0.259028 0.965603
1755058335.204453 23.867798 -10.775825 0.887491 0.004504 -0.021836 -0.260101 0.965324
1755058335.304408 23.946567 -10.816393 0.885089 0.005051 -0.021430 -0.262099 0.964790
1755058335.404423 24.030686 -10.867270 0.883693 0.005746 -0.019400 -0.263478 0.964453
1755058335.504416 24.113329 -10.917142 0.876692 0.009124 -0.014763 -0.264456 0.964242
1755058335.604394 24.199317 -10.964080 0.884416 0.009929 -0.012859 -0.266652 0.963656
1755058335.704379 24.277510 -11.011042 0.905290 0.007261 -0.013669 -0.267685 0.963382
1755058335.804328 24.354954 -11.057770 0.909505 0.006467 -0.016623 -0.270036 0.962685
1755058335.904352 24.434532 -11.116312 0.913574 0.006617 -0.017764 -0.273260 0.961753
1755058336.004314 24.509124 -11.167149 0.916974 0.007820 -0.016972 -0.275478 0.961126
1755058336.104342 24.589415 -11.215466 0.923695 0.007438 -0.019200 -0.279970 0.959788
1755058336.204326 24.665106 -11.258558 0.932501 0.002276 -0.023418 -0.280731 0.959498
1755058336.304373 24.742102 -11.306707 0.937737 0.002182 -0.021692 -0.283821 0.958629
1755058336.404312 24.824300 -11.358143 0.944754 0.000723 -0.022522 -0.283908 0.958587
1755058336.504230 24.901729 -11.407512 0.950620 0.000920 -0.022926 -0.284062 0.958531
1755058336.604245 24.965960 -11.478736 0.959587 0.002588 -0.025809 -0.286666 0.957679
1755058336.704312 25.042911 -11.527841 0.947603 0.002453 -0.024869 -0.288360 0.957196
1755058336.804327 25.136394 -11.590329 0.949319 0.000820 -0.020336 -0.288902 0.957142
1755058336.904327 25.232226 -11.656546 0.946090 0.004771 -0.016525 -0.291200 0.956508
1755058337.004285 25.319485 -11.716492 0.958639 0.005639 -0.014898 -0.293603 0.955795
1755058337.104312 25.395798 -11.773569 0.966158 0.006276 -0.016819 -0.296867 0.954750
1755058337.204318 25.480086 -11.830945 0.955175 0.006849 -0.015955 -0.300920 0.953491
1755058337.304281 25.573448 -11.892908 0.947661 0.007238 -0.010400 -0.304796 0.952334
1755058337.404324 25.658030 -11.954896 0.942861 0.008746 -0.008586 -0.308662 0.951093
1755058337.504274 25.740869 -12.022373 0.945443 0.010124 -0.007143 -0.313588 0.949478
1755058337.604300 25.819838 -12.092280 0.960955 0.010800 -0.007159 -0.316770 0.948414
1755058337.704249 25.901456 -12.157156 0.970767 0.009815 -0.007160 -0.318059 0.947993
1755058337.804276 25.981715 -12.216410 0.967539 0.008939 -0.007237 -0.318363 0.947899
1755058337.904253 26.059558 -12.272135 0.983871 0.010190 -0.006369 -0.317135 0.948304
1755058338.004245 26.132371 -12.333521 0.973474 0.011669 -0.009117 -0.313879 0.949348
1755058338.104201 26.212867 -12.397802 0.971345 0.010495 -0.008972 -0.313356 0.949535
1755058338.204241 26.297705 -12.460521 0.966100 0.009909 -0.005137 -0.311229 0.950269
1755058338.304238 26.380024 -12.520645 0.976847 0.010865 -0.004544 -0.308948 0.951006
1755058338.404274 26.464570 -12.580459 0.975925 0.012469 -0.004813 -0.306813 0.951676
1755058338.504218 26.546176 -12.640835 0.975270 0.013149 -0.008493 -0.305457 0.952077
1755058338.604192 26.643609 -12.711593 0.954955 0.014598 -0.005415 -0.302986 0.952868
1755058338.704221 26.736319 -12.772545 0.977664 0.011685 -0.000375 -0.301457 0.953408
1755058338.804152 26.821484 -12.845240 1.005562 0.011114 -0.001993 -0.299665 0.953978
1755058338.904188 26.903358 -12.898664 0.997064 0.011066 -0.005696 -0.301538 0.953373
1755058339.004149 26.986467 -12.954231 0.987190 0.014276 -0.007202 -0.300737 0.953573
1755058339.104175 27.068296 -13.014116 0.991092 0.013410 -0.005171 -0.299870 0.953872
1755058339.204156 27.144059 -13.067076 0.991524 0.012464 -0.005520 -0.300867 0.953569
1755058339.304311 27.220203 -13.129001 0.999691 0.012127 -0.004695 -0.301196 0.953474
1755058339.404151 27.297939 -13.185008 1.005214 0.013138 -0.004480 -0.300462 0.953693
1755058339.504145 27.379742 -13.246503 0.996914 0.013502 -0.004620 -0.301346 0.953408
1755058339.604106 27.458825 -13.299292 1.000955 0.012950 -0.004797 -0.303180 0.952833
1755058339.704169 27.541129 -13.360404 1.009472 0.013174 -0.006106 -0.303086 0.952852
1755058339.804131 27.620379 -13.423583 1.010595 0.012647 -0.006633 -0.302452 0.953058
1755058339.904115 27.714694 -13.491666 1.004728 0.013809 -0.005868 -0.303860 0.952598
1755058340.004083 27.802702 -13.554370 0.993468 0.014132 -0.004935 -0.308274 0.951180
1755058340.104116 27.892403 -13.629272 1.000849 0.014497 -0.003817 -0.312344 0.949851
1755058340.204111 27.986594 -13.703426 0.996838 0.015721 -0.003973 -0.318515 0.947779
1755058340.304057 28.080284 -13.776430 1.010853 0.013901 -0.004015 -0.324022 0.945939
1755058340.404072 28.167831 -13.847267 1.006454 0.014474 -0.004862 -0.326948 0.944919
1755058340.504052 28.250873 -13.911339 1.005930 0.013223 -0.004581 -0.328834 0.944284
1755058340.604056 28.329530 -13.974004 1.013628 0.012691 -0.002958 -0.329305 0.944134
1755058340.704090 28.409064 -14.036960 1.015960 0.011819 -0.003088 -0.330519 0.943720
1755058340.804067 28.490819 -14.102706 1.013929 0.011703 -0.003181 -0.331090 0.943521
1755058340.904039 28.571235 -14.165011 1.016865 0.013356 -0.002237 -0.327188 0.944862
1755058341.004023 28.653181 -14.236557 1.018440 0.013741 -0.001736 -0.325236 0.945532
1755058341.104081 28.731600 -14.301206 1.025591 0.009888 -0.001262 -0.323497 0.946177
1755058341.204060 28.804736 -14.360368 1.037280 0.008885 -0.000441 -0.322268 0.946607
1755058341.304043 28.883416 -14.422277 1.037945 0.008946 -0.001687 -0.320895 0.947071
1755058341.404004 28.966837 -14.484808 1.030881 0.009497 -0.002058 -0.319741 0.947455
1755058341.503996 29.044575 -14.540203 1.036731 0.009184 -0.002051 -0.316157 0.948660
1755058341.604007 29.137272 -14.611284 1.034900 0.009571 -0.002650 -0.313131 0.949658
1755058341.703979 29.218039 -14.673922 1.029428 0.011585 -0.003153 -0.311688 0.950109
1755058341.804009 29.290171 -14.721146 1.023751 0.011309 -0.002937 -0.310440 0.950521
1755058341.903990 29.358736 -14.777825 1.035143 0.008381 -0.001481 -0.309421 0.950887
1755058342.003992 29.434470 -14.835692 1.037226 0.008801 -0.002836 -0.310201 0.950626
1755058342.103938 29.513409 -14.899283 1.035063 0.010971 -0.004239 -0.313463 0.949527
1755058342.203981 29.591928 -14.960440 1.035364 0.010497 -0.005295 -0.318185 0.947956
1755058342.303971 29.667891 -15.030545 1.031504 0.010313 -0.005333 -0.323996 0.945987
1755058342.403940 29.748800 -15.092559 1.034529 0.009258 -0.004907 -0.327092 0.944934
1755058342.503960 29.823978 -15.150964 1.044107 0.009287 -0.004821 -0.328194 0.944552
1755058342.603956 29.905624 -15.218273 1.049227 0.008794 -0.004678 -0.329061 0.944256
1755058342.703937 29.985800 -15.284187 1.045878 0.009305 -0.005422 -0.328987 0.944273
1755058342.803849 30.068385 -15.343279 1.044663 0.008620 -0.004462 -0.328315 0.944518
1755058342.903815 30.150859 -15.411077 1.058407 0.006300 -0.003590 -0.324348 0.945910
1755058343.003855 30.227677 -15.473967 1.054971 0.010212 -0.005419 -0.321131 0.946964
1755058343.105258 30.304570 -15.532668 1.048820 0.010225 -0.005550 -0.319685 0.947452
1755058343.205261 30.375186 -15.592976 1.038150 0.011948 -0.004448 -0.319608 0.947464
1755058343.305248 30.437784 -15.643730 1.046819 0.008744 -0.002917 -0.319732 0.947463
1755058343.403918 30.488414 -15.685444 1.058908 0.008190 -0.001700 -0.319513 0.947545
1755058343.503886 30.537945 -15.716379 1.059647 0.012014 -0.003428 -0.319398 0.947538
1755058343.605183 30.575494 -15.748389 1.052051 0.012311 -0.003558 -0.318655 0.947784
1755058343.705234 30.608546 -15.765287 1.047242 0.011724 -0.003415 -0.318363 0.947890
1755058343.805219 30.621467 -15.783161 1.051500 0.011897 -0.003477 -0.317925 0.948035
1755058344.003877 30.629490 -15.788119 1.053119 0.011229 -0.004520 -0.319553 0.947491
1755058357.704319 30.634856 -15.794728 1.055643 0.008930 -0.004499 -0.319028 0.947693
1755058357.804301 30.639099 -15.795802 1.058305 0.009850 -0.004609 -0.319084 0.947664
1755058357.904308 30.636514 -15.794054 1.057630 0.010060 -0.004780 -0.318685 0.947795
1755058358.004277 30.638296 -15.794071 1.057514 0.010053 -0.004867 -0.318490 0.947860
1755058358.104310 30.634679 -15.794435 1.053675 0.010570 -0.005384 -0.317859 0.948064
1755058358.204318 30.632531 -15.794831 1.054044 0.011861 -0.005504 -0.316992 0.948338
1755058358.304298 30.631302 -15.794024 1.059176 0.011646 -0.006264 -0.317075 0.948308
1755058358.404270 30.637211 -15.792939 1.059743 0.013205 -0.008875 -0.315921 0.948652
1755058358.504299 30.647448 -15.805641 1.057953 0.011551 -0.007405 -0.314643 0.949111
1755058358.604235 30.667510 -15.820836 1.058266 0.011309 -0.006637 -0.314151 0.949282
1755058358.704250 30.690906 -15.839848 1.058603 0.012134 -0.006384 -0.312290 0.949888
1755058358.804217 30.722669 -15.863945 1.058753 0.011953 -0.007077 -0.310621 0.950432
1755058358.904235 30.756001 -15.889702 1.058750 0.012284 -0.007986 -0.310227 0.950550
1755058359.004222 30.810076 -15.928646 1.063317 0.011365 -0.006209 -0.308015 0.951293
1755058359.104256 30.868271 -15.970264 1.064877 0.010989 -0.006340 -0.306252 0.951866
1755058359.204244 30.932024 -16.015304 1.065600 0.011444 -0.006598 -0.304530 0.952411
1755058359.304188 31.002095 -16.064043 1.066757 0.011206 -0.008437 -0.303181 0.952830
1755058359.404225 31.069072 -16.111337 1.067168 0.010205 -0.007541 -0.304094 0.952558
1755058359.504183 31.152147 -16.169361 1.067666 0.009224 -0.008407 -0.309540 0.950804
1755058359.604208 31.244776 -16.235557 1.068679 0.008764 -0.008948 -0.315857 0.948724
1755058359.704218 31.342330 -16.309699 1.068861 0.010650 -0.006765 -0.319695 0.947437
1755058359.804166 31.453105 -16.423733 1.038987 0.010814 -0.005204 -0.328179 0.944539
1755058359.904200 31.558393 -16.514609 1.060210 0.010842 -0.004077 -0.331684 0.943319
1755058360.004189 31.664202 -16.591816 1.070543 0.012245 -0.006094 -0.332891 0.942866
1755058360.104200 31.763473 -16.677279 1.083483 0.011018 -0.004946 -0.335118 0.942099
1755058360.204182 31.858742 -16.754696 1.085191 0.013085 -0.005317 -0.336347 0.941632
1755058360.304168 31.959584 -16.836323 1.090564 0.011461 -0.005044 -0.337604 0.941205
1755058360.404163 32.060976 -16.922743 1.088538 0.008441 -0.004040 -0.338203 0.941026
1755058360.504085 32.154938 -17.009768 1.093451 0.010898 -0.003828 -0.339428 0.940561
1755058360.604120 32.250314 -17.087439 1.088253 0.010653 -0.004212 -0.340438 0.940197
1755058360.704142 32.344331 -17.168696 1.087772 0.010419 -0.003921 -0.341529 0.939805
1755058360.804098 32.439274 -17.249456 1.089929 0.011666 -0.004736 -0.341347 0.939853
1755058360.904135 32.526317 -17.321836 1.095707 0.011626 -0.006406 -0.341692 0.939718
1755058361.004125 32.613698 -17.392522 1.100151 0.009998 -0.006212 -0.341925 0.939654
1755058361.104078 32.713208 -17.473764 1.105621 0.008856 -0.006724 -0.341731 0.939732
1755058361.204121 32.815651 -17.571466 1.099130 0.009960 -0.007930 -0.342055 0.939594
1755058361.304109 32.914515 -17.658494 1.094348 0.011676 -0.007724 -0.344025 0.938856
1755058361.404090 33.001365 -17.737661 1.093657 0.012277 -0.005479 -0.346544 0.937938
1755058361.504092 33.088329 -17.823307 1.104651 0.010798 -0.005656 -0.348988 0.937048
1755058361.604100 33.186154 -17.901923 1.115522 0.012282 -0.006234 -0.350867 0.936324
1755058361.704001 33.286618 -17.998021 1.120564 0.010496 -0.007831 -0.351348 0.936153
1755058361.804074 33.388823 -18.092935 1.119075 0.009068 -0.006529 -0.351401 0.936159
1755058361.904062 33.486654 -18.173399 1.121368 0.011996 -0.006987 -0.351211 0.936193
1755058362.004023 33.580612 -18.254684 1.122356 0.011053 -0.007284 -0.351206 0.936205
1755058362.104092 33.677763 -18.338411 1.109918 0.012012 -0.007368 -0.350289 0.936536
1755058362.204003 33.769005 -18.420449 1.124387 0.009161 -0.005096 -0.350004 0.936689
1755058362.304040 33.861489 -18.499774 1.127797 0.008940 -0.005773 -0.349007 0.937060
1755058362.403990 33.953915 -18.580038 1.138652 0.010087 -0.006767 -0.348387 0.937272
1755058362.503991 34.050057 -18.662350 1.129689 0.011106 -0.007309 -0.343415 0.939090
1755058362.604022 34.153198 -18.745146 1.145755 0.005199 -0.004686 -0.337016 0.941473
1755058362.704023 34.250982 -18.822121 1.141325 0.007830 -0.005520 -0.329667 0.944049
1755058362.805310 34.346410 -18.895554 1.144606 0.008497 -0.006429 -0.323370 0.946213
1755058362.905339 34.444098 -18.975611 1.136340 0.009631 -0.006286 -0.318545 0.947838
1755058363.005329 34.540400 -19.055658 1.140328 0.007909 -0.004003 -0.316520 0.948544
1755058363.103990 34.625811 -19.125342 1.148987 0.008203 -0.005057 -0.314003 0.949373
1755058363.203896 34.723259 -19.202460 1.143686 0.009202 -0.006218 -0.312615 0.949815
1755058363.303940 34.831264 -19.284359 1.148483 0.010695 -0.007414 -0.311559 0.950138
1755058363.403976 34.926202 -19.356603 1.139751 0.010676 -0.008324 -0.311588 0.950121
1755058363.505293 35.017071 -19.435353 1.143176 0.008964 -0.006118 -0.315290 0.948933
1755058363.605268 35.113716 -19.516887 1.149575 0.011527 -0.008705 -0.320077 0.947281
1755058363.703948 35.220327 -19.597726 1.149278 0.008324 -0.006532 -0.324251 0.945912
1755058363.803871 35.339148 -19.686550 1.150851 0.009676 -0.006247 -0.325546 0.945456
1755058363.903934 35.454217 -19.772414 1.159541 0.012496 -0.007125 -0.326732 0.945008
1755058364.003929 35.553752 -19.853767 1.163760 0.009880 -0.006655 -0.327052 0.944931
1755058364.105272 35.648680 -19.934728 1.161745 0.010959 -0.006975 -0.329806 0.943959
1755058364.205266 35.736417 -20.014407 1.163814 0.011323 -0.006997 -0.335060 0.942103
1755058364.303890 35.824931 -20.089745 1.171051 0.009942 -0.007987 -0.336759 0.941505
1755058364.403882 35.920654 -20.170692 1.158420 0.007867 -0.005441 -0.337060 0.941435
1755058364.503862 36.014877 -20.248829 1.169986 0.008771 -0.004475 -0.338240 0.941008
1755058364.603896 36.104702 -20.323258 1.174632 0.010335 -0.003204 -0.338187 0.941017
1755058364.703846 36.197452 -20.397926 1.187313 0.010757 -0.004204 -0.337039 0.941420
1755058364.803851 36.284346 -20.473090 1.189717 0.008188 -0.005344 -0.334616 0.942304
1755058364.903827 36.375010 -20.549688 1.197181 0.006006 -0.004326 -0.333735 0.942638
1755058365.003826 36.480494 -20.636228 1.198065 0.007849 -0.005435 -0.332102 0.943195
1755058365.103758 36.579077 -20.719648 1.191824 0.007448 -0.006400 -0.330769 0.943660
1755058365.203866 36.682911 -20.801503 1.187286 0.010881 -0.004977 -0.330154 0.943851
1755058365.303827 36.784526 -20.884954 1.191531 0.009998 -0.004182 -0.329086 0.944238
1755058365.403961 36.866907 -20.952414 1.200573 0.011498 -0.004827 -0.328060 0.944575
1755058365.503848 36.962526 -21.030735 1.199997 0.010566 -0.005716 -0.327242 0.944864
1755058365.605272 37.061670 -21.106397 1.196452 0.010899 -0.005460 -0.327443 0.944792
1755058365.703834 37.158954 -21.178007 1.195217 0.010974 -0.005686 -0.326925 0.944970
1755058365.803769 37.243222 -21.247887 1.197898 0.010653 -0.005809 -0.325954 0.945308
1755058365.903829 37.338942 -21.330657 1.192446 0.010432 -0.005631 -0.324811 0.945705
1755058366.005071 37.438407 -21.408465 1.196760 0.011163 -0.004193 -0.324574 0.945785
1755058366.105132 37.537762 -21.492425 1.206579 0.009603 -0.004840 -0.323632 0.946122
1755058366.203799 37.641116 -21.576031 1.215512 0.009182 -0.005872 -0.322570 0.946483
1755058366.303799 37.733265 -21.645740 1.215133 0.008191 -0.005901 -0.321817 0.946748
1755058366.403701 37.817469 -21.718020 1.225775 0.007104 -0.004502 -0.322131 0.946658
1755058366.503767 37.905075 -21.783612 1.224603 0.008197 -0.004251 -0.321037 0.947022
1755058366.603775 37.991175 -21.847566 1.221910 0.009468 -0.005501 -0.319682 0.947462
1755058366.705145 38.085116 -21.920223 1.200816 0.010406 -0.001724 -0.318932 0.947719
1755058366.805233 38.181604 -22.005263 1.202297 0.011951 0.000871 -0.318747 0.947764
1755058366.905085 38.262147 -22.061820 1.203545 0.014242 -0.000234 -0.319118 0.947608
1755058367.003674 38.326300 -22.103011 1.214160 0.014439 -0.002417 -0.318758 0.947723
1755058367.103733 38.373573 -22.139368 1.217946 0.014705 -0.001919 -0.317992 0.947977
1755058367.203767 38.412819 -22.177409 1.219077 0.014523 -0.001258 -0.317918 0.948006
1755058367.305060 38.449953 -22.213327 1.220983 0.013829 -0.000600 -0.317783 0.948062
1755058367.405148 38.477772 -22.227471 1.224823 0.012358 -0.000586 -0.318252 0.947926
1755058367.505047 38.487865 -22.234642 1.223608 0.013051 -0.000672 -0.318755 0.947747
1755058367.703707 38.496795 -22.246176 1.224791 0.011942 -0.002563 -0.318447 0.947862
1755058381.304170 38.509547 -22.254464 1.203896 0.016458 -0.003508 -0.317679 0.948049
1755058381.404011 38.518831 -22.262223 1.195735 0.016476 -0.003557 -0.317412 0.948138
1755058381.504158 38.529035 -22.271527 1.186436 0.016494 -0.003648 -0.317120 0.948235
1755058381.604108 38.529853 -22.269333 1.201617 0.013718 -0.003555 -0.316922 0.948346
1755058381.704122 38.536492 -22.274511 1.200099 0.013716 -0.003640 -0.316684 0.948425
1755058381.804139 38.535502 -22.272178 1.208027 0.014359 -0.003570 -0.316343 0.948529
1755058381.904090 38.538264 -22.273966 1.209563 0.014356 -0.003666 -0.316027 0.948634
1755058382.004028 38.533829 -22.271617 1.210467 0.013781 -0.003765 -0.315754 0.948734
1755058382.104084 38.533838 -22.275345 1.219482 0.011503 -0.005065 -0.314790 0.949078
1755058382.204058 38.542553 -22.284031 1.224278 0.011273 -0.006408 -0.314197 0.949269
1755058382.304078 38.562670 -22.298525 1.230053 0.010861 -0.005960 -0.313247 0.949591
1755058385.603921 40.870645 -23.996708 1.258123 0.008970 -0.001303 -0.318937 0.947733
1755058385.703858 40.936871 -24.049754 1.256426 0.008658 -0.003207 -0.316483 0.948553
1755058385.803897 41.029161 -24.118135 1.268004 0.007830 -0.004689 -0.315203 0.948980
1755058385.903879 41.117778 -24.180876 1.269297 0.008045 -0.004673 -0.314164 0.949323
1755058386.003872 41.207339 -24.245835 1.268578 0.007468 -0.004197 -0.312734 0.949802
1755058386.103851 41.295835 -24.312690 1.272304 0.006766 -0.004474 -0.311046 0.950360
1755058386.203957 41.388344 -24.383752 1.276583 0.007689 -0.004344 -0.309758 0.950775
1755058386.303859 41.485115 -24.452228 1.273668 0.008449 -0.004016 -0.308361 0.951223
1755058386.403835 41.585862 -24.526747 1.270876 0.009585 -0.003672 -0.307258 0.951571
1755058386.503977 41.682926 -24.596802 1.274070 0.011464 -0.005329 -0.305443 0.952127
1755058386.603835 41.777064 -24.664065 1.274870 0.010817 -0.005576 -0.304534 0.952424
1755058387.003782 42.146793 -24.930390 1.279452 0.009162 -0.005232 -0.299629 0.953997
1755058387.103758 42.238759 -25.003383 1.282282 0.007843 -0.004803 -0.299568 0.954031
1755058387.205084 42.337135 -25.070762 1.287591 0.009884 -0.004513 -0.300064 0.953857
1755058387.303749 42.430268 -25.136735 1.292462 0.010005 -0.005564 -0.300152 0.953823
1755058387.403754 42.518524 -25.201919 1.293902 0.008234 -0.005218 -0.299126 0.954164
1755058387.503747 42.607816 -25.266870 1.290982 0.009503 -0.005177 -0.298514 0.954344
1755058387.605085 42.703901 -25.336447 1.295575 0.007392 -0.004046 -0.300641 0.953700
1755058387.705102 42.793157 -25.395738 1.299023 0.009310 -0.004768 -0.303572 0.952751
1755058387.803754 42.876196 -25.459473 1.295984 0.009361 -0.004772 -0.304962 0.952306
1755058387.903722 42.957758 -25.526097 1.303020 0.007546 -0.003692 -0.307639 0.951466
1755058388.003751 43.040807 -25.586590 1.302754 0.006492 -0.003226 -0.310507 0.950543
1755058388.105026 43.122281 -25.649472 1.306854 0.008187 -0.004323 -0.314884 0.949085
1755058388.203737 43.202351 -25.712796 1.318399 0.009372 -0.006462 -0.319125 0.947644
1755058388.303708 43.291426 -25.780736 1.311735 0.010468 -0.007129 -0.322728 0.946407
1755058388.403682 43.379521 -25.859711 1.312131 0.007904 -0.006078 -0.327226 0.944894
1755058388.505054 43.472921 -25.939499 1.311966 0.007746 -0.006123 -0.332798 0.942946
1755058388.603706 43.557582 -26.011863 1.311047 0.007330 -0.005918 -0.337667 0.941219
1755058388.703765 43.635484 -26.079956 1.307509 0.008893 -0.006246 -0.341542 0.939804
1755058388.803676 43.719453 -26.149591 1.308388 0.008635 -0.005473 -0.345558 0.938342
1755058388.903796 43.803133 -26.223550 1.320949 0.012493 -0.005099 -0.346725 0.937870
1755058389.003691 43.882882 -26.286375 1.321916 0.010908 -0.005489 -0.346019 0.938148
1755058389.103715 43.959224 -26.344941 1.328824 0.010218 -0.006015 -0.341241 0.939901
1755058389.204947 44.035947 -26.409491 1.332611 0.010657 -0.007715 -0.335757 0.941857
1755058389.305001 44.124461 -26.483736 1.331307 0.008854 -0.005606 -0.329728 0.944018
1755058389.404999 44.203197 -26.551315 1.329905 0.007864 -0.005003 -0.324478 0.945847
1755058389.504943 44.285764 -26.615035 1.336075 0.008828 -0.004353 -0.321551 0.946841
1755058389.604906 44.359175 -26.682689 1.336496 0.010153 -0.005563 -0.320115 0.947308
1755058389.704885 44.437720 -26.741864 1.336174 0.010383 -0.005794 -0.318471 0.947858
1755058389.803641 44.517069 -26.802296 1.337446 0.009494 -0.005853 -0.317005 0.948358
1755058389.905023 44.593355 -26.865835 1.341448 0.009568 -0.004494 -0.317323 0.948259
1755058390.004877 44.670978 -26.923492 1.340977 0.009171 -0.005198 -0.316653 0.948483
1755058390.104996 44.755605 -26.992200 1.344961 0.007970 -0.004383 -0.315797 0.948783
1755058390.204943 44.843765 -27.060060 1.351471 0.007670 -0.004131 -0.315112 0.949014
1755058390.304905 44.935171 -27.128696 1.346621 0.006820 -0.003772 -0.314230 0.949315
1755058390.404892 45.022705 -27.193068 1.349295 0.009166 -0.003987 -0.312916 0.949728
1755058390.504875 45.104235 -27.254722 1.349532 0.006642 -0.002003 -0.311827 0.950114
1755058390.604908 45.179606 -27.311338 1.352237 0.008582 -0.001091 -0.311450 0.950223
1755058390.705029 45.235536 -27.352844 1.353856 0.010136 -0.000824 -0.311899 0.950061
1755058390.804901 45.281192 -27.381799 1.356257 0.010261 -0.001659 -0.311777 0.950098
1755058390.903515 45.310862 -27.410436 1.354161 0.013337 -0.002119 -0.311314 0.950211
1755058391.003522 45.333282 -27.428137 1.354916 0.011766 -0.001364 -0.310887 0.950373
1755058391.103503 45.347839 -27.441863 1.354412 0.012279 -0.001578 -0.311286 0.950236
1755058391.204908 45.347071 -27.436285 1.353129 0.013327 -0.002463 -0.311134 0.950270
1755058391.304888 45.338398 -27.429882 1.354766 0.014349 -0.004976 -0.311847 0.950011
1755058401.804161 45.331960 -27.424612 1.355444 0.014360 -0.005018 -0.311778 0.950033
1755058404.903949 46.740733 -28.582323 1.479247 0.015197 -0.005104 -0.325190 0.945513
1755058405.003909 46.877296 -28.554188 1.403985 0.014232 -0.003961 -0.326998 0.944910
1755058405.103970 46.962508 -28.625172 1.399345 0.013298 -0.003145 -0.328009 0.944576
1755058405.203966 47.057394 -28.702892 1.387034 0.012540 -0.004387 -0.328633 0.944364
1755058405.303983 47.150854 -28.782107 1.387671 0.011159 -0.005110 -0.330503 0.943725
1755058405.403917 47.249749 -28.859628 1.390876 0.010955 -0.006824 -0.332296 0.943087
1755058405.503971 47.345402 -28.935987 1.390646 0.011441 -0.005892 -0.332475 0.943024
1755058405.603960 47.440937 -29.024283 1.392408 0.012606 -0.006039 -0.332210 0.943102
1755058405.703945 47.536404 -29.106664 1.394901 0.012441 -0.006795 -0.333096 0.942786
1755058405.803955 47.634690 -29.187651 1.394825 0.012181 -0.005948 -0.333794 0.942549
1755058405.903884 47.739118 -29.270487 1.395396 0.011857 -0.006044 -0.333152 0.942779
1755058406.003890 47.848736 -29.360850 1.395985 0.013378 -0.004313 -0.333522 0.942637
1755058406.103930 47.961595 -29.438972 1.402971 0.012637 -0.005275 -0.331403 0.943390
1755058406.203932 48.074147 -29.526822 1.414277 0.012607 -0.005626 -0.327401 0.944785
1755058406.303906 48.181894 -29.622720 1.415265 0.012518 -0.006035 -0.325398 0.945475
1755058406.403866 48.291464 -29.712162 1.412203 0.012261 -0.005527 -0.324005 0.945960
1755058406.503844 48.402840 -29.800446 1.408922 0.013602 -0.005103 -0.322911 0.946318
1755058406.603860 48.515931 -29.889030 1.408396 0.013669 -0.005214 -0.320768 0.947045
1755058406.703894 48.624703 -29.974135 1.411394 0.013985 -0.005265 -0.319938 0.947321
1755058406.803893 48.735049 -30.059115 1.411971 0.011063 -0.005304 -0.319196 0.947609
1755058406.903828 48.840193 -30.139073 1.419749 0.011113 -0.005866 -0.317803 0.948074
1755058407.003857 48.944389 -30.223027 1.424280 0.009347 -0.005657 -0.316500 0.948530
1755058407.103890 49.064715 -30.313982 1.426356 0.011832 -0.007126 -0.315824 0.948717
1755058407.203830 49.186951 -30.408193 1.423685 0.009536 -0.005575 -0.314745 0.949112
1755058407.303799 49.303931 -30.496278 1.424354 0.011305 -0.006771 -0.312756 0.949742
1755058407.403842 49.404911 -30.571899 1.428608 0.012321 -0.008246 -0.311908 0.949997
1755058407.503846 49.518541 -30.664860 1.426305 0.011359 -0.008224 -0.311484 0.950148
1755058407.603842 49.632950 -30.750323 1.430280 0.008396 -0.007600 -0.312823 0.949744
1755058407.703827 49.747378 -30.836536 1.435516 0.009776 -0.007739 -0.313930 0.949364
1755058407.803765 49.859472 -30.919910 1.438816 0.012121 -0.009142 -0.314032 0.949291
1755058407.903837 49.970045 -31.003866 1.447181 0.010596 -0.008571 -0.313649 0.949441
1755058408.003762 50.073685 -31.091789 1.449413 0.006965 -0.007020 -0.313694 0.949473
1755058408.103810 50.173008 -31.169899 1.457543 0.009330 -0.007818 -0.317164 0.948293
1755058408.203804 50.273435 -31.244120 1.460369 0.007629 -0.007173 -0.319483 0.947534
1755058408.303674 50.383407 -31.330242 1.455379 0.008734 -0.008380 -0.318740 0.947765
1755058408.403718 50.495017 -31.415158 1.454680 0.009325 -0.007731 -0.318406 0.947877
1755058408.503799 50.605744 -31.499295 1.449219 0.010322 -0.006895 -0.317975 0.948018
1755058408.603762 50.713225 -31.580804 1.460191 0.012045 -0.005369 -0.317201 0.948267
1755058408.703720 50.808723 -31.662969 1.458251 0.011463 -0.004891 -0.314234 0.949264
1755058408.803674 50.911223 -31.741748 1.473554 0.009837 -0.003600 -0.312984 0.949701
1755058408.903743 51.022042 -31.820376 1.468853 0.009960 -0.004745 -0.311998 0.950019
1755058409.003730 51.131198 -31.909951 1.466968 0.011285 -0.005100 -0.311776 0.950075
1755058409.103662 51.243315 -31.988595 1.474468 0.011957 -0.005870 -0.312007 0.949986
1755058409.203740 51.345736 -32.066175 1.473330 0.009456 -0.005644 -0.311600 0.950150
1755058409.303719 51.455573 -32.150300 1.475242 0.009990 -0.003814 -0.312177 0.949964
1755058409.403735 51.551952 -32.233710 1.480367 0.010884 -0.003034 -0.311006 0.950341
1755058409.503685 51.639996 -32.291493 1.483629 0.013410 -0.002791 -0.311796 0.950050
1755058409.603669 51.714558 -32.343898 1.479963 0.012470 -0.003064 -0.312034 0.949984
1755058409.703676 51.779267 -32.392417 1.477486 0.014713 -0.004628 -0.312089 0.949928
1755058409.803651 51.830226 -32.434557 1.475375 0.012698 -0.002869 -0.311767 0.950069
1755058409.903638 51.875665 -32.463536 1.475174 0.012234 -0.002941 -0.311337 0.950216
1755058410.003788 51.911913 -32.494141 1.475354 0.013747 -0.003114 -0.310558 0.950450
1755058410.103687 51.935931 -32.514012 1.476291 0.014131 -0.002933 -0.310131 0.950584
1755058410.203665 51.943370 -32.523204 1.484022 0.012193 -0.002251 -0.310582 0.950466
1755058410.303622 51.940547 -32.521013 1.495051 0.012353 -0.003226 -0.310814 0.950385
1755058422.204247 51.933933 -32.513422 1.466684 0.014324 -0.004525 -0.312185 0.949903
1755058422.304212 51.928222 -32.509955 1.456803 0.014293 -0.004626 -0.312040 0.949950
1755058422.404195 51.922480 -32.506779 1.446964 0.014301 -0.004623 -0.311756 0.950043
1755058422.504224 51.917944 -32.492165 1.470048 0.013741 -0.004668 -0.311008 0.950297
1755058422.604209 51.909491 -32.488842 1.472189 0.014196 -0.005150 -0.310043 0.950603
1755058422.704160 51.903750 -32.487050 1.471275 0.013724 -0.004760 -0.309620 0.950749
1755058422.804243 51.900129 -32.483802 1.471483 0.014276 -0.005113 -0.309170 0.950886
1755058422.904126 51.896046 -32.480304 1.473496 0.013836 -0.005073 -0.308750 0.951029
1755058423.004076 51.892170 -32.477647 1.474768 0.013662 -0.006221 -0.308499 0.951106
1755058423.104112 51.894165 -32.479565 1.476304 0.013225 -0.008151 -0.307599 0.951389
1755058423.204147 51.915123 -32.499675 1.477203 0.013986 -0.008416 -0.305481 0.952058
1755058423.304135 51.941354 -32.522008 1.481329 0.011573 -0.006958 -0.305125 0.952217
1755058423.404133 51.973056 -32.541523 1.483918 0.011897 -0.006662 -0.303003 0.952892
1755058423.504178 52.010238 -32.566599 1.487780 0.010939 -0.007915 -0.303153 0.952846
1755058423.604160 52.052622 -32.594640 1.490707 0.010388 -0.007734 -0.302018 0.953214
1755058423.704141 52.102053 -32.627605 1.493110 0.010840 -0.006437 -0.300011 0.953852
1755058423.804148 52.165808 -32.674437 1.492389 0.011180 -0.006085 -0.297522 0.954630
1755058423.904096 52.228877 -32.716991 1.493538 0.009796 -0.004871 -0.296270 0.955042
1755058424.004129 52.296791 -32.767973 1.492226 0.011565 -0.005376 -0.294369 0.955607
1755058424.104131 52.379674 -32.824237 1.492565 0.011970 -0.006817 -0.293415 0.955886
1755058424.204125 52.463424 -32.876983 1.494337 0.011631 -0.006316 -0.295560 0.955232
1755058424.304113 52.553917 -32.934542 1.496089 0.010100 -0.008819 -0.300185 0.953787
1755058424.404090 52.638081 -33.024412 1.471229 0.011300 -0.006160 -0.307091 0.951593
1755058424.504105 52.723716 -33.094915 1.487364 0.013055 -0.007690 -0.321338 0.946843
1755058424.604099 52.799915 -33.172007 1.491107 0.012833 -0.007917 -0.335387 0.941960
1755058424.704104 52.863636 -33.256999 1.502626 0.013301 -0.008841 -0.350785 0.936320
1755058424.804078 52.930666 -33.340451 1.509800 0.013296 -0.008033 -0.365404 0.930719
1755058424.904001 52.993788 -33.424678 1.517812 0.013130 -0.007601 -0.372817 0.927781
1755058425.004048 53.065923 -33.524990 1.526009 0.010972 -0.007271 -0.375452 0.926748
1755058425.104109 53.135413 -33.626030 1.532925 0.012302 -0.007055 -0.374886 0.926963
1755058425.203963 53.251702 -33.644425 1.516149 0.012871 -0.007286 -0.377121 0.926046
1755058425.303999 53.351288 -33.700563 1.510402 0.010531 -0.005176 -0.377661 0.925870
1755058425.404032 53.429900 -33.753808 1.509916 0.009830 -0.006090 -0.371806 0.928239
1755058425.504040 53.521795 -33.816665 1.509843 0.011434 -0.008810 -0.364871 0.930946
1755058425.604023 53.619728 -33.879224 1.510496 0.010088 -0.008287 -0.362549 0.931873
1755058425.703978 53.685446 -33.998889 1.516493 0.010776 -0.006292 -0.360952 0.932501
1755058425.804014 53.770325 -34.076806 1.530040 0.009066 -0.007124 -0.358074 0.933622
1755058425.904022 53.853984 -34.154018 1.526367 0.009055 -0.006846 -0.353258 0.935457
1755058426.004014 53.943922 -34.237613 1.531142 0.008815 -0.007777 -0.349853 0.936731
1755058426.103954 54.033019 -34.318459 1.534500 0.009691 -0.007569 -0.347254 0.937691
1755058426.203995 54.128362 -34.406636 1.532581 0.011179 -0.007841 -0.345252 0.938411
1755058426.303932 54.236573 -34.486129 1.527321 0.013498 -0.007686 -0.342049 0.939554
1755058426.403948 54.338023 -34.573393 1.535656 0.012254 -0.007855 -0.334645 0.942232
1755058426.503930 54.441025 -34.652264 1.536164 0.012317 -0.008944 -0.326913 0.944932
1755058426.603939 54.536349 -34.739205 1.535218 0.009045 -0.008711 -0.324501 0.945802
1755058426.703940 54.639098 -34.812873 1.539558 0.011301 -0.009669 -0.320388 0.947169
1755058426.803917 54.739831 -34.890644 1.547793 0.009501 -0.007337 -0.312791 0.949746
1755058426.903922 54.834814 -34.965417 1.547173 0.011528 -0.007192 -0.309466 0.950813
1755058427.003904 54.929810 -35.041177 1.546922 0.010983 -0.005200 -0.307741 0.951393
1755058427.103999 55.023720 -35.114934 1.552086 0.012775 -0.006682 -0.305696 0.952020
1755058427.203923 55.115910 -35.186066 1.555217 0.012538 -0.006857 -0.304430 0.952428
1755058427.303852 55.225272 -35.254458 1.557670 0.011279 -0.007575 -0.302299 0.953116
1755058427.403914 55.327933 -35.327493 1.559861 0.012088 -0.007226 -0.301208 0.953454
1755058427.503825 55.430771 -35.400146 1.554663 0.010022 -0.007272 -0.299585 0.953989
1755058427.603883 55.534833 -35.472415 1.571672 0.010264 -0.008355 -0.297821 0.954530
1755058427.703818 55.640633 -35.550672 1.569736 0.007019 -0.007576 -0.295954 0.955146
1755058427.803855 55.750448 -35.630242 1.573637 0.006329 -0.005350 -0.294079 0.955745
1755058427.903812 55.857945 -35.703708 1.575873 0.006674 -0.005176 -0.292918 0.956100
1755058428.003803 55.957582 -35.776100 1.585282 0.007205 -0.004428 -0.292068 0.956360
1755058428.103872 56.068145 -35.845904 1.588635 0.010330 -0.007395 -0.292050 0.956319
1755058428.203879 56.170029 -35.918753 1.586342 0.007261 -0.006383 -0.294229 0.955686
1755058428.303811 56.274918 -35.995282 1.593518 0.007268 -0.006193 -0.294463 0.955615
1755058428.403851 56.364535 -36.060774 1.596115 0.007848 -0.005677 -0.297160 0.954778
1755058428.503770 56.452183 -36.133678 1.588998 0.008843 -0.005816 -0.300401 0.953754
1755058428.603833 56.569082 -36.215487 1.593756 0.010828 -0.005193 -0.303237 0.952840
1755058428.703737 56.682145 -36.307408 1.591660 0.009253 -0.001543 -0.308592 0.951148
1755058428.803818 56.793128 -36.385858 1.600203 0.012196 -0.004042 -0.315355 0.948887
1755058428.903797 56.897110 -36.464235 1.607069 0.010067 -0.004562 -0.320421 0.947211
1755058429.003861 56.997863 -36.542663 1.605733 0.008152 -0.005197 -0.322042 0.946676
1755058429.103813 57.091478 -36.619250 1.610338 0.009359 -0.005449 -0.323257 0.946249
1755058429.203805 57.183537 -36.696234 1.608773 0.007732 -0.005484 -0.324840 0.945721
1755058429.303782 57.279290 -36.769771 1.613325 0.010642 -0.005682 -0.326047 0.945276
1755058429.403795 57.375470 -36.840301 1.615755 0.007648 -0.005413 -0.327055 0.944959
1755058429.503780 57.466203 -36.917181 1.617550 0.008321 -0.005235 -0.327779 0.944703
1755058429.603698 57.557403 -36.983786 1.615587 0.008435 -0.005145 -0.327652 0.944747
1755058429.703756 57.650460 -37.060542 1.622301 0.006311 -0.005522 -0.325457 0.945520
1755058429.803947 57.739796 -37.135446 1.622452 0.006620 -0.005689 -0.324423 0.945872
1755058429.903721 57.828724 -37.201640 1.628955 0.009242 -0.006748 -0.322383 0.946540
1755058430.003752 57.914965 -37.274357 1.629127 0.006724 -0.006624 -0.320974 0.947041
1755058430.103742 58.003552 -37.347051 1.627823 0.006983 -0.004628 -0.319340 0.947603
1755058430.203687 58.091897 -37.419091 1.627725 0.008439 -0.005482 -0.318199 0.947970
1755058430.303726 58.183867 -37.486349 1.629145 0.010017 -0.006247 -0.316718 0.948446
1755058430.403679 58.277531 -37.562653 1.626081 0.007366 -0.006183 -0.315564 0.948856
1755058430.503718 58.365057 -37.629555 1.620986 0.008533 -0.005163 -0.315039 0.949026
1755058430.603673 58.446480 -37.687586 1.625100 0.009556 -0.004088 -0.314207 0.949298
1755058430.703731 58.515461 -37.733353 1.631052 0.010872 -0.004498 -0.314448 0.949202
1755058430.803740 58.571583 -37.773584 1.640059 0.011218 -0.005741 -0.314445 0.949192
1755058430.903688 58.615384 -37.812817 1.642240 0.011121 -0.005418 -0.313637 0.949462
1755058431.003691 58.645928 -37.839255 1.639158 0.011185 -0.003933 -0.313115 0.949641
1755058431.103647 58.664638 -37.849804 1.644576 0.010720 -0.003596 -0.313952 0.949371
1755058431.203680 58.671400 -37.859662 1.643650 0.011194 -0.004403 -0.314107 0.949311
1755058443.304160 58.676916 -37.866279 1.644018 0.011223 -0.004381 -0.313858 0.949393
1755058446.904037 61.012621 -39.567853 1.700292 0.014706 -0.006978 -0.318397 0.947818
1755058447.004017 61.105450 -39.631965 1.705753 0.014172 -0.007696 -0.319474 0.947458
1755058447.103899 61.207331 -39.704995 1.687831 0.017517 -0.007748 -0.319164 0.947506
1755058447.203928 61.302307 -39.779474 1.677657 0.015806 -0.005384 -0.318070 0.947920
1755058447.303978 61.395044 -39.856529 1.697035 0.015753 -0.006833 -0.317474 0.948112
1755058447.403965 61.497430 -39.938822 1.695487 0.016861 -0.007109 -0.317202 0.948181
1755058447.503894 61.595475 -40.018360 1.697313 0.016491 -0.006597 -0.316423 0.948452
1755058447.603963 61.705477 -40.111548 1.693701 0.015901 -0.006578 -0.317357 0.948150
1755058447.703957 61.813469 -40.199530 1.705081 0.011733 -0.006648 -0.319747 0.947407
1755058447.803952 61.927408 -40.280973 1.709824 0.012978 -0.008268 -0.320163 0.947237
1755058447.903897 62.050949 -40.376496 1.701607 0.014106 -0.006823 -0.320854 0.946999
1755058448.003925 62.168139 -40.472821 1.705069 0.015927 -0.008298 -0.320243 0.947165
1755058448.103984 62.285177 -40.558482 1.716161 0.016031 -0.008855 -0.320917 0.946930
1755058448.203931 62.389775 -40.644901 1.721101 0.016039 -0.009047 -0.321026 0.946891
1755058448.303888 62.491779 -40.726262 1.728296 0.016045 -0.008846 -0.321861 0.946610
1755058448.403871 62.593762 -40.806921 1.729624 0.013483 -0.009939 -0.322509 0.946418
1755058448.503856 62.694178 -40.890108 1.726384 0.015315 -0.010091 -0.322739 0.946310
1755058448.603932 62.799812 -40.972960 1.724486 0.015639 -0.009283 -0.323124 0.946182
1755058448.703868 62.894293 -41.051301 1.729053 0.015972 -0.010253 -0.324406 0.945728
1755058448.803885 62.990809 -41.132403 1.727306 0.016093 -0.010023 -0.326512 0.945003
1755058448.903840 63.092698 -41.221888 1.724522 0.015085 -0.007353 -0.328393 0.944392
1755058449.003888 63.198594 -41.303666 1.726929 0.018051 -0.005931 -0.329804 0.943858
1755058449.103817 63.309869 -41.389778 1.732694 0.018505 -0.007602 -0.330379 0.943636
1755058449.203998 63.417736 -41.485556 1.733996 0.015976 -0.006257 -0.330354 0.943701
1755058449.303859 63.541429 -41.571858 1.741926 0.016366 -0.004403 -0.327912 0.944556
1755058449.403855 63.652873 -41.654081 1.748602 0.017367 -0.008124 -0.323682 0.945972
1755058449.503988 63.757692 -41.740475 1.752015 0.014078 -0.006260 -0.318921 0.947656
1755058449.603858 63.861368 -41.826215 1.743207 0.014228 -0.005285 -0.316490 0.948474
1755058449.703982 63.956445 -41.898701 1.752775 0.016495 -0.005521 -0.314545 0.949083
1755058449.803783 64.051781 -41.970359 1.757649 0.016824 -0.007562 -0.313374 0.949451
1755058449.903830 64.149565 -42.049271 1.752006 0.013177 -0.007933 -0.311824 0.950015
1755058450.003803 64.251630 -42.125116 1.748460 0.012713 -0.005678 -0.311035 0.950296
1755058450.103814 64.352109 -42.213211 1.747486 0.014454 -0.005475 -0.314326 0.949189
1755058450.203794 64.455361 -42.293201 1.752901 0.014876 -0.005892 -0.319723 0.947376
1755058450.303803 64.565876 -42.380027 1.754119 0.015599 -0.003186 -0.320396 0.947150
1755058450.403731 64.659158 -42.449531 1.764322 0.017119 -0.002338 -0.320862 0.946968
1755058450.503740 64.745404 -42.510453 1.770169 0.015543 -0.001987 -0.321480 0.946787
1755058450.603747 64.816509 -42.564312 1.767322 0.015198 -0.002057 -0.321398 0.946820
1755058450.703783 64.877468 -42.612411 1.775461 0.017142 -0.004444 -0.320934 0.946936
1755058450.803771 64.940884 -42.659849 1.781957 0.015698 -0.008605 -0.319854 0.947298
1755058450.903713 65.008271 -42.717652 1.772580 0.010761 -0.008746 -0.319239 0.947573
1755058451.003707 65.087110 -42.779075 1.774571 0.011926 -0.008588 -0.318945 0.947659
1755058451.103877 65.177475 -42.844863 1.769100 0.011872 -0.006994 -0.318408 0.947853
1755058451.203683 65.262277 -42.910522 1.774556 0.013312 -0.006347 -0.316860 0.948358
1755058451.303689 65.335819 -42.971567 1.782508 0.012609 -0.004819 -0.316528 0.948487
1755058451.403631 65.406984 -43.032202 1.786329 0.013422 -0.005044 -0.316215 0.948579
1755058451.503667 65.473521 -43.086127 1.785176 0.013321 -0.004895 -0.316915 0.948348
1755058451.603737 65.532546 -43.124027 1.784381 0.014190 -0.005112 -0.316691 0.948409
1755058451.703717 65.582211 -43.159454 1.780231 0.013528 -0.004517 -0.316401 0.948518
1755058451.803690 65.618542 -43.184470 1.779796 0.015078 -0.004240 -0.315803 0.948695
1755058451.903687 65.642870 -43.195931 1.777079 0.015839 -0.004726 -0.316126 0.948573
1755058452.003694 65.650098 -43.208735 1.775952 0.015731 -0.005224 -0.316241 0.948534
1755058469.603838 65.658437 -43.217482 1.733919 0.019705 -0.006789 -0.316096 0.948498
1755058469.703852 65.665877 -43.220992 1.740185 0.020646 -0.008365 -0.316006 0.948496
1755058469.803814 65.666554 -43.224533 1.751950 0.019059 -0.008049 -0.315654 0.948649
1755058469.903878 65.666200 -43.220577 1.761123 0.017624 -0.007577 -0.315483 0.948737
1755058470.003753 65.663976 -43.220378 1.766668 0.016489 -0.007227 -0.315091 0.948891
1755058470.103854 65.656838 -43.219743 1.770614 0.015526 -0.006592 -0.314619 0.949068
1755058470.203861 65.645258 -43.206792 1.778102 0.016020 -0.008033 -0.313995 0.949256
1755058470.303835 65.642483 -43.206254 1.784534 0.016015 -0.010263 -0.313731 0.949321
1755058470.403726 65.650367 -43.208974 1.784504 0.012352 -0.009584 -0.312613 0.949752
1755058470.503783 65.666708 -43.220656 1.788993 0.012711 -0.008292 -0.312591 0.949767
1755058470.603813 65.695446 -43.245091 1.778227 0.013488 -0.008094 -0.310527 0.950434
1755058470.703793 65.726083 -43.268382 1.779344 0.015706 -0.008461 -0.309603 0.950699
1755058470.803851 65.763181 -43.300933 1.782489 0.014130 -0.007565 -0.308073 0.951228
1755058470.903819 65.805316 -43.335719 1.784474 0.014012 -0.008351 -0.306389 0.951767
1755058471.003776 65.860335 -43.371642 1.785886 0.013872 -0.008156 -0.304833 0.952270
1755058471.103834 65.921937 -43.414816 1.785512 0.014956 -0.007471 -0.302708 0.952937
1755058471.203813 65.998947 -43.468951 1.784847 0.014319 -0.006589 -0.301228 0.953422
1755058471.303765 66.084355 -43.530149 1.786108 0.015923 -0.006365 -0.300511 0.953624
1755058471.403688 66.178379 -43.595358 1.793431 0.015273 -0.008567 -0.299902 0.953809
1755058471.503784 66.281382 -43.669058 1.799688 0.014369 -0.009746 -0.299657 0.953889
1755058471.603723 66.389768 -43.750436 1.790896 0.010347 -0.008950 -0.301384 0.953405
1755058471.703741 66.504018 -43.829943 1.795833 0.010054 -0.007951 -0.302476 0.953071
1755058471.803689 66.614585 -43.922874 1.798404 0.011030 -0.005771 -0.302320 0.953125
1755058471.903715 66.730630 -44.002924 1.804141 0.012596 -0.005219 -0.305491 0.952097
1755058472.003767 66.848798 -44.093529 1.811536 0.011039 -0.002610 -0.307681 0.951422
1755058472.103662 66.960570 -44.175971 1.815635 0.010322 -0.003495 -0.309195 0.950936
1755058472.203691 67.072608 -44.253448 1.818245 0.013394 -0.006674 -0.311424 0.950153
1755058472.303758 67.186039 -44.343892 1.817077 0.010457 -0.007425 -0.313769 0.949413
1755058472.403759 67.303757 -44.434189 1.807029 0.009503 -0.006985 -0.314905 0.949050
1755058472.503707 67.416459 -44.517449 1.811963 0.014784 -0.008431 -0.315669 0.948717
1755058472.603696 67.531074 -44.608130 1.822738 0.012780 -0.009531 -0.315639 0.948745
1755058472.703702 67.642118 -44.692229 1.823491 0.011771 -0.008046 -0.316030 0.948642
1755058472.803700 67.759292 -44.783286 1.829865 0.014374 -0.011155 -0.314733 0.949006
1755058472.903664 67.869251 -44.869714 1.828254 0.013428 -0.011950 -0.314869 0.948965
1755058473.003654 67.983932 -44.959395 1.822536 0.012367 -0.009067 -0.314547 0.949118
1755058473.103656 68.091859 -45.039032 1.825947 0.014633 -0.007124 -0.313738 0.949370
1755058473.203653 68.192905 -45.118058 1.832565 0.018343 -0.007404 -0.315195 0.948821
1755058473.303697 68.292921 -45.196906 1.840468 0.016183 -0.005726 -0.316392 0.948473
1755058473.403676 68.397471 -45.279227 1.852988 0.017332 -0.005940 -0.318702 0.947678
1755058473.503669 68.489288 -45.353712 1.852264 0.015793 -0.005833 -0.319272 0.947514
1755058473.603667 68.594673 -45.433681 1.858752 0.016686 -0.008537 -0.319048 0.947553
1755058473.703642 68.690676 -45.512622 1.845629 0.012879 -0.006423 -0.319218 0.947572
1755058473.803586 68.799787 -45.593863 1.847560 0.015046 -0.006571 -0.318422 0.947807
1755058473.903781 68.914623 -45.684279 1.847832 0.016576 -0.007600 -0.318067 0.947893
1755058474.003721 69.027490 -45.773420 1.848215 0.016773 -0.007200 -0.317010 0.948247
1755058474.103567 69.138453 -45.856550 1.854846 0.018336 -0.007745 -0.316911 0.948246
1755058474.203563 69.245796 -45.941612 1.853089 0.015962 -0.007547 -0.315938 0.948616
1755058474.303614 69.361727 -46.023407 1.855216 0.016109 -0.008164 -0.313998 0.949252
1755058474.403549 69.473827 -46.111792 1.848461 0.016351 -0.005351 -0.310367 0.950461
1755058474.503594 69.588906 -46.196532 1.854633 0.019495 -0.006232 -0.306998 0.951490
1755058474.603682 69.698352 -46.278829 1.861199 0.017528 -0.006674 -0.305038 0.952155
1755058474.703610 69.797212 -46.351562 1.858107 0.015456 -0.006555 -0.303784 0.952593
1755058474.803576 69.909807 -46.432648 1.872304 0.016755 -0.006634 -0.302980 0.952826
1755058474.903558 70.015623 -46.511279 1.875917 0.013842 -0.009228 -0.302701 0.952940
1755058475.003555 70.132214 -46.597188 1.871610 0.012546 -0.010870 -0.305258 0.952125
1755058475.103550 70.249411 -46.679283 1.867367 0.010849 -0.008638 -0.306219 0.951860
1755058475.203551 70.365992 -46.767473 1.869883 0.012808 -0.008796 -0.305882 0.951943
1755058475.303499 70.476741 -46.850086 1.878115 0.014159 -0.010666 -0.307723 0.951311
1755058475.403540 70.590109 -46.930244 1.871831 0.011792 -0.008881 -0.308757 0.951026
1755058475.503520 70.704618 -47.015365 1.880155 0.014336 -0.006847 -0.309211 0.950861
1755058475.603527 70.813342 -47.104676 1.884769 0.014333 -0.005987 -0.309980 0.950616
1755058475.703518 70.917876 -47.185909 1.887233 0.013418 -0.005577 -0.313577 0.949451
1755058475.803514 71.024212 -47.269772 1.895979 0.011584 -0.003921 -0.319169 0.947619
1755058475.903502 71.124112 -47.351673 1.895512 0.010615 -0.004759 -0.324895 0.945678
1755058476.003500 71.237877 -47.441378 1.909687 0.009705 -0.006525 -0.329123 0.944215
1755058476.103454 71.349808 -47.535386 1.904555 0.006552 -0.005986 -0.329219 0.944212
1755058476.203465 71.470117 -47.622972 1.916460 0.007124 -0.005619 -0.329971 0.943947
1755058476.303496 71.582222 -47.712419 1.920934 0.008029 -0.006760 -0.328833 0.944330
1755058476.403619 71.684087 -47.791439 1.920675 0.005951 -0.006134 -0.325279 0.945579
1755058476.503478 71.801151 -47.878848 1.921856 0.006394 -0.004798 -0.322605 0.946500
1755058476.603414 71.910908 -47.970011 1.916725 0.005681 -0.004386 -0.320395 0.947257
1755058476.703451 72.011817 -48.053316 1.917197 0.009686 -0.003919 -0.319946 0.947378
1755058476.804801 72.098698 -48.121906 1.911306 0.008778 -0.003075 -0.319687 0.947478
1755058476.903446 72.170605 -48.182520 1.918098 0.009181 -0.003241 -0.320089 0.947338
1755058477.003435 72.229181 -48.227133 1.921894 0.008377 -0.004368 -0.319197 0.947641
1755058477.103566 72.283807 -48.267771 1.921705 0.008986 -0.004636 -0.318483 0.947875
1755058477.203367 72.330145 -48.304482 1.922953 0.009478 -0.004726 -0.318706 0.947795
1755058477.304721 72.364630 -48.328357 1.923920 0.008787 -0.004081 -0.318600 0.947840
1755058477.404706 72.383272 -48.341535 1.928143 0.008400 -0.004285 -0.318894 0.947743
1755058477.504726 72.404564 -48.360844 1.934923 0.007237 -0.003887 -0.319190 0.947655
1755058477.603383 72.416024 -48.369123 1.930509 0.007622 -0.003853 -0.319261 0.947628
1755058488.404198 72.420144 -48.388393 1.908503 0.009968 -0.006165 -0.319632 0.947469
1755058488.503989 72.428881 -48.384490 1.909676 0.010611 -0.006860 -0.318740 0.947758
1755058488.604086 72.435272 -48.384918 1.913210 0.009950 -0.006645 -0.318339 0.947902
1755058488.704025 72.441219 -48.387348 1.912463 0.009949 -0.006656 -0.317927 0.948040
1755058488.803970 72.439151 -48.389914 1.919186 0.009375 -0.006522 -0.317353 0.948239
1755058488.903986 72.441042 -48.392934 1.921111 0.009336 -0.006635 -0.316944 0.948375
1755058489.003989 72.444325 -48.390729 1.934492 0.008536 -0.007627 -0.316504 0.948522
1755058489.103964 72.451373 -48.397106 1.938470 0.006571 -0.009241 -0.315527 0.948849
1755058489.203952 72.463580 -48.406073 1.935171 0.005455 -0.008576 -0.314341 0.949256
1755058489.303935 72.482958 -48.424256 1.929178 0.005271 -0.007745 -0.313204 0.949640
1755058489.403991 72.508643 -48.438785 1.932416 0.006115 -0.007683 -0.311644 0.950148
1755058489.503973 72.543638 -48.463497 1.937142 0.008370 -0.008867 -0.310295 0.950562
1755058489.603992 72.582746 -48.493492 1.939667 0.005262 -0.008535 -0.308612 0.951135
1755058489.703964 72.633749 -48.536820 1.940460 0.004963 -0.008569 -0.306727 0.951746
1755058489.803942 72.698337 -48.579368 1.937900 0.006098 -0.008212 -0.304758 0.952375
1755058489.903951 72.762453 -48.622611 1.938550 0.006927 -0.007301 -0.303287 0.952846
1755058490.003855 72.849171 -48.683648 1.936999 0.007332 -0.006192 -0.301235 0.953502
1755058490.103918 72.942804 -48.748413 1.937293 0.007881 -0.007265 -0.300245 0.953802
1755058490.203827 73.041713 -48.816289 1.937742 0.008362 -0.007174 -0.302060 0.953225
1755058490.303848 73.140855 -48.900315 1.953187 0.006969 -0.008106 -0.304281 0.952522
1755058490.403927 73.239268 -48.975776 1.958726 0.006526 -0.006761 -0.307091 0.951634
1755058490.503853 73.357671 -49.068729 1.965323 0.008055 -0.007438 -0.308061 0.951303
1755058490.603901 73.499696 -49.173496 1.949608 0.009114 -0.006800 -0.308877 0.951034
1755058490.703820 73.618579 -49.260249 1.952374 0.010279 -0.006359 -0.310527 0.950488
1755058490.804031 73.734424 -49.350618 1.957453 0.011324 -0.006878 -0.314011 0.949327
1755058490.903837 73.836447 -49.441492 1.958578 0.007899 -0.005636 -0.320396 0.947234
1755058491.004016 73.944275 -49.526509 1.959322 0.010294 -0.008055 -0.325271 0.945530
1755058491.103867 74.048152 -49.611651 1.963278 0.009411 -0.004446 -0.330716 0.943673
1755058491.203861 74.150414 -49.698393 1.958576 0.011020 -0.003465 -0.333271 0.942760
1755058491.303855 74.253724 -49.781605 1.965327 0.010922 -0.003163 -0.333722 0.942603
1755058491.403845 74.356638 -49.867632 1.963584 0.012021 -0.002584 -0.335099 0.942103
1755058491.503828 74.458624 -49.952914 1.976921 0.013570 -0.002406 -0.336285 0.941660
1755058491.603852 74.557628 -50.036709 1.983301 0.011307 -0.002216 -0.336434 0.941637
1755058491.703787 74.658031 -50.120350 1.987050 0.010326 -0.003254 -0.336484 0.941627
1755058491.803832 74.763286 -50.199298 1.993820 0.009195 -0.004311 -0.335001 0.942163
1755058491.903843 74.874642 -50.296935 1.998739 0.009520 -0.006052 -0.332568 0.943012
1755058492.003748 74.982263 -50.387047 1.992153 0.009881 -0.006263 -0.331503 0.943382
1755058492.103748 75.083681 -50.472916 1.982753 0.011106 -0.005030 -0.330473 0.943737
1755058492.203938 75.202256 -50.561286 1.985913 0.014977 -0.005508 -0.328797 0.944266
1755058492.303822 75.320847 -50.659734 2.000288 0.012927 -0.005599 -0.327728 0.944667
1755058492.403790 75.430765 -50.751636 1.998355 0.010147 -0.005922 -0.326783 0.945027
1755058492.503795 75.540609 -50.840818 1.997871 0.010682 -0.005152 -0.325702 0.945398
1755058492.603769 75.644574 -50.926362 2.003526 0.011463 -0.006308 -0.324345 0.945848
1755058492.703743 75.747172 -51.004803 2.005536 0.012265 -0.007843 -0.322692 0.946392
1755058492.803730 75.852225 -51.093346 2.001248 0.011575 -0.007319 -0.322120 0.946600
1755058492.903722 75.956006 -51.173939 2.004474 0.012165 -0.008548 -0.320937 0.946984
1755058493.003745 76.058834 -51.255940 2.006662 0.013303 -0.009254 -0.319332 0.947504
1755058493.103707 76.166230 -51.345234 2.001545 0.011621 -0.007851 -0.318296 0.947888
1755058493.203681 76.273420 -51.424382 2.003480 0.014674 -0.007793 -0.317192 0.948216
1755058493.303692 76.378582 -51.509131 2.006714 0.016140 -0.008164 -0.316852 0.948302
1755058493.403716 76.481117 -51.588341 2.009712 0.015024 -0.007910 -0.318626 0.947729
1755058493.503859 76.584254 -51.668726 2.010358 0.014319 -0.005701 -0.320473 0.947132
1755058493.603675 76.690344 -51.747721 2.020461 0.015159 -0.007162 -0.320229 0.947192
1755058493.703800 76.796197 -51.831953 2.022939 0.012609 -0.007903 -0.319188 0.947575
1755058493.803796 76.905276 -51.921603 2.018915 0.010615 -0.007229 -0.319724 0.947424
1755058493.903702 77.011224 -52.003188 2.025074 0.012360 -0.006712 -0.322045 0.946620
1755058494.003787 77.113257 -52.083329 2.032340 0.012892 -0.007085 -0.325307 0.945494
1755058494.103632 77.213502 -52.167444 2.034971 0.010371 -0.007108 -0.326722 0.945037
1755058494.203680 77.320019 -52.255799 2.039797 0.009885 -0.006319 -0.329037 0.944244
1755058494.303623 77.423872 -52.336699 2.043691 0.008722 -0.008608 -0.329059 0.944230
1755058494.403656 77.530460 -52.424636 2.045213 0.008689 -0.008028 -0.328562 0.944408
1755058494.503661 77.632759 -52.512123 2.039873 0.006522 -0.005135 -0.328149 0.944590
1755058494.603646 77.739417 -52.591429 2.039294 0.011575 -0.004508 -0.327320 0.944832
1755058494.703643 77.848640 -52.678534 2.042081 0.012950 -0.005897 -0.325921 0.945290
1755058494.803633 77.954590 -52.765143 2.044434 0.010754 -0.005403 -0.325254 0.945550
1755058494.903632 78.073830 -52.861005 2.041512 0.011645 -0.001812 -0.325099 0.945606
1755058495.003566 78.173222 -52.940947 2.052501 0.010292 -0.002697 -0.325565 0.945460
1755058495.103579 78.260910 -53.010403 2.065183 0.009026 -0.003980 -0.324356 0.945884
1755058495.203603 78.342032 -53.074533 2.066074 0.008505 -0.004603 -0.323824 0.946068
1755058495.303601 78.413929 -53.128719 2.068784 0.007734 -0.003968 -0.323755 0.946101
1755058495.403602 78.469886 -53.172054 2.067648 0.008615 -0.004560 -0.324125 0.945964
1755058495.503597 78.508420 -53.202661 2.071270 0.008614 -0.004938 -0.324619 0.945793
1755058495.603541 78.531064 -53.229677 2.074333 0.008393 -0.005262 -0.324791 0.945734
1755058495.703580 78.556815 -53.249629 2.078123 0.006034 -0.004325 -0.324977 0.945693
1755058495.803585 78.570815 -53.262570 2.080581 0.004646 -0.004155 -0.325277 0.945598
1755058495.903561 78.572863 -53.264927 2.092288 0.003262 -0.005234 -0.325139 0.945646
1755058508.004117 78.578499 -53.269518 2.099637 0.003263 -0.005241 -0.324987 0.945698
1755058508.104144 78.584006 -53.273244 2.106772 0.003204 -0.005318 -0.324799 0.945763
1755058508.204117 78.590059 -53.276628 2.113885 0.003171 -0.005337 -0.324475 0.945874
1755058508.304070 78.592268 -53.278043 2.093553 0.003670 -0.005546 -0.323855 0.946083
1755058508.404085 78.597410 -53.280201 2.093178 0.003595 -0.005687 -0.323431 0.946228
1755058508.504052 78.604931 -53.283947 2.093156 0.003530 -0.007855 -0.322631 0.946486
1755058508.604102 78.620341 -53.296967 2.075261 0.005826 -0.011108 -0.321565 0.946804
1755058508.704085 78.644031 -53.306924 2.071333 0.005766 -0.010629 -0.321084 0.946973
1755058508.804061 78.676110 -53.336791 2.068456 0.006013 -0.010301 -0.319373 0.947554
1755058508.904209 78.713140 -53.362723 2.073196 0.006141 -0.010760 -0.318778 0.947749
1755058509.004016 78.751731 -53.391698 2.076051 0.007169 -0.011804 -0.317700 0.948091
1755058509.104048 78.792524 -53.424474 2.076926 0.006230 -0.012442 -0.315591 0.948793
1755058509.204057 78.844142 -53.464139 2.078973 0.006270 -0.012346 -0.314262 0.949235
1755058509.304054 78.904001 -53.509177 2.081712 0.006296 -0.012701 -0.312647 0.949764
1755058509.403996 78.968477 -53.555286 2.081626 0.004955 -0.012646 -0.311440 0.950169
1755058509.503989 79.036154 -53.607249 2.084934 0.005920 -0.012586 -0.309309 0.950860
1755058509.604026 79.114991 -53.680337 2.083219 0.005516 -0.011854 -0.310121 0.950607
1755058509.704027 79.201356 -53.747183 2.080001 0.005851 -0.008609 -0.313640 0.949485
1755058509.804009 79.294422 -53.824987 2.077337 0.007058 -0.007522 -0.317929 0.948058
1755058509.904017 79.403889 -53.901803 2.086019 0.010377 -0.006668 -0.321453 0.946845
1755058510.003997 79.508391 -53.983436 2.087597 0.012428 -0.004728 -0.324359 0.945841
1755058510.103953 79.601290 -54.069111 2.091309 0.015884 -0.004232 -0.330276 0.943741
1755058510.203988 79.702734 -54.145595 2.100253 0.013473 -0.007184 -0.332358 0.943030
1755058510.303895 79.809144 -54.241149 2.099129 0.012394 -0.008123 -0.333703 0.942562
1755058510.403887 79.920207 -54.329278 2.102527 0.010715 -0.008889 -0.335910 0.941791
1755058510.503973 80.024594 -54.420986 2.101666 0.010545 -0.008604 -0.336559 0.941564
1755058510.603971 80.123989 -54.506475 2.106517 0.013332 -0.008769 -0.336891 0.941408
1755058510.703941 80.223967 -54.589672 2.100263 0.014040 -0.008505 -0.338390 0.940863
1755058510.803963 80.338410 -54.678904 2.104369 0.015943 -0.008640 -0.338537 0.940778
1755058510.903943 80.451423 -54.775091 2.108287 0.012170 -0.006802 -0.337766 0.941127
1755058511.003939 80.557351 -54.864397 2.113344 0.014607 -0.007341 -0.336926 0.941389
1755058511.103928 80.660648 -54.950573 2.120519 0.013795 -0.007673 -0.337008 0.941369
1755058511.203922 80.761438 -55.040004 2.118705 0.012651 -0.007323 -0.336087 0.941718
1755058511.303914 80.875703 -55.139912 2.123587 0.013916 -0.007926 -0.334925 0.942109
1755058511.403907 80.987028 -55.230079 2.124014 0.012461 -0.006823 -0.333275 0.942723
1755058511.503907 81.098386 -55.312667 2.139111 0.014754 -0.006816 -0.330432 0.943690
1755058511.603899 81.207950 -55.392171 2.132992 0.012390 -0.006755 -0.326288 0.945165
1755058511.703921 81.310908 -55.477929 2.138508 0.015205 -0.007591 -0.322256 0.946500
1755058511.803888 81.413530 -55.565625 2.138034 0.014053 -0.007728 -0.319670 0.947393
1755058511.903841 81.526428 -55.653033 2.133040 0.011749 -0.006823 -0.317882 0.948033
1755058512.003790 81.637830 -55.735124 2.151109 0.015468 -0.008838 -0.313566 0.949399
1755058512.103800 81.747632 -55.825163 2.142978 0.011987 -0.007570 -0.310492 0.950470
1755058512.203795 81.862461 -55.909118 2.149854 0.013061 -0.005672 -0.308682 0.951059
1755058512.303851 81.984266 -55.992611 2.147544 0.013943 -0.005449 -0.303927 0.952578
1755058512.403845 82.094657 -56.077002 2.146762 0.014604 -0.005767 -0.301675 0.953281
1755058512.503854 82.207531 -56.152466 2.154900 0.015747 -0.007289 -0.299440 0.953957
1755058512.603792 82.323253 -56.235216 2.151299 0.011910 -0.007127 -0.295177 0.955342
1755058512.703831 82.438799 -56.318420 2.164885 0.012081 -0.008189 -0.292843 0.956049
1755058512.803781 82.547766 -56.393785 2.161951 0.008067 -0.006271 -0.291197 0.956608
1755058512.903815 82.665654 -56.481614 2.161943 0.009738 -0.007481 -0.290139 0.956906
1755058513.003814 82.775085 -56.557967 2.167985 0.011013 -0.007668 -0.293561 0.955846
1755058513.103760 82.863870 -56.618548 2.176684 0.007138 -0.007858 -0.299545 0.954023
1755058513.203776 82.952752 -56.696963 2.177186 0.003600 -0.007966 -0.308429 0.951207
1755058513.303752 83.054944 -56.779452 2.181138 0.006864 -0.009673 -0.317339 0.948238
1755058513.403750 83.179077 -56.876100 2.173987 0.006740 -0.007556 -0.322012 0.946682
1755058513.503776 83.298109 -56.967951 2.172218 0.009102 -0.006786 -0.324878 0.945688
1755058513.603768 83.417229 -57.058470 2.181503 0.012352 -0.006615 -0.327200 0.944851
1755058513.703786 83.531504 -57.141069 2.186429 0.010308 -0.006800 -0.327494 0.944772
1755058513.803714 83.637513 -57.235525 2.190425 0.008761 -0.006129 -0.328694 0.944376
1755058513.903701 83.745846 -57.317967 2.194637 0.009872 -0.006407 -0.329064 0.944234
1755058514.003748 83.858920 -57.407576 2.191434 0.009268 -0.005590 -0.328532 0.944431
1755058514.103741 83.964933 -57.494259 2.187989 0.011230 -0.005848 -0.327702 0.944696
1755058514.203692 84.072277 -57.582214 2.192768 0.013214 -0.005204 -0.327363 0.944792
1755058514.303689 84.172496 -57.664787 2.204644 0.010010 -0.004686 -0.326854 0.945010
1755058514.403724 84.275837 -57.747811 2.210963 0.007928 -0.004107 -0.325163 0.945616
1755058514.503702 84.383563 -57.833844 2.210573 0.008503 -0.004839 -0.324583 0.945807
1755058514.603721 84.487614 -57.919531 2.209410 0.009147 -0.004960 -0.323871 0.946044
1755058514.703655 84.581519 -57.996102 2.209170 0.009195 -0.003211 -0.323948 0.946025
1755058514.803579 84.669588 -58.068045 2.215714 0.010400 -0.005423 -0.323592 0.946124
1755058514.903696 84.746845 -58.127433 2.225117 0.009658 -0.005285 -0.323383 0.946204
1755058515.003682 84.818903 -58.184833 2.222762 0.009915 -0.005705 -0.323161 0.946275
1755058515.103625 84.884798 -58.234962 2.219761 0.009489 -0.005958 -0.322983 0.946339
1755058515.203680 84.947641 -58.278005 2.218306 0.010700 -0.006722 -0.322904 0.946347
1755058515.303615 85.006379 -58.324152 2.215898 0.011954 -0.007891 -0.323076 0.946264
1755058515.403604 85.052348 -58.363951 2.212961 0.011923 -0.007762 -0.322561 0.946442
1755058515.503627 85.087629 -58.388715 2.201882 0.014967 -0.008788 -0.323313 0.946133
1755058515.603643 85.104239 -58.408629 2.205314 0.014022 -0.008512 -0.323428 0.946110
1755058515.703575 85.110138 -58.413549 2.213270 0.014784 -0.010089 -0.323155 0.946177
1755058515.803519 85.114622 -58.411381 2.215591 0.012200 -0.010272 -0.323328 0.946152
1755058528.604098 85.113088 -58.426423 2.222215 0.009150 -0.009465 -0.323973 0.945975
1755058528.704096 85.119890 -58.427772 2.222114 0.011995 -0.010374 -0.322693 0.946371
1755058528.804090 85.124445 -58.433631 2.224452 0.011974 -0.010405 -0.322315 0.946500
1755058528.904135 85.128537 -58.439375 2.226726 0.011945 -0.010481 -0.322005 0.946605
1755058529.004131 85.132572 -58.445346 2.229014 0.011957 -0.010489 -0.321536 0.946764
1755058529.104123 85.136212 -58.451220 2.231249 0.011951 -0.010533 -0.321069 0.946922
1755058529.204115 85.139900 -58.457454 2.233566 0.011825 -0.011144 -0.320496 0.947111
1755058529.304041 85.147749 -58.467776 2.236190 0.011814 -0.012844 -0.319500 0.947426
1755058529.404024 85.176846 -58.471518 2.225954 0.009552 -0.012289 -0.318553 0.947777
1755058529.504093 85.200380 -58.482921 2.231465 0.009326 -0.012452 -0.317056 0.948279
1755058529.604096 85.224934 -58.498700 2.234628 0.009618 -0.011608 -0.315676 0.948747
1755058529.703972 85.255556 -58.522171 2.234373 0.008706 -0.011078 -0.314516 0.949148
1755058529.804068 85.291836 -58.557303 2.235637 0.008348 -0.011139 -0.313600 0.949453
1755058529.904063 85.339953 -58.588476 2.235374 0.011347 -0.012875 -0.312019 0.949921
1755058530.004061 85.399258 -58.626940 2.234706 0.011005 -0.012451 -0.310344 0.950479
1755058530.104054 85.460453 -58.674855 2.232546 0.010752 -0.011370 -0.308081 0.951231
1755058530.204071 85.530361 -58.731186 2.233603 0.011866 -0.011951 -0.305833 0.951936
1755058530.303925 85.608093 -58.784250 2.241507 0.011639 -0.010502 -0.303925 0.952567
1755058530.403964 85.680260 -58.839680 2.246379 0.011777 -0.010149 -0.302203 0.953117
1755058530.504021 85.773619 -58.906395 2.247549 0.011806 -0.010729 -0.300480 0.953655
1755058530.603985 85.876194 -58.983230 2.247985 0.013018 -0.012821 -0.298440 0.954253
1755058530.704004 85.982742 -59.060802 2.249138 0.012843 -0.011928 -0.297010 0.954714
1755058530.804017 86.094790 -59.141824 2.245604 0.010165 -0.010370 -0.299097 0.954112
1755058530.904007 86.210221 -59.219710 2.239932 0.012684 -0.009156 -0.300337 0.953705
1755058531.003993 86.314691 -59.298191 2.243867 0.013725 -0.007915 -0.300585 0.953623
1755058531.103999 86.419087 -59.373799 2.251388 0.013640 -0.007724 -0.301750 0.953258
1755058531.203942 86.533924 -59.452549 2.267668 0.013561 -0.010147 -0.301298 0.953380
1755058531.303941 86.648202 -59.537407 2.261954 0.010767 -0.008415 -0.300694 0.953623
1755058531.403968 86.752177 -59.611644 2.268279 0.011429 -0.008879 -0.299936 0.953850
1755058531.503967 86.873044 -59.696092 2.267979 0.011221 -0.008133 -0.299800 0.953901
1755058531.604108 86.992431 -59.780850 2.269325 0.011174 -0.005813 -0.298014 0.954478
1755058531.703889 87.115110 -59.867572 2.263048 0.012175 -0.005697 -0.296754 0.954859
1755058531.803928 87.238256 -59.955283 2.262241 0.015197 -0.006243 -0.296448 0.954908
1755058531.903893 87.353576 -60.043220 2.276694 0.012274 -0.004398 -0.300287 0.953760
1755058532.003926 87.467367 -60.128101 2.283722 0.010641 -0.003163 -0.302863 0.952969
1755058532.103886 87.581245 -60.208649 2.294803 0.012135 -0.006322 -0.306277 0.951844
1755058532.203933 87.689711 -60.297145 2.301260 0.008422 -0.006684 -0.310889 0.950385
1755058532.303920 87.801421 -60.376792 2.299038 0.005390 -0.007288 -0.313063 0.949689
1755058532.403877 87.913007 -60.468167 2.298920 0.007806 -0.007395 -0.314597 0.949164
1755058532.503913 88.023572 -60.551115 2.302461 0.006033 -0.008931 -0.314649 0.949147
1755058532.603828 88.143795 -60.635105 2.308791 0.007656 -0.010478 -0.313929 0.949358
1755058532.703901 88.252575 -60.716905 2.306677 0.007954 -0.009496 -0.313421 0.949533
1755058532.803898 88.364191 -60.802408 2.309556 0.008075 -0.009377 -0.312883 0.949711
1755058532.903848 88.476514 -60.877167 2.309580 0.007388 -0.006903 -0.310767 0.950432
1755058533.004024 88.587436 -60.959211 2.313927 0.010878 -0.005807 -0.306041 0.951939
1755058533.103817 88.690426 -61.041925 2.320265 0.012299 -0.006919 -0.304892 0.952282
1755058533.203817 88.798853 -61.125584 2.325629 0.012379 -0.009496 -0.303972 0.952553
1755058533.303809 88.909700 -61.208345 2.320377 0.009047 -0.008078 -0.302421 0.953097
1755058533.403994 89.024831 -61.290250 2.315818 0.011300 -0.006581 -0.300763 0.953609
1755058533.503851 89.134154 -61.370879 2.322151 0.014179 -0.005975 -0.299954 0.953829
1755058533.603825 89.247039 -61.448861 2.321657 0.017239 -0.006863 -0.298705 0.954165
1755058533.703810 89.358556 -61.525934 2.325730 0.015859 -0.007126 -0.296672 0.954821
1755058533.803922 89.459534 -61.595377 2.331246 0.015285 -0.009053 -0.296497 0.954868
1755058533.903750 89.555500 -61.664644 2.333112 0.013962 -0.009026 -0.295630 0.955158
1755058534.003820 89.661170 -61.742564 2.337207 0.013616 -0.008400 -0.295672 0.955155
1755058534.103761 89.776426 -61.825183 2.337356 0.012597 -0.007086 -0.296348 0.954971
1755058534.203808 89.888766 -61.909626 2.334262 0.015066 -0.008518 -0.297061 0.954702
1755058534.303795 90.005578 -61.998019 2.332103 0.014287 -0.007080 -0.298260 0.954351
1755058534.403786 90.112374 -62.069646 2.334643 0.016624 -0.006842 -0.299341 0.953977
1755058534.503751 90.213285 -62.141506 2.344179 0.018006 -0.007343 -0.301769 0.953183
1755058534.603756 90.328755 -62.230533 2.346267 0.015653 -0.007675 -0.305111 0.952157
1755058534.703762 90.443222 -62.321013 2.346845 0.016389 -0.007806 -0.309811 0.950625
1755058534.803713 90.550781 -62.404053 2.355513 0.017572 -0.007184 -0.315189 0.948839
1755058534.903723 90.669401 -62.500008 2.347282 0.016973 -0.008028 -0.319942 0.947251
1755058535.003895 90.785152 -62.586342 2.351729 0.017213 -0.008361 -0.324282 0.945767
1755058535.103754 90.890262 -62.675861 2.353032 0.015365 -0.006690 -0.327344 0.944757
1755058535.203724 91.003320 -62.767663 2.358455 0.018393 -0.007247 -0.330622 0.943556
1755058535.303690 91.125633 -62.857979 2.364913 0.016972 -0.006647 -0.331256 0.943365
1755058535.403721 91.249592 -62.953075 2.359759 0.017450 -0.007966 -0.330544 0.943596
1755058535.503732 91.354127 -63.046244 2.361313 0.017096 -0.006924 -0.330325 0.943687
1755058535.603708 91.452353 -63.126251 2.371118 0.017992 -0.008140 -0.330630 0.943554
1755058535.703695 91.556617 -63.208814 2.372846 0.015034 -0.008436 -0.330325 0.943710
1755058535.803869 91.657424 -63.295516 2.377867 0.015010 -0.008715 -0.328989 0.944174
1755058535.903693 91.757776 -63.380749 2.379558 0.014143 -0.007589 -0.328683 0.944304
1755058536.003685 91.857677 -63.464581 2.383566 0.011597 -0.007118 -0.328061 0.944559
1755058536.103813 91.954671 -63.544366 2.380717 0.014437 -0.006674 -0.326633 0.945017
1755058536.203675 92.061162 -63.632684 2.385407 0.014655 -0.005821 -0.325904 0.945271
1755058536.303671 92.163918 -63.713168 2.389140 0.015014 -0.006378 -0.325479 0.945409
1755058536.403613 92.282533 -63.806188 2.395373 0.013200 -0.007287 -0.324292 0.945837
1755058536.503652 92.386116 -63.893047 2.390206 0.010147 -0.005533 -0.322802 0.946396
1755058536.603611 92.491699 -63.976027 2.394401 0.013827 -0.003684 -0.323528 0.946110
1755058536.703638 92.580468 -64.039528 2.390123 0.015683 -0.003065 -0.323383 0.946133
1755058536.803632 92.663727 -64.101605 2.383628 0.017491 -0.004049 -0.322355 0.946449
1755058536.903636 92.735677 -64.159592 2.379352 0.016968 -0.002845 -0.321327 0.946812
1755058537.003615 92.802889 -64.213292 2.384755 0.018972 -0.003553 -0.321513 0.946708
1755058537.103573 92.859135 -64.250001 2.388163 0.019712 -0.004028 -0.321095 0.946833
1755058537.203612 92.888156 -64.276906 2.403102 0.016349 -0.003004 -0.321245 0.946850
1755058537.303600 92.921758 -64.307442 2.405106 0.015808 -0.003128 -0.321873 0.946646
1755058537.403558 92.948769 -64.330217 2.402539 0.016385 -0.003628 -0.322054 0.946573
1755058537.503575 92.960956 -64.338542 2.402515 0.015001 -0.003237 -0.322034 0.946604
1755058551.204049 92.968806 -64.335172 2.346707 0.022804 -0.005351 -0.321348 0.946672
1755058551.304026 92.975111 -64.340660 2.322278 0.022764 -0.005370 -0.321169 0.946733
1755058551.803981 92.980685 -64.347319 2.297794 0.022765 -0.005344 -0.320914 0.946820
1755058551.904007 92.982262 -64.344512 2.332378 0.024389 -0.007668 -0.320795 0.946803
1755058552.003932 92.986200 -64.349816 2.340909 0.022994 -0.007059 -0.320332 0.947000
1755058552.103973 92.985479 -64.351886 2.353575 0.021013 -0.006382 -0.320123 0.947121
1755058552.203947 92.986370 -64.351456 2.362942 0.020294 -0.005929 -0.319798 0.947250
1755058552.303953 92.985246 -64.352649 2.366774 0.019409 -0.005249 -0.319346 0.947425
1755058552.403936 92.981644 -64.350106 2.375296 0.017782 -0.006046 -0.319126 0.947526
1755058552.503919 92.975146 -64.346746 2.396046 0.016872 -0.007887 -0.318141 0.947860
1755058552.603909 92.979615 -64.353329 2.410452 0.016625 -0.009977 -0.316992 0.948230
1755058552.703919 92.994614 -64.367470 2.424688 0.016725 -0.009540 -0.316139 0.948518
1755058552.803894 93.018143 -64.388031 2.438463 0.016716 -0.009004 -0.314236 0.949155
1755058552.903907 93.045262 -64.413356 2.452968 0.016951 -0.008613 -0.313541 0.949384
1755058553.003960 93.078772 -64.442582 2.467538 0.016595 -0.008092 -0.310520 0.950388
1755058553.103914 93.139013 -64.473113 2.409838 0.013668 -0.008011 -0.308812 0.950991
1755058553.204079 93.189796 -64.511064 2.411654 0.014079 -0.007790 -0.307483 0.951418
1755058553.303870 93.258685 -64.566343 2.406968 0.013044 -0.005871 -0.306041 0.951911
1755058553.403908 93.336059 -64.617127 2.405670 0.014008 -0.006047 -0.304038 0.952538
1755058553.503866 93.420969 -64.675383 2.407973 0.015788 -0.006313 -0.300847 0.953521
1755058553.603894 93.518740 -64.741893 2.408990 0.014721 -0.007207 -0.297153 0.954689
1755058553.703843 93.620574 -64.814144 2.411720 0.014193 -0.007253 -0.294209 0.955608
1755058553.803840 93.729768 -64.887653 2.414144 0.015321 -0.011226 -0.292322 0.956131
1755058553.903900 93.842545 -64.964818 2.417383 0.013082 -0.011102 -0.290176 0.956819
1755058554.003843 93.956520 -65.046985 2.411448 0.010099 -0.008388 -0.288891 0.957272
1755058554.103821 94.064475 -65.124567 2.419054 0.012067 -0.009348 -0.288773 0.957276
1755058554.203863 94.172553 -65.195418 2.427016 0.011603 -0.009079 -0.290252 0.956837
1755058554.304005 94.286638 -65.278785 2.429585 0.012083 -0.008304 -0.291703 0.956397
1755058554.403818 94.398684 -65.354488 2.432719 0.014024 -0.009662 -0.293465 0.955818
1755058554.503802 94.510834 -65.440070 2.423371 0.014571 -0.009899 -0.297462 0.954571
1755058554.603783 94.630444 -65.528098 2.428236 0.015914 -0.009160 -0.302827 0.952869
1755058554.703789 94.737180 -65.612106 2.433015 0.015426 -0.007636 -0.308257 0.951147
1755058554.803822 94.844920 -65.692876 2.443347 0.015617 -0.008323 -0.312449 0.949770
1755058554.903880 94.957501 -65.774732 2.445816 0.014128 -0.007650 -0.314007 0.949285
1755058555.003817 95.065388 -65.857614 2.442135 0.014835 -0.007802 -0.314316 0.949170
1755058555.103762 95.166074 -65.938341 2.451260 0.015731 -0.007280 -0.315303 0.948833
1755058555.203734 95.284622 -66.030173 2.453699 0.013644 -0.008236 -0.316818 0.948352
1755058555.303747 95.404875 -66.119240 2.461107 0.013535 -0.009082 -0.317413 0.948147
1755058555.403736 95.526457 -66.210259 2.465276 0.014770 -0.009546 -0.316958 0.948277
1755058555.503736 95.645386 -66.293691 2.469189 0.015033 -0.010406 -0.313986 0.949252
1755058555.603775 95.763474 -66.378402 2.473570 0.015492 -0.010660 -0.311049 0.950208
1755058555.703709 95.870938 -66.464521 2.472304 0.012115 -0.009401 -0.308573 0.951077
1755058555.803762 95.984030 -66.549082 2.474907 0.013611 -0.009232 -0.307080 0.951542
1755058555.903705 96.096675 -66.632356 2.469144 0.014097 -0.009969 -0.302764 0.952909
1755058556.003725 96.212308 -66.717774 2.482301 0.015622 -0.010010 -0.298107 0.954352
1755058556.103834 96.321696 -66.794950 2.487318 0.015183 -0.009745 -0.295753 0.955094
1755058556.203692 96.450067 -66.883927 2.489124 0.015654 -0.011135 -0.293207 0.955856
1755058556.303686 96.568374 -66.972412 2.485813 0.014624 -0.010215 -0.291522 0.956398
1755058556.403726 96.677942 -67.048632 2.486492 0.015124 -0.010304 -0.289371 0.957042
1755058556.503730 96.787974 -67.118140 2.493761 0.018657 -0.012251 -0.287245 0.957597
1755058556.603710 96.895219 -67.191889 2.493609 0.017188 -0.011735 -0.286622 0.957818
1755058556.703674 97.011485 -67.274279 2.502371 0.014949 -0.010497 -0.285057 0.958336
1755058556.803644 97.117924 -67.352766 2.508600 0.017137 -0.010257 -0.286385 0.957907
1755058556.903666 97.233035 -67.432739 2.510164 0.016718 -0.011854 -0.289185 0.957054
1755058557.003688 97.343815 -67.511941 2.505027 0.015614 -0.010849 -0.291772 0.956299
1755058557.103669 97.453822 -67.592099 2.506684 0.013619 -0.009350 -0.294646 0.955464
1755058557.203619 97.563456 -67.668076 2.512001 0.018680 -0.010565 -0.297995 0.954326
1755058557.303630 97.671192 -67.743790 2.515492 0.016704 -0.011315 -0.300634 0.953526
1755058557.403657 97.783471 -67.827684 2.512733 0.012352 -0.008234 -0.302563 0.953014
1755058557.503618 97.897785 -67.907393 2.522214 0.017396 -0.008605 -0.302587 0.952924
1755058557.603598 98.010459 -67.983424 2.531786 0.016697 -0.009054 -0.302595 0.952930
1755058557.703616 98.122519 -68.069183 2.531814 0.014210 -0.006737 -0.301768 0.953252
1755058557.803591 98.240067 -68.148281 2.530494 0.017165 -0.007670 -0.300722 0.953527
1755058557.903619 98.349642 -68.226792 2.542867 0.017284 -0.009013 -0.300724 0.953512
1755058558.003623 98.466743 -68.313319 2.528431 0.011978 -0.011039 -0.299872 0.953840
1755058558.103592 98.582365 -68.393221 2.535069 0.017915 -0.013453 -0.298987 0.953994
1755058558.203609 98.694748 -68.478850 2.546864 0.015038 -0.010914 -0.297667 0.954489
1755058558.303541 98.808151 -68.554597 2.538904 0.012990 -0.009820 -0.296315 0.954951
1755058558.403572 98.917468 -68.631211 2.544268 0.016712 -0.010216 -0.295036 0.955285
1755058558.503581 99.022239 -68.703684 2.556089 0.019587 -0.011353 -0.294108 0.955504
1755058558.603729 99.125509 -68.767095 2.564326 0.019361 -0.014793 -0.293548 0.955634
1755058558.703581 99.225429 -68.838117 2.549998 0.014410 -0.012963 -0.292936 0.955936
1755058558.803571 99.330090 -68.914871 2.535443 0.015925 -0.006831 -0.291702 0.956352
1755058558.903566 99.420136 -68.977623 2.548517 0.019581 -0.006091 -0.291267 0.956422
1755058559.003478 99.506656 -69.037920 2.561073 0.018731 -0.007996 -0.291444 0.956371
1755058559.103528 99.580633 -69.090662 2.567311 0.014244 -0.007003 -0.290449 0.956759
1755058559.203430 99.646128 -69.141182 2.559170 0.016225 -0.005087 -0.290092 0.956848
1755058559.303543 99.709105 -69.183203 2.568331 0.016389 -0.006655 -0.290688 0.956655
1755058559.403546 99.759577 -69.216199 2.577475 0.015054 -0.007885 -0.290887 0.956606
1755058559.503444 99.796024 -69.248231 2.579396 0.012112 -0.007589 -0.291936 0.956331
1755058559.603373 99.824400 -69.267093 2.576798 0.012948 -0.007688 -0.291315 0.956509
1755058559.703441 99.845237 -69.277909 2.577851 0.014343 -0.008501 -0.291734 0.956354
1755058559.803401 99.852767 -69.283071 2.575108 0.014185 -0.010625 -0.290773 0.956628
1755058570.404142 99.844044 -69.323531 2.583015 -0.001375 -0.003833 -0.292571 0.956235
1755058570.504149 99.844848 -69.347647 2.585676 -0.001486 -0.003824 -0.292244 0.956335
1755058570.604161 99.883350 -69.335416 2.592232 0.006212 -0.007562 -0.290355 0.956869
1755058570.704126 99.900110 -69.337289 2.588832 0.007405 -0.007898 -0.289754 0.957040
1755058570.804144 99.907207 -69.337917 2.590112 0.007358 -0.007886 -0.289239 0.957196
1755058570.904128 99.912777 -69.338358 2.587539 0.010051 -0.009318 -0.288587 0.957356
1755058571.004135 99.917808 -69.336790 2.587726 0.011531 -0.010451 -0.288019 0.957498
1755058571.104126 99.925041 -69.342258 2.589658 0.012951 -0.013405 -0.287371 0.957638
1755058571.204103 99.937420 -69.352889 2.587658 0.012353 -0.012778 -0.286883 0.957801
1755058571.304112 99.959994 -69.368683 2.583935 0.012805 -0.012546 -0.284935 0.958379
1755058571.404102 99.983119 -69.388312 2.582887 0.012140 -0.012153 -0.284430 0.958543
1755058571.504100 100.019912 -69.412445 2.581236 0.012184 -0.011617 -0.282507 0.959117
1755058571.604042 100.061523 -69.434063 2.582023 0.014176 -0.011731 -0.281390 0.959417
1755058571.704082 100.112255 -69.468128 2.585943 0.014990 -0.011035 -0.281968 0.959243
1755058571.804083 100.165924 -69.505579 2.584907 0.015274 -0.010182 -0.283284 0.958860
1755058571.904203 100.228406 -69.552028 2.584539 0.014185 -0.009360 -0.286219 0.958014
1755058572.004081 100.299209 -69.604683 2.583147 0.015937 -0.008336 -0.290228 0.956789
1755058572.104053 100.391232 -69.671280 2.596891 0.016534 -0.007922 -0.294426 0.955499
1755058572.203989 100.490483 -69.757479 2.583686 0.015826 -0.007969 -0.299382 0.953969
1755058572.303962 100.598896 -69.830733 2.601289 0.017913 -0.009190 -0.306978 0.951504
1755058572.404039 100.704220 -69.912497 2.607813 0.016990 -0.010562 -0.314233 0.949135
1755058572.504165 100.815245 -69.995725 2.598052 0.014177 -0.008783 -0.319573 0.947415
1755058572.604021 100.928461 -70.091752 2.597252 0.016110 -0.004230 -0.321453 0.946779
1755058572.704131 101.046966 -70.181036 2.591745 0.016453 -0.002218 -0.323606 0.946046
1755058572.804114 101.159388 -70.268361 2.606013 0.018543 -0.003106 -0.325407 0.945387
1755058572.904011 101.272450 -70.353871 2.618300 0.015735 -0.007019 -0.326128 0.945169
1755058573.003953 101.383965 -70.446316 2.619227 0.014852 -0.008155 -0.327491 0.944702
1755058573.104003 101.487902 -70.532402 2.622080 0.013667 -0.007480 -0.329512 0.944023
1755058573.203958 101.599213 -70.619236 2.618375 0.013117 -0.008409 -0.330765 0.943585
1755058573.303985 101.708027 -70.710631 2.620825 0.014061 -0.008749 -0.332045 0.943118
1755058573.403957 101.816034 -70.801989 2.620705 0.014110 -0.007413 -0.332970 0.942803
1755058573.503994 101.923211 -70.886956 2.621907 0.015844 -0.008287 -0.334538 0.942213
1755058573.603950 102.030076 -70.972255 2.627233 0.013714 -0.007958 -0.334746 0.942175
1755058573.703997 102.136964 -71.060231 2.626849 0.014972 -0.008698 -0.334160 0.942357
1755058573.803943 102.240107 -71.149099 2.633709 0.015372 -0.010246 -0.333828 0.942453
1755058573.903906 102.343655 -71.235670 2.634319 0.012011 -0.010899 -0.333731 0.942529
1755058574.003950 102.455159 -71.324366 2.629191 0.012025 -0.010529 -0.332730 0.942887
1755058574.103907 102.563265 -71.412902 2.630250 0.013075 -0.008282 -0.331260 0.943412
1755058574.203923 102.673593 -71.489915 2.639292 0.014378 -0.008619 -0.326997 0.944877
1755058574.303864 102.783382 -71.580970 2.638322 0.014153 -0.007302 -0.322053 0.946588
1755058574.403903 102.899532 -71.671657 2.645244 0.013170 -0.006933 -0.319443 0.947489
1755058574.503904 103.008201 -71.763402 2.651235 0.015674 -0.007947 -0.317301 0.948162
1755058574.603900 103.121974 -71.858952 2.645764 0.011921 -0.007509 -0.316782 0.948394
1755058574.703899 103.231378 -71.943399 2.652564 0.012719 -0.007890 -0.317061 0.948287
1755058574.803805 103.341071 -72.024959 2.663050 0.012494 -0.007119 -0.316970 0.948327
1755058574.903824 103.472481 -72.121487 2.669900 0.012182 -0.008732 -0.316404 0.948506
1755058575.003904 103.596604 -72.225926 2.660531 0.009231 -0.006506 -0.315433 0.948881
1755058575.103793 103.716253 -72.309721 2.666726 0.011147 -0.007683 -0.314222 0.949253
1755058575.203971 103.835566 -72.398841 2.678725 0.013411 -0.010416 -0.313030 0.949592
1755058575.303801 103.941162 -72.479679 2.674239 0.009413 -0.009751 -0.312130 0.949943
1755058575.403856 104.036966 -72.556122 2.669609 0.010454 -0.009036 -0.310790 0.950378
1755058575.503840 104.141560 -72.632257 2.672031 0.015204 -0.008737 -0.309524 0.950730
1755058575.603830 104.245668 -72.710319 2.675996 0.011737 -0.008072 -0.309359 0.950839
1755058575.703792 104.336110 -72.793331 2.675596 0.010334 -0.005823 -0.313572 0.949490
1755058575.803827 104.432862 -72.870593 2.676951 0.011790 -0.005765 -0.317783 0.948073
1755058575.903846 104.525887 -72.941974 2.693434 0.012678 -0.007887 -0.322010 0.946618
1755058576.003815 104.612604 -73.013314 2.691465 0.008657 -0.008461 -0.324739 0.945726
1755058576.103802 104.720757 -73.095243 2.684018 0.009104 -0.006641 -0.325232 0.945567
1755058576.203762 104.821159 -73.173562 2.696201 0.011177 -0.006363 -0.325638 0.945407
1755058576.303750 104.924116 -73.251922 2.706975 0.008855 -0.006908 -0.325313 0.945540
1755058576.403731 105.030927 -73.338086 2.707818 0.010120 -0.006414 -0.324425 0.945836
1755058576.503727 105.147886 -73.426863 2.708543 0.009227 -0.007092 -0.323289 0.946229
1755058576.603772 105.250576 -73.516975 2.718642 0.009909 -0.009180 -0.323128 0.946259
1755058576.703738 105.356965 -73.606617 2.714530 0.005158 -0.006915 -0.322194 0.946634
1755058576.803683 105.454017 -73.685790 2.712036 0.008175 -0.005122 -0.322442 0.946540
1755058576.903755 105.537427 -73.746130 2.713926 0.010919 -0.004739 -0.322618 0.946454
1755058577.003746 105.607514 -73.798912 2.715436 0.009551 -0.005150 -0.321770 0.946756
1755058577.103875 105.671570 -73.846746 2.714740 0.010484 -0.004620 -0.321022 0.947002
1755058577.203705 105.725351 -73.891042 2.714363 0.010868 -0.002433 -0.321408 0.946875
1755058577.303722 105.763611 -73.929910 2.722579 0.010789 -0.001845 -0.321457 0.946861
1755058577.403718 105.794017 -73.952372 2.722800 0.009722 -0.002347 -0.321195 0.946960
1755058577.503713 105.821823 -73.965492 2.724981 0.007850 -0.002666 -0.321596 0.946841
1755058577.603717 105.833827 -73.974700 2.723488 0.008498 -0.002533 -0.322076 0.946672
1755058577.803703 105.839890 -73.983656 2.723175 0.008199 -0.004498 -0.322077 0.946667
1755058591.304168 105.853269 -73.986996 2.689912 0.016145 -0.005847 -0.321447 0.946772
1755058591.404173 105.860290 -73.991768 2.694700 0.013117 -0.006043 -0.321315 0.946862
1755058591.504152 105.868341 -73.998300 2.699769 0.012790 -0.006215 -0.321095 0.946940
1755058591.604164 105.874601 -74.003193 2.702619 0.012460 -0.005716 -0.320446 0.947167
1755058591.704285 105.880452 -74.006237 2.707771 0.011655 -0.005826 -0.320032 0.947317
1755058591.804157 105.879816 -74.004607 2.718165 0.010377 -0.005785 -0.319621 0.947471
1755058591.904087 105.886454 -74.009637 2.724647 0.010133 -0.007883 -0.318400 0.947869
1755058592.004074 105.892327 -74.024860 2.725454 0.008803 -0.008907 -0.317629 0.948132
1755058592.104120 105.916167 -74.036166 2.729515 0.006744 -0.008278 -0.316937 0.948387
1755058592.204090 105.943803 -74.056039 2.733355 0.007492 -0.007564 -0.315068 0.949009
1755058592.304078 105.976097 -74.078920 2.737349 0.008223 -0.008203 -0.313193 0.949618
1755058592.404054 106.004392 -74.103615 2.735595 0.010225 -0.010418 -0.312899 0.949674
1755058592.504107 106.045064 -74.134157 2.737438 0.009696 -0.010159 -0.311095 0.950275
1755058592.604229 106.091570 -74.169550 2.739647 0.009558 -0.010136 -0.309547 0.950782
1755058592.704073 106.149767 -74.210084 2.729697 0.007834 -0.008398 -0.308087 0.951289
1755058592.804075 106.211822 -74.254760 2.724327 0.007772 -0.006158 -0.305807 0.952042
1755058592.904063 106.293105 -74.316558 2.730897 0.010563 -0.006514 -0.303695 0.952689
1755058593.004061 106.391895 -74.386529 2.731134 0.011420 -0.007819 -0.301692 0.953305
1755058593.104050 106.499333 -74.469003 2.734954 0.012186 -0.006847 -0.300832 0.953575
1755058593.204039 106.617971 -74.552191 2.736936 0.011419 -0.007344 -0.300665 0.953633
1755058593.304062 106.734043 -74.641068 2.738937 0.011218 -0.007882 -0.300190 0.953781
1755058593.404016 106.842983 -74.715178 2.739276 0.011943 -0.007611 -0.299875 0.953873
1755058593.504034 106.943444 -74.789536 2.740873 0.011971 -0.006923 -0.299863 0.953882
1755058593.604007 107.065139 -74.876047 2.743328 0.010828 -0.005612 -0.299707 0.953953
1755058593.704014 107.183532 -74.963797 2.741227 0.011380 -0.005571 -0.300671 0.953644
1755058593.804016 107.306076 -75.056870 2.745589 0.009691 -0.003964 -0.302336 0.953144
1755058593.904012 107.429671 -75.139832 2.757192 0.010107 -0.003669 -0.303069 0.952908
1755058594.003997 107.537467 -75.226221 2.765628 0.009551 -0.006333 -0.304840 0.952335
1755058594.103994 107.650105 -75.306885 2.770944 0.008062 -0.008599 -0.307920 0.951339
1755058594.203975 107.764767 -75.396767 2.773944 0.005730 -0.008811 -0.310832 0.950407
1755058594.303980 107.877137 -75.484326 2.772410 0.006244 -0.008024 -0.312808 0.949762
1755058594.403986 107.993255 -75.572821 2.774011 0.008644 -0.008627 -0.316009 0.948678
1755058594.503967 108.103239 -75.664180 2.769420 0.007578 -0.006671 -0.318848 0.947752
1755058594.603926 108.214737 -75.750296 2.776704 0.009685 -0.006990 -0.321811 0.946729
1755058594.703952 108.316076 -75.829747 2.780583 0.010264 -0.006133 -0.323818 0.946044
1755058594.803864 108.423136 -75.911165 2.779579 0.008619 -0.005145 -0.323997 0.946005
1755058594.903949 108.530858 -75.999018 2.781229 0.006635 -0.002148 -0.324165 0.945975
1755058595.003889 108.644179 -76.077090 2.791242 0.010184 -0.003101 -0.322175 0.946620
1755058595.103928 108.754510 -76.150779 2.789875 0.009204 -0.003602 -0.317262 0.948286
1755058595.203927 108.859294 -76.236193 2.795228 0.008573 -0.002340 -0.312640 0.949830
1755058595.303868 108.967441 -76.321195 2.791306 0.007257 -0.003258 -0.308997 0.951030
1755058595.403910 109.072945 -76.403419 2.806401 0.007579 -0.007516 -0.307535 0.951477
1755058595.503900 109.180478 -76.483830 2.811565 0.004911 -0.009039 -0.306060 0.951957
1755058595.603855 109.285604 -76.564114 2.808235 0.002854 -0.009406 -0.305503 0.952140
1755058595.703806 109.392632 -76.643845 2.811801 0.003229 -0.008838 -0.307044 0.951649
1755058595.803899 109.502173 -76.730978 2.816675 0.002575 -0.008440 -0.309548 0.950843
1755058595.903835 109.616496 -76.822688 2.813753 0.004656 -0.008312 -0.312508 0.949867
1755058596.003823 109.728994 -76.913886 2.816316 0.005785 -0.008430 -0.316298 0.948605
1755058596.103834 109.835714 -76.992405 2.820750 0.006950 -0.009260 -0.319098 0.947651
1755058596.203814 109.945689 -77.071114 2.812678 0.006058 -0.008100 -0.319913 0.947393
1755058596.303851 110.055532 -77.157301 2.813294 0.008162 -0.005718 -0.320196 0.947299
1755058596.403828 110.170417 -77.245227 2.824865 0.011682 -0.006745 -0.318816 0.947721
1755058596.503816 110.280018 -77.326961 2.827441 0.009815 -0.005915 -0.318090 0.947991
1755058596.603838 110.390128 -77.412974 2.829748 0.009531 -0.004484 -0.317242 0.948286
1755058596.703799 110.505613 -77.502114 2.838062 0.010079 -0.004779 -0.316339 0.948581
1755058596.803790 110.608965 -77.579942 2.838699 0.009852 -0.006625 -0.315365 0.948896
1755058596.903816 110.720963 -77.667686 2.835244 0.007761 -0.006464 -0.314630 0.949161
1755058597.003757 110.826927 -77.755416 2.833643 0.008245 -0.006185 -0.315149 0.948986
1755058597.103750 110.933215 -77.834456 2.846190 0.009785 -0.007400 -0.317638 0.948133
1755058597.203770 111.043726 -77.914170 2.851043 0.007273 -0.007432 -0.316980 0.948375
1755058597.303791 111.148178 -78.003419 2.853141 0.005306 -0.004725 -0.317025 0.948391
1755058597.403765 111.256829 -78.092533 2.857514 0.006758 -0.005658 -0.316203 0.948651
1755058597.503806 111.366338 -78.174428 2.857661 0.007211 -0.005867 -0.315503 0.948879
1755058597.603771 111.472870 -78.252239 2.850108 0.008829 -0.004876 -0.314416 0.949232
1755058597.703735 111.583567 -78.332856 2.845294 0.012732 -0.004392 -0.313588 0.949463
1755058597.803751 111.693511 -78.416904 2.859287 0.013490 -0.005789 -0.312111 0.949932
1755058597.903723 111.799530 -78.502411 2.858547 0.010288 -0.004604 -0.310721 0.950434
1755058598.003697 111.908905 -78.581958 2.856162 0.012874 -0.004125 -0.309612 0.950767
1755058598.103735 112.012328 -78.648283 2.872009 0.015063 -0.006060 -0.308284 0.951156
1755058598.203737 112.099374 -78.715505 2.868164 0.012683 -0.007956 -0.307428 0.951453
1755058598.303729 112.194850 -78.792073 2.864030 0.011248 -0.007229 -0.306538 0.951764
1755058598.403671 112.288338 -78.863834 2.855892 0.012104 -0.005345 -0.305843 0.951990
1755058598.503707 112.388691 -78.938691 2.861869 0.016214 -0.006630 -0.305598 0.951999
1755058598.603708 112.482701 -79.009682 2.865563 0.013156 -0.005728 -0.304924 0.952269
1755058598.703688 112.565366 -79.074283 2.867639 0.012313 -0.003336 -0.304673 0.952372
1755058598.803640 112.644242 -79.126619 2.872555 0.015479 -0.003606 -0.304356 0.952426
1755058598.903640 112.711940 -79.174010 2.881787 0.016204 -0.004552 -0.304076 0.952499
1755058599.003684 112.765797 -79.212931 2.884685 0.016928 -0.005608 -0.304209 0.952439
1755058599.103634 112.807894 -79.244108 2.880107 0.017265 -0.005511 -0.304383 0.952377
1755058599.203664 112.839896 -79.264738 2.883619 0.017048 -0.005852 -0.304202 0.952437
1755058599.303659 112.858069 -79.278599 2.879042 0.017376 -0.005925 -0.304750 0.952255
1755058599.403661 112.870040 -79.286599 2.876154 0.018354 -0.006497 -0.304561 0.952294
1755058599.503646 112.874697 -79.290667 2.875547 0.018231 -0.007716 -0.304361 0.952351
1755058610.304308 112.871750 -79.275490 2.837494 0.025050 -0.008576 -0.303679 0.952406
1755058610.404278 112.899226 -79.288510 2.824453 0.027322 -0.011070 -0.302888 0.952570
1755058610.504269 112.899441 -79.297621 2.832506 0.023816 -0.010026 -0.303445 0.952498
1755058610.604239 112.897146 -79.305144 2.848598 0.021110 -0.009402 -0.303233 0.952636
1755058610.704274 112.895053 -79.308845 2.860356 0.018896 -0.008538 -0.302910 0.952794
1755058610.804275 112.889731 -79.305708 2.867461 0.018068 -0.008128 -0.302665 0.952891
1755058610.904261 112.886865 -79.304112 2.871167 0.016510 -0.008115 -0.302510 0.952969
1755058611.004229 112.881446 -79.299621 2.869600 0.017389 -0.008142 -0.302008 0.953112
1755058611.104204 112.878472 -79.297271 2.868124 0.017901 -0.008329 -0.301643 0.953217
1755058611.204216 112.877536 -79.296787 2.868082 0.017264 -0.008150 -0.301070 0.953411
1755058611.304221 112.867192 -79.287162 2.870797 0.017473 -0.008613 -0.300385 0.953619
1755058611.404149 112.861674 -79.280759 2.877733 0.017352 -0.009997 -0.299701 0.953823
1755058611.504214 112.861441 -79.280640 2.878867 0.015258 -0.010650 -0.299941 0.953776
1755058611.604217 112.873983 -79.290075 2.879070 0.015130 -0.010789 -0.297742 0.954465
1755058611.704206 112.895357 -79.311949 2.877691 0.016063 -0.009677 -0.297078 0.954669
1755058611.804155 112.929706 -79.331351 2.876809 0.015150 -0.009229 -0.294790 0.955398
1755058611.904122 112.968357 -79.353016 2.884970 0.014810 -0.010167 -0.294481 0.955488
1755058612.004061 113.010702 -79.378983 2.888567 0.014530 -0.010535 -0.293159 0.955895
1755058612.104132 113.057098 -79.418561 2.894847 0.014182 -0.011699 -0.290952 0.956561
1755058612.204274 113.109947 -79.454661 2.899710 0.013134 -0.012766 -0.288793 0.957216
1755058612.304141 113.169178 -79.495223 2.903660 0.013364 -0.010664 -0.288241 0.957405
1755058612.404176 113.241376 -79.541780 2.890958 0.014425 -0.011121 -0.289480 0.957011
1755058612.504119 113.301709 -79.582009 2.890138 0.013981 -0.011852 -0.289975 0.956859
1755058612.604100 113.360104 -79.624556 2.894076 0.014177 -0.011207 -0.291299 0.956461
1755058612.704119 113.422471 -79.666832 2.894518 0.013882 -0.010047 -0.292882 0.955995
1755058612.804108 113.482150 -79.708966 2.895145 0.014382 -0.009471 -0.293877 0.955688
1755058612.904107 113.541111 -79.756079 2.898175 0.015103 -0.009481 -0.294559 0.955467
1755058613.004080 113.604192 -79.799382 2.906092 0.014279 -0.009544 -0.295439 0.955207
1755058613.104122 113.665598 -79.839572 2.910221 0.014520 -0.009478 -0.297341 0.954614
1755058613.204120 113.735485 -79.894209 2.905754 0.015496 -0.010380 -0.300431 0.953621
1755058613.304239 113.800622 -79.953824 2.904695 0.014496 -0.009945 -0.306671 0.951653
1755058613.404083 113.860120 -80.001045 2.905108 0.015759 -0.011182 -0.312110 0.949850
1755058613.504100 113.922696 -80.047340 2.907345 0.016848 -0.011179 -0.318444 0.947726
1755058613.604040 113.990547 -80.101245 2.905747 0.015028 -0.009673 -0.321950 0.946588
1755058613.704021 114.071283 -80.162595 2.919094 0.015972 -0.009676 -0.323788 0.945945
1755058613.803996 114.143998 -80.220606 2.922842 0.014380 -0.010852 -0.325290 0.945443
1755058613.904065 114.229772 -80.299959 2.922552 0.013453 -0.009429 -0.328168 0.944476
1755058614.004043 114.326564 -80.375607 2.934930 0.014403 -0.011664 -0.330579 0.943596
1755058614.104037 114.422709 -80.455526 2.924325 0.012093 -0.010386 -0.332060 0.943124
1755058614.204045 114.533732 -80.544111 2.925544 0.010825 -0.009712 -0.333618 0.942596
1755058614.303967 114.650754 -80.642514 2.929979 0.013279 -0.009958 -0.333926 0.942453
1755058614.404042 114.765357 -80.732988 2.932083 0.014014 -0.008573 -0.334480 0.942260
1755058614.503915 114.879160 -80.823159 2.936558 0.016227 -0.010082 -0.333387 0.942596
1755058614.604004 114.986456 -80.913117 2.943104 0.015202 -0.010848 -0.333484 0.942571
1755058614.704041 115.097626 -81.006004 2.946532 0.015735 -0.011655 -0.332550 0.942882
1755058614.804021 115.207383 -81.096072 2.949788 0.011302 -0.009815 -0.332201 0.943090
1755058614.904071 115.336461 -81.201654 2.943877 0.011905 -0.008510 -0.331285 0.943417
1755058615.003994 115.459678 -81.299191 2.951435 0.014020 -0.009628 -0.329717 0.943927
1755058615.103987 115.581920 -81.392981 2.952422 0.014671 -0.008203 -0.328191 0.944462
1755058615.204003 115.699781 -81.486141 2.957753 0.014126 -0.006007 -0.325163 0.945533
1755058615.303977 115.811514 -81.575175 2.969558 0.012667 -0.006560 -0.322598 0.946429
1755058615.403964 115.916068 -81.660171 2.972213 0.013592 -0.007811 -0.319928 0.947312
1755058615.503943 116.020079 -81.741436 2.969417 0.011635 -0.007491 -0.317457 0.948172
1755058615.603967 116.122451 -81.821197 2.974918 0.011539 -0.006366 -0.315837 0.948722
1755058615.703951 116.219784 -81.893392 2.979529 0.012436 -0.007956 -0.313275 0.949548
1755058615.803970 116.316478 -81.967206 2.981657 0.012361 -0.007792 -0.311517 0.950128
1755058615.903935 116.409759 -82.038208 2.983141 0.012307 -0.008305 -0.309594 0.950753
1755058616.003931 116.501037 -82.105877 2.992087 0.011564 -0.008925 -0.308309 0.951174
1755058616.103931 116.590638 -82.173303 2.991629 0.009059 -0.009404 -0.306184 0.951883
1755058616.203844 116.685082 -82.248255 2.989081 0.010881 -0.011476 -0.305186 0.952161
1755058616.303918 116.782670 -82.312402 2.993394 0.009441 -0.010152 -0.303850 0.952619
1755058616.403910 116.883297 -82.384623 2.998841 0.007648 -0.010048 -0.301812 0.953284
1755058616.503883 116.973137 -82.454710 3.000577 0.008948 -0.010692 -0.302010 0.953203
1755058616.603885 117.070897 -82.527490 2.999383 0.009501 -0.011061 -0.304395 0.952434
1755058616.703863 117.165539 -82.598474 3.001382 0.012890 -0.012261 -0.308110 0.951184
1755058616.803880 117.258351 -82.675922 2.999862 0.012226 -0.012877 -0.312248 0.949835
1755058616.903872 117.357012 -82.764053 2.995550 0.014092 -0.012850 -0.318975 0.947571
1755058617.003820 117.461411 -82.848375 2.994000 0.014888 -0.010786 -0.326355 0.945068
1755058617.103859 117.571872 -82.935478 2.995521 0.014254 -0.009063 -0.330571 0.943630
1755058617.203870 117.682773 -83.024253 2.999826 0.016170 -0.007977 -0.331507 0.943280
1755058617.303802 117.795525 -83.116347 3.007953 0.017502 -0.006940 -0.332534 0.942903
1755058617.403759 117.905622 -83.205549 3.019654 0.019574 -0.006150 -0.332798 0.942775
1755058617.503787 118.013578 -83.286256 3.031590 0.016976 -0.008652 -0.331801 0.943157
1755058617.603846 118.118108 -83.370696 3.029880 0.015254 -0.008343 -0.330288 0.943720
1755058617.703810 118.218287 -83.453743 3.036095 0.014919 -0.007997 -0.327749 0.944613
1755058617.803769 118.318597 -83.534427 3.031557 0.015315 -0.006709 -0.326792 0.944948
1755058617.903809 118.411595 -83.610509 3.043381 0.016489 -0.007875 -0.324887 0.945576
1755058618.003950 118.509668 -83.688944 3.041508 0.014689 -0.008889 -0.323741 0.945990
1755058618.103752 118.614672 -83.777963 3.045851 0.015338 -0.008869 -0.323768 0.945970
1755058618.203713 118.722848 -83.858388 3.049549 0.016043 -0.011738 -0.324075 0.945822
1755058618.303667 118.824183 -83.940003 3.047894 0.011874 -0.012012 -0.322920 0.946276
1755058618.403754 118.913020 -84.011220 3.042291 0.013089 -0.010942 -0.322549 0.946399
1755058618.503776 119.002545 -84.080336 3.045057 0.013943 -0.007094 -0.323453 0.946115
1755058618.603769 119.074926 -84.138209 3.046859 0.014236 -0.005218 -0.323213 0.946205
1755058618.703805 119.135830 -84.183198 3.046740 0.017675 -0.006875 -0.321935 0.946572
1755058618.803671 119.183263 -84.217786 3.039733 0.018626 -0.006166 -0.321419 0.946734
1755058618.903719 119.221569 -84.246816 3.048209 0.018190 -0.005019 -0.321430 0.946745
1755058619.003745 119.249524 -84.277773 3.043185 0.017833 -0.003727 -0.321102 0.946869
1755058619.103745 119.277509 -84.302922 3.044241 0.018387 -0.004107 -0.320588 0.947031
1755058619.203719 119.310694 -84.332213 3.045175 0.017168 -0.003141 -0.320437 0.947109
1755058619.303727 119.326209 -84.343396 3.048268 0.017476 -0.003136 -0.319891 0.947288
1755058619.403707 119.342361 -84.350184 3.052087 0.018507 -0.004051 -0.319449 0.947414
1755058619.503727 119.343174 -84.352598 3.053577 0.017883 -0.005811 -0.318767 0.947646
1755058619.603704 119.346638 -84.354789 3.052334 0.017179 -0.004953 -0.318136 0.947876
1755058619.703666 119.348021 -84.359414 3.054395 0.017853 -0.005246 -0.317802 0.947974
1755058619.803705 119.340956 -84.372140 3.053157 0.018185 -0.005776 -0.319346 0.947446
1755058619.903697 119.347341 -84.354142 3.054774 0.016189 -0.005587 -0.321191 0.946859
1755058630.503006 119.343904 -84.340392 3.010756 0.024702 -0.006724 -0.321629 0.946520
1755058630.603070 119.334527 -84.334591 3.017214 0.022365 -0.007605 -0.321775 0.946521
1755058630.702941 119.323680 -84.329029 3.026308 0.021732 -0.007727 -0.321498 0.946629
1755058630.802959 119.313777 -84.325381 3.032575 0.020751 -0.007368 -0.321406 0.946685
1755058630.903097 119.304763 -84.324369 3.037865 0.019558 -0.006924 -0.321302 0.946749
1755058631.002930 119.298617 -84.320646 3.041810 0.018669 -0.006941 -0.321630 0.946656
1755058631.103119 119.293927 -84.320652 3.045833 0.018050 -0.008645 -0.320013 0.947202
1755058631.202996 119.296516 -84.326512 3.050359 0.017791 -0.009115 -0.318462 0.947725
1755058631.304300 119.320810 -84.337851 3.049458 0.016434 -0.009512 -0.317563 0.948047
1755058631.404248 119.347193 -84.359098 3.052191 0.016363 -0.009659 -0.317404 0.948100
1755058631.502908 119.377759 -84.383197 3.055731 0.015113 -0.010161 -0.318218 0.947843
1755058631.602967 119.427736 -84.418752 3.051000 0.015330 -0.010501 -0.318038 0.947896
1755058631.702903 119.476221 -84.455382 3.053140 0.014933 -0.011088 -0.316443 0.948429
1755058631.802931 119.537480 -84.507078 3.050152 0.015085 -0.011893 -0.315183 0.948837
1755058631.904244 119.600235 -84.558009 3.050320 0.014230 -0.011204 -0.314862 0.948965
1755058632.004310 119.672615 -84.615430 3.050424 0.014125 -0.011380 -0.315328 0.948809
1755058632.104285 119.762348 -84.677981 3.061205 0.012589 -0.012155 -0.315865 0.948643
1755058632.202883 119.850261 -84.746963 3.061143 0.010944 -0.012286 -0.315856 0.948665
1755058632.302846 119.954115 -84.823403 3.065005 0.011211 -0.012125 -0.315767 0.948693
1755058632.402890 120.061428 -84.903418 3.066922 0.011196 -0.009607 -0.316661 0.948424
1755058632.502870 120.173342 -84.989133 3.059987 0.011190 -0.009146 -0.316683 0.948421
1755058632.602832 120.286776 -85.078080 3.073912 0.013579 -0.007896 -0.316712 0.948392
1755058632.702797 120.400645 -85.164003 3.071464 0.012678 -0.005903 -0.317312 0.948218
1755058632.802879 120.510361 -85.247883 3.075371 0.012340 -0.006440 -0.317550 0.948140
1755058632.904212 120.621036 -85.334639 3.074698 0.012154 -0.006853 -0.317256 0.948237
1755058633.004138 120.740688 -85.427386 3.081180 0.012265 -0.006483 -0.317323 0.948216
1755058633.104143 120.851884 -85.516554 3.092921 0.012633 -0.006198 -0.317976 0.947994
1755058633.204101 120.961236 -85.605766 3.093166 0.011944 -0.007960 -0.318975 0.947654
1755058633.304137 121.072334 -85.695267 3.092814 0.012343 -0.007718 -0.321090 0.946937
1755058633.404141 121.187393 -85.782986 3.088088 0.010808 -0.005389 -0.321807 0.946728
1755058633.502779 121.295874 -85.866087 3.095401 0.011739 -0.005614 -0.321561 0.946799
1755058633.604156 121.408833 -85.956452 3.093739 0.011957 -0.004942 -0.320929 0.947015
1755058633.704062 121.520114 -86.041537 3.104616 0.012752 -0.004861 -0.321447 0.946829
1755058633.804224 121.630717 -86.128095 3.109870 0.012570 -0.004029 -0.322117 0.946608
1755058633.904088 121.735012 -86.214766 3.109698 0.011613 -0.005523 -0.322068 0.946629
1755058634.004128 121.839827 -86.299257 3.111559 0.011687 -0.006513 -0.322426 0.946500
1755058634.104130 121.940700 -86.383982 3.111344 0.011369 -0.005871 -0.323091 0.946281
1755058634.204077 122.046113 -86.466083 3.110846 0.012014 -0.006761 -0.324253 0.945870
1755058634.304110 122.155623 -86.555550 3.104636 0.012037 -0.006551 -0.324515 0.945781
1755058634.404029 122.265912 -86.641283 3.107218 0.014068 -0.006418 -0.324843 0.945642
1755058634.504082 122.375208 -86.727636 3.124415 0.015888 -0.007933 -0.325124 0.945505
1755058634.604039 122.477078 -86.810913 3.128513 0.013396 -0.008877 -0.324248 0.945836
1755058634.704083 122.584391 -86.901998 3.132223 0.014154 -0.009681 -0.327738 0.944613
1755058634.804051 122.693926 -86.992958 3.134931 0.013311 -0.009036 -0.329449 0.944036
1755058634.904063 122.802710 -87.077300 3.137509 0.013416 -0.009921 -0.328870 0.944228
1755058635.004068 122.908842 -87.163883 3.135868 0.014234 -0.010205 -0.328402 0.944376
1755058635.104030 123.016942 -87.248287 3.135718 0.015162 -0.009952 -0.327782 0.944579
1755058635.204021 123.136391 -87.330406 3.150732 0.016617 -0.011778 -0.322297 0.946420
1755058635.304002 123.245851 -87.423492 3.150153 0.014246 -0.012791 -0.319722 0.947318
1755058635.404029 123.348135 -87.507245 3.150721 0.014128 -0.012930 -0.318623 0.947688
1755058635.503960 123.445602 -87.586686 3.155940 0.014534 -0.011726 -0.318117 0.947867
1755058635.604024 123.550030 -87.666407 3.160763 0.013159 -0.012188 -0.316076 0.948564
1755058635.703987 123.672904 -87.761133 3.161808 0.012347 -0.010763 -0.315159 0.948898
1755058635.803963 123.790299 -87.856089 3.154274 0.013165 -0.009547 -0.314779 0.949026
1755058635.903960 123.909209 -87.938601 3.165696 0.016064 -0.010166 -0.313577 0.949372
1755058636.004007 124.018965 -88.022686 3.168997 0.014366 -0.009288 -0.312361 0.949809
1755058636.103912 124.126158 -88.103457 3.174885 0.013136 -0.010075 -0.312025 0.949930
1755058636.203930 124.231850 -88.184902 3.185652 0.012990 -0.010619 -0.311329 0.950154
1755058636.303973 124.340305 -88.264145 3.187624 0.011402 -0.012238 -0.309640 0.950707
1755058636.403968 124.451179 -88.351025 3.189664 0.009297 -0.011189 -0.308977 0.950958
1755058636.503961 124.560550 -88.435816 3.184046 0.009995 -0.010296 -0.308681 0.951057
1755058636.604056 124.672441 -88.512597 3.189419 0.012255 -0.011596 -0.307729 0.951325
1755058636.704098 124.777480 -88.587328 3.188153 0.012676 -0.011033 -0.306423 0.951747
1755058636.803901 124.891419 -88.675168 3.184186 0.010544 -0.008353 -0.306064 0.951916
1755058636.903899 125.001097 -88.753824 3.192883 0.015399 -0.006484 -0.306302 0.951788
1755058637.003895 125.092867 -88.819778 3.192220 0.014266 -0.005796 -0.306053 0.951890
1755058637.103882 125.166192 -88.876829 3.191767 0.013100 -0.004992 -0.305452 0.952104
1755058637.203903 125.231127 -88.923926 3.192228 0.014661 -0.004948 -0.305149 0.952179
1755058637.303876 125.292683 -88.970165 3.200870 0.016191 -0.005002 -0.305077 0.952177
1755058637.403916 125.328806 -89.001047 3.205859 0.013924 -0.004613 -0.304399 0.952432
1755058637.503898 125.362488 -89.029546 3.208830 0.012953 -0.004034 -0.303175 0.952838
1755058637.603857 125.392136 -89.049232 3.210613 0.014403 -0.004907 -0.302564 0.953008
1755058637.703840 125.414864 -89.065925 3.206751 0.015096 -0.005168 -0.301784 0.953243
1755058637.803888 125.426517 -89.070939 3.199839 0.016880 -0.005769 -0.300389 0.953650
1755058637.903868 125.427867 -89.074829 3.203896 0.016202 -0.006509 -0.300107 0.953746
1755058638.103813 125.432399 -89.068244 3.202040 0.015735 -0.007435 -0.303971 0.952522
1755058650.703077 125.429960 -89.072980 3.205598 0.013762 -0.007157 -0.304089 0.952517
1755058650.803063 125.429366 -89.074218 3.206628 0.013723 -0.007186 -0.304012 0.952542
1755058650.903079 125.428299 -89.075068 3.207601 0.013673 -0.007214 -0.303886 0.952583
1755058651.003051 125.427237 -89.075846 3.208530 0.013632 -0.007291 -0.303629 0.952665
1755058651.102997 125.423430 -89.071048 3.210490 0.012837 -0.006673 -0.303442 0.952740
1755058651.203041 125.423666 -89.069147 3.208950 0.014219 -0.007347 -0.302697 0.952952
1755058651.302932 125.422139 -89.067233 3.209285 0.015381 -0.007852 -0.302270 0.953066
1755058651.402977 125.420353 -89.066151 3.213091 0.014624 -0.009539 -0.301514 0.953302
1755058651.502993 125.427546 -89.070824 3.215534 0.013762 -0.010504 -0.300973 0.953476
1755058651.603049 125.443745 -89.082156 3.207150 0.013840 -0.010479 -0.299247 0.954018
1755058651.702935 125.465966 -89.096664 3.207461 0.012948 -0.009145 -0.298698 0.954216
1755058651.802980 125.491484 -89.115017 3.207766 0.012630 -0.010010 -0.296503 0.954896
1755058651.902991 125.525549 -89.135964 3.214323 0.012562 -0.011479 -0.295092 0.955317
1755058652.002923 125.563139 -89.164246 3.218235 0.012120 -0.011378 -0.294356 0.955551
1755058652.103042 125.615954 -89.199408 3.220259 0.010969 -0.011354 -0.292898 0.956013
1755058652.202945 125.675935 -89.241315 3.221591 0.012606 -0.012528 -0.291114 0.956523
1755058652.302907 125.742585 -89.286561 3.224012 0.011818 -0.013562 -0.289305 0.957068
1755058652.402903 125.821856 -89.337643 3.220771 0.011081 -0.013357 -0.286422 0.957946
1755058652.502911 125.912676 -89.402116 3.222158 0.010142 -0.013371 -0.284854 0.958424
1755058652.602840 126.013479 -89.469346 3.223353 0.012605 -0.012372 -0.283781 0.958727
1755058652.702876 126.122841 -89.543011 3.225252 0.012552 -0.012397 -0.282735 0.959036
1755058652.802911 126.237663 -89.618639 3.229490 0.011103 -0.009657 -0.282521 0.959148
1755058652.902919 126.358892 -89.700736 3.234061 0.011466 -0.007458 -0.283667 0.958825
1755058653.003056 126.483743 -89.784914 3.233196 0.011229 -0.006673 -0.285112 0.958405
1755058653.102929 126.601366 -89.865594 3.237012 0.009143 -0.004678 -0.285957 0.958187
1755058653.202856 126.717029 -89.941342 3.241935 0.011049 -0.004854 -0.288198 0.957495
1755058653.302896 126.827795 -90.019998 3.242119 0.011430 -0.005276 -0.292421 0.956207
1755058653.402888 126.939941 -90.100815 3.250901 0.010486 -0.005750 -0.299149 0.954132
1755058653.502806 127.051082 -90.188024 3.244582 0.010482 -0.005821 -0.306239 0.951879
1755058653.602818 127.159183 -90.273714 3.249461 0.013061 -0.005835 -0.314494 0.949152
1755058653.702830 127.269791 -90.356980 3.251775 0.013492 -0.006138 -0.322440 0.946474
1755058653.802810 127.378261 -90.446595 3.246469 0.015434 -0.005221 -0.324330 0.945804
1755058653.902963 127.489164 -90.539751 3.251611 0.018210 -0.005159 -0.326197 0.945112
1755058654.004183 127.598594 -90.624394 3.251268 0.018700 -0.004660 -0.327817 0.944545
1755058654.104177 127.699079 -90.699074 3.261583 0.018095 -0.006882 -0.325933 0.945195
1755058654.204174 127.796167 -90.786712 3.274438 0.016792 -0.008427 -0.326080 0.945155
1755058654.302923 127.901409 -90.860291 3.282581 0.014435 -0.012042 -0.323607 0.946005
1755058654.402809 128.014837 -90.943682 3.272393 0.013341 -0.009770 -0.318854 0.947660
1755058654.504126 128.130312 -91.030535 3.267559 0.013984 -0.008015 -0.313740 0.949372
1755058654.604098 128.242585 -91.119434 3.266377 0.016469 -0.006722 -0.308674 0.951001
1755058654.704096 128.351069 -91.206011 3.267067 0.018087 -0.006365 -0.306933 0.951538
1755058654.804082 128.459021 -91.283441 3.281161 0.020025 -0.008781 -0.305029 0.952092
1755058654.904093 128.559744 -91.357443 3.286242 0.018097 -0.008957 -0.303172 0.952722
1755058655.002697 128.660417 -91.432521 3.289074 0.017216 -0.010538 -0.301916 0.953121
1755058655.104058 128.759597 -91.504719 3.282357 0.014840 -0.009566 -0.300870 0.953502
1755058655.204063 128.870467 -91.582312 3.287903 0.015636 -0.009947 -0.298464 0.954241
1755058655.304054 128.978359 -91.659194 3.293765 0.016628 -0.008953 -0.296316 0.954903
1755058655.404091 129.067434 -91.725399 3.297181 0.016939 -0.009884 -0.295105 0.955264
1755058655.504092 129.159276 -91.788981 3.299059 0.017831 -0.010327 -0.293913 0.955610
1755058655.604053 129.266575 -91.862201 3.298532 0.015613 -0.009688 -0.292530 0.956080
1755058655.704086 129.378201 -91.939401 3.299386 0.015184 -0.009017 -0.290757 0.956634
1755058655.804011 129.486178 -92.009273 3.299464 0.014412 -0.008768 -0.289484 0.957034
1755058655.904071 129.596768 -92.085968 3.302377 0.014406 -0.009075 -0.288267 0.957399
1755058656.004050 129.700349 -92.158251 3.304899 0.014040 -0.008360 -0.287122 0.957754
1755058656.104070 129.797678 -92.225324 3.313503 0.014814 -0.009335 -0.286128 0.958031
1755058656.204037 129.894607 -92.291364 3.311799 0.014456 -0.009103 -0.287107 0.957746
1755058656.304040 129.995015 -92.362041 3.320443 0.011208 -0.008849 -0.288819 0.957277
1755058656.404000 130.098209 -92.433504 3.321972 0.010882 -0.008748 -0.290967 0.956631
1755058656.503933 130.206796 -92.505463 3.327320 0.011183 -0.008999 -0.292958 0.956018
1755058656.603969 130.308723 -92.577722 3.333263 0.013597 -0.011762 -0.294432 0.955503
1755058656.703919 130.413814 -92.645300 3.335098 0.011072 -0.012023 -0.294668 0.955460
1755058656.803997 130.515378 -92.714391 3.336253 0.012610 -0.012891 -0.293614 0.955754
1755058656.903916 130.613135 -92.783402 3.340523 0.016777 -0.015225 -0.292815 0.955901
1755058657.003958 130.709298 -92.851476 3.338832 0.015280 -0.015041 -0.292700 0.955964
1755058657.103981 130.802323 -92.919821 3.339855 0.013054 -0.014165 -0.291560 0.956358
1755058657.203987 130.893741 -92.985603 3.342152 0.013888 -0.012479 -0.290436 0.956712
1755058657.303962 130.996681 -93.058186 3.344351 0.014039 -0.011350 -0.290450 0.956720
1755058657.403841 131.095667 -93.125212 3.356719 0.013684 -0.011506 -0.292490 0.956101
1755058657.504001 131.187293 -93.196794 3.354935 0.013439 -0.011547 -0.294765 0.955405
1755058657.603875 131.286696 -93.261603 3.361083 0.012905 -0.010206 -0.298101 0.954392
1755058657.703879 131.381842 -93.327547 3.365382 0.015391 -0.010824 -0.298433 0.954245
1755058657.803919 131.471327 -93.388845 3.367170 0.013519 -0.010283 -0.298959 0.954115
1755058657.903993 131.556559 -93.447354 3.365106 0.015333 -0.009703 -0.298519 0.954231
1755058658.003943 131.646479 -93.509746 3.366425 0.013589 -0.008620 -0.297283 0.954654
1755058658.103943 131.741642 -93.573958 3.367302 0.014506 -0.009211 -0.296813 0.954781
1755058658.203891 131.850150 -93.649707 3.363868 0.012248 -0.006967 -0.296898 0.954805
1755058658.303870 131.952181 -93.718086 3.362097 0.016498 -0.005466 -0.296282 0.954943
1755058658.403874 132.022353 -93.766625 3.370701 0.016894 -0.005569 -0.295866 0.955064
1755058658.503898 132.090599 -93.818114 3.371851 0.015554 -0.005335 -0.295667 0.955149
1755058658.603826 132.154255 -93.865764 3.373530 0.017254 -0.006198 -0.295117 0.955285
1755058658.703816 132.205348 -93.893116 3.360637 0.017482 -0.005852 -0.295488 0.955169
1755058658.803844 132.233344 -93.919203 3.365107 0.018956 -0.005922 -0.295048 0.955276
1755058658.903782 132.248397 -93.929464 3.367860 0.016808 -0.005562 -0.294056 0.955624
1755058659.003781 132.248593 -93.930287 3.371099 0.016681 -0.005449 -0.294598 0.955460
1755058659.203810 132.249809 -93.928154 3.378241 0.015514 -0.007744 -0.295841 0.955080
1755058670.503180 132.251365 -93.930173 3.355776 0.020210 -0.008095 -0.294623 0.955366
1755058670.603158 132.246709 -93.926885 3.360641 0.017732 -0.008612 -0.295158 0.955245
1755058670.703063 132.233986 -93.919135 3.366724 0.019267 -0.009146 -0.294722 0.955345
1755058670.803125 132.226137 -93.921334 3.372703 0.015132 -0.007828 -0.294629 0.955460
1755058670.903110 132.223205 -93.920447 3.377163 0.013491 -0.006983 -0.294335 0.955582
1755058671.003121 132.220561 -93.920275 3.380977 0.013706 -0.007573 -0.294050 0.955662
1755058671.103092 132.223118 -93.923421 3.383894 0.016055 -0.010741 -0.292934 0.955937
1755058671.203088 132.232378 -93.928562 3.386597 0.015118 -0.011513 -0.292335 0.956127
1755058671.303082 132.251871 -93.938800 3.382953 0.012480 -0.010547 -0.290990 0.956586
1755058671.403119 132.268493 -93.950860 3.386039 0.014274 -0.011074 -0.290448 0.956720
1755058671.503032 132.289875 -93.968909 3.386701 0.013282 -0.011198 -0.289032 0.957162
1755058671.603079 132.308775 -93.976305 3.381716 0.009253 -0.009868 -0.287054 0.957819
1755058671.703066 132.343315 -94.002990 3.386328 0.010526 -0.010492 -0.286053 0.958098
1755058671.803013 132.389761 -94.031207 3.386949 0.010771 -0.010016 -0.286389 0.958001
1755058671.903004 132.454623 -94.071642 3.392003 0.011485 -0.011556 -0.286432 0.957962
1755058672.003016 132.514661 -94.108235 3.395170 0.010086 -0.011670 -0.288256 0.957429
1755058672.103012 132.585355 -94.158084 3.390569 0.008408 -0.009425 -0.292387 0.956217
1755058672.202969 132.660419 -94.218526 3.385536 0.007136 -0.007279 -0.295942 0.955151
1755058672.302996 132.749756 -94.287562 3.385149 0.010805 -0.008239 -0.299192 0.954096
1755058672.403020 132.846389 -94.357922 3.391386 0.011475 -0.008220 -0.305126 0.952207
1755058672.503003 132.932979 -94.428808 3.396108 0.007850 -0.006546 -0.311565 0.950170
1755058672.603017 133.005710 -94.503597 3.405128 0.009017 -0.006190 -0.319446 0.947541
1755058672.702986 133.094671 -94.566243 3.413868 0.008708 -0.007350 -0.324625 0.945774
1755058672.802987 133.187781 -94.638361 3.421040 0.007734 -0.007948 -0.326869 0.945005
1755058672.902982 133.286424 -94.711595 3.419926 0.004827 -0.007078 -0.327903 0.944673
1755058673.002989 133.382079 -94.801585 3.422764 0.006347 -0.006788 -0.330184 0.943871
1755058673.104278 133.472785 -94.879468 3.418628 0.004577 -0.005753 -0.331156 0.943547
1755058673.204303 133.572691 -94.956072 3.426791 0.005739 -0.006565 -0.332795 0.942959
1755058673.302958 133.670696 -95.037253 3.431883 0.004263 -0.006237 -0.333849 0.942596
1755058673.402981 133.756050 -95.112781 3.438187 0.006356 -0.008072 -0.336080 0.941777
1755058673.502897 133.865644 -95.196645 3.437012 0.004845 -0.007893 -0.335913 0.941847
1755058673.602961 133.962749 -95.278939 3.430627 0.005458 -0.006282 -0.335644 0.941952
1755058673.702887 134.068631 -95.367511 3.432816 0.006993 -0.007789 -0.334677 0.942275
1755058673.802929 134.182259 -95.445225 3.440121 0.007930 -0.008050 -0.331668 0.943328
1755058673.902925 134.291756 -95.540878 3.440063 0.006020 -0.008267 -0.327117 0.944929
1755058674.002869 134.406568 -95.630085 3.444480 0.006397 -0.008585 -0.322347 0.946561
1755058674.104216 134.520627 -95.719596 3.438854 0.005336 -0.007795 -0.319519 0.947533
1755058674.204124 134.634996 -95.802401 3.441547 0.005427 -0.007148 -0.316493 0.948552
1755058674.302923 134.755940 -95.897334 3.452503 0.009166 -0.007745 -0.312116 0.949968
1755058674.402884 134.870210 -95.985719 3.448562 0.005471 -0.007808 -0.310366 0.950569
1755058674.502890 134.978022 -96.066670 3.457505 0.009528 -0.009174 -0.307933 0.951316
1755058674.602811 135.089663 -96.150359 3.457751 0.006897 -0.007870 -0.306272 0.951887
1755058674.702863 135.190853 -96.224021 3.454219 0.008586 -0.007429 -0.304286 0.952513
1755058674.802812 135.296043 -96.297464 3.462389 0.012197 -0.010617 -0.302833 0.952906
1755058674.902875 135.410376 -96.378961 3.455313 0.010635 -0.010163 -0.301185 0.953452
1755058675.002806 135.516296 -96.460083 3.457989 0.010755 -0.010105 -0.298996 0.954140
1755058675.104190 135.627086 -96.541142 3.457541 0.012094 -0.010418 -0.298617 0.954240
1755058675.204122 135.738296 -96.632301 3.463559 0.010970 -0.008879 -0.303142 0.952841
1755058675.304081 135.863867 -96.726732 3.461621 0.013577 -0.007536 -0.307688 0.951361
1755058675.402805 135.987564 -96.819652 3.463336 0.012260 -0.005670 -0.312511 0.949818
1755058675.502819 136.096123 -96.896167 3.482666 0.009033 -0.006516 -0.317173 0.948302
1755058675.602826 136.217494 -96.988715 3.491305 0.008059 -0.007913 -0.318903 0.947720
1755058675.702695 136.323350 -97.072019 3.505602 0.005573 -0.007691 -0.319242 0.947626
1755058675.804129 136.417454 -97.147627 3.503793 0.008068 -0.010428 -0.319908 0.947357
1755058675.904121 136.538536 -97.240555 3.494976 0.006597 -0.010811 -0.318832 0.947727
1755058676.002783 136.663196 -97.319625 3.496582 0.008382 -0.011378 -0.314349 0.949202
1755058676.104095 136.759466 -97.400925 3.497788 0.007367 -0.010948 -0.311938 0.950011
1755058676.204114 136.877019 -97.484861 3.496414 0.009162 -0.010555 -0.310158 0.950582
1755058676.304063 136.989992 -97.567895 3.495007 0.009703 -0.009721 -0.307961 0.951300
1755058676.404085 137.092028 -97.647169 3.500043 0.012185 -0.010197 -0.306187 0.951839
1755058676.504087 137.188922 -97.718747 3.504679 0.012028 -0.008962 -0.304544 0.952380
1755058676.604093 137.281415 -97.787940 3.514386 0.009883 -0.008047 -0.302889 0.952941
1755058676.704085 137.370556 -97.853672 3.522165 0.010617 -0.007409 -0.300825 0.953592
1755058676.804072 137.455733 -97.914753 3.529427 0.011364 -0.006897 -0.299270 0.954076
1755058676.904015 137.558594 -97.992467 3.538515 0.008693 -0.005878 -0.298879 0.954233
1755058677.004007 137.658115 -98.072740 3.529706 0.009329 -0.002809 -0.298544 0.954346
1755058677.103984 137.752474 -98.142316 3.533375 0.011520 -0.003769 -0.298392 0.954366
1755058677.203998 137.838757 -98.200753 3.537199 0.011062 -0.004086 -0.298259 0.954412
1755058677.304040 137.912290 -98.254932 3.537453 0.010284 -0.004683 -0.298022 0.954492
1755058677.404032 137.974377 -98.298954 3.536355 0.012548 -0.005327 -0.297412 0.954652
1755058677.503946 138.033700 -98.337952 3.526485 0.012051 -0.004090 -0.296912 0.954820
1755058677.604016 138.076353 -98.361414 3.523287 0.013356 -0.004884 -0.296160 0.955032
1755058677.703973 138.103621 -98.380961 3.521403 0.014552 -0.004897 -0.296005 0.955063
1755058677.804007 138.117973 -98.397684 3.530350 0.011395 -0.003126 -0.295531 0.955260
1755058677.903948 138.126743 -98.402154 3.537106 0.012229 -0.005384 -0.297104 0.954752
1755058689.403254 138.134556 -98.408202 3.541415 0.012160 -0.005394 -0.296970 0.954794
1755058689.503260 138.143442 -98.415402 3.546373 0.012097 -0.005409 -0.296910 0.954813
1755058689.603148 138.148618 -98.418153 3.536941 0.011677 -0.006059 -0.296640 0.954899
1755058689.703244 138.152072 -98.416235 3.540872 0.011822 -0.005722 -0.296939 0.954806
1755058689.803208 138.152310 -98.416276 3.540615 0.010913 -0.005610 -0.296233 0.955037
1755058689.903255 138.152050 -98.417359 3.541761 0.011446 -0.005913 -0.295802 0.955162
1755058690.003374 138.155254 -98.420694 3.543142 0.011295 -0.008289 -0.295708 0.955176
1755058690.103226 138.165641 -98.429216 3.544467 0.011012 -0.009330 -0.294507 0.955540
1755058690.203218 138.185773 -98.443747 3.546384 0.010828 -0.009299 -0.293493 0.955855
1755058690.303215 138.215946 -98.465782 3.548442 0.010749 -0.009136 -0.293498 0.955856
1755058690.403205 138.249178 -98.490418 3.546584 0.008254 -0.007428 -0.292845 0.956095
1755058690.503207 138.290095 -98.516137 3.549845 0.007890 -0.007156 -0.291874 0.956398
1755058690.603158 138.337240 -98.543129 3.545042 0.010939 -0.008758 -0.290961 0.956632
1755058690.703186 138.392130 -98.580688 3.544778 0.009365 -0.007643 -0.289564 0.957082
1755058690.803134 138.454382 -98.625921 3.546824 0.009634 -0.007913 -0.288873 0.957286
1755058690.903177 138.520909 -98.670885 3.547869 0.008962 -0.006972 -0.287678 0.957660
1755058691.003166 138.592699 -98.717937 3.547125 0.010318 -0.007733 -0.285742 0.958220
1755058691.103106 138.674890 -98.770483 3.548580 0.011040 -0.007985 -0.284609 0.958547
1755058691.203170 138.764679 -98.832273 3.555635 0.011071 -0.008177 -0.284136 0.958685
1755058691.303103 138.866706 -98.903949 3.551374 0.010148 -0.007583 -0.285252 0.958369
1755058691.403140 138.976254 -98.976097 3.562713 0.011009 -0.006524 -0.286736 0.957924
1755058691.503102 139.084019 -99.049565 3.564967 0.009087 -0.005102 -0.287327 0.957776
1755058691.603145 139.193424 -99.124837 3.572400 0.009832 -0.005351 -0.289518 0.957107
1755058691.703122 139.294460 -99.197609 3.579757 0.008102 -0.004365 -0.291760 0.956447
1755058691.803082 139.396063 -99.266257 3.578960 0.008830 -0.005717 -0.294370 0.955634
1755058691.903120 139.496151 -99.339198 3.586549 0.009826 -0.008068 -0.295820 0.955159
1755058692.003100 139.596809 -99.412231 3.585901 0.008308 -0.007942 -0.297855 0.954542
1755058692.103102 139.720372 -99.498917 3.581616 0.008213 -0.006388 -0.299286 0.954107
1755058692.203046 139.835412 -99.583120 3.579585 0.008324 -0.005958 -0.300357 0.953772
1755058692.303001 139.946166 -99.662317 3.589813 0.012042 -0.008117 -0.302198 0.953135
1755058692.403028 139.996455 -99.715703 3.606497 -0.002709 -0.004166 -0.304936 0.952360
1755058692.503047 140.086374 -99.789250 3.615273 -0.003020 -0.002621 -0.308727 0.951142
1755058692.603074 140.197058 -99.859401 3.608501 0.003985 -0.006105 -0.310573 0.950522
1755058692.703045 140.294492 -99.933718 3.607863 0.006630 -0.006524 -0.314308 0.949275
1755058692.803056 140.390977 -100.011155 3.609294 0.007585 -0.008139 -0.317701 0.948126
1755058692.903040 140.491749 -100.089309 3.609221 0.005616 -0.007229 -0.320340 0.947258
1755058693.002975 140.589148 -100.163504 3.608872 0.007581 -0.007379 -0.321512 0.946847
1755058693.102983 140.687900 -100.237765 3.612143 0.008333 -0.008157 -0.322632 0.946453
1755058693.202996 140.787595 -100.320841 3.609182 0.007184 -0.007668 -0.322968 0.946352
1755058693.303017 140.902429 -100.408298 3.610186 0.006402 -0.004448 -0.323649 0.946145
1755058693.402936 141.014360 -100.505606 3.621921 0.011668 -0.005357 -0.323198 0.946244
1755058693.502958 141.121154 -100.584437 3.627871 0.008909 -0.005944 -0.323167 0.946281
1755058693.602957 141.231313 -100.674356 3.633042 0.005695 -0.004155 -0.323379 0.946243
1755058693.702999 141.351012 -100.767985 3.634836 0.007925 -0.006375 -0.322676 0.946455
1755058693.802995 141.463703 -100.849301 3.639785 0.007817 -0.007589 -0.322622 0.946465
1755058693.902988 141.575912 -100.927989 3.638391 0.005705 -0.007704 -0.320069 0.947346
1755058694.002945 141.689462 -101.009777 3.637826 0.006061 -0.007790 -0.314816 0.949101
1755058694.102938 141.800108 -101.101267 3.632924 0.009392 -0.008437 -0.312689 0.949772
1755058694.202959 141.911422 -101.186877 3.633141 0.008844 -0.008087 -0.311414 0.950199
1755058694.302924 142.024859 -101.272730 3.634363 0.009298 -0.005651 -0.310065 0.950653
1755058694.402945 142.139159 -101.358768 3.640556 0.009805 -0.006937 -0.308310 0.951210
1755058694.502899 142.249951 -101.438244 3.649515 0.007241 -0.007408 -0.306371 0.951856
1755058694.602856 142.359628 -101.522115 3.653797 0.003499 -0.006248 -0.304279 0.952556
1755058694.702881 142.469861 -101.602755 3.658856 0.002868 -0.007007 -0.302705 0.953054
1755058694.804292 142.583024 -101.681390 3.662807 0.004257 -0.008236 -0.302156 0.953214
1755058694.902877 142.692684 -101.759401 3.659281 0.003475 -0.009775 -0.301362 0.953453
1755058695.002909 142.799666 -101.836803 3.663305 0.003234 -0.008284 -0.301209 0.953517
1755058695.102819 142.900595 -101.916707 3.663910 0.003899 -0.008104 -0.304536 0.952458
1755058695.202896 143.005337 -101.996600 3.668931 0.002487 -0.008657 -0.307566 0.951484
1755058695.302840 143.119509 -102.082071 3.669529 0.001147 -0.006472 -0.309571 0.950854
1755058695.402859 143.237927 -102.167680 3.676528 0.003928 -0.006142 -0.309685 0.950811
1755058695.502877 143.347489 -102.246438 3.682609 0.003101 -0.006058 -0.309646 0.950828
1755058695.602851 143.458367 -102.332519 3.680249 0.002514 -0.006760 -0.309443 0.950891
1755058695.704169 143.574398 -102.415253 3.694271 0.003550 -0.005350 -0.309129 0.950999
1755058695.802864 143.682645 -102.495485 3.699581 0.003524 -0.005982 -0.309082 0.951010
1755058695.902852 143.789422 -102.569079 3.693754 0.002635 -0.007151 -0.308454 0.951209
1755058696.002806 143.900627 -102.658619 3.693739 0.002497 -0.005358 -0.307372 0.951571
1755058696.102796 144.006814 -102.738247 3.696066 0.005540 -0.006303 -0.307144 0.951626
1755058696.204137 144.127873 -102.823921 3.697565 0.006836 -0.006936 -0.306979 0.951666
1755058696.304129 144.244430 -102.911235 3.697404 0.004246 -0.006677 -0.306354 0.951885
1755058696.404133 144.355003 -102.992253 3.711022 0.006202 -0.006385 -0.305637 0.952107
1755058696.504107 144.461037 -103.072556 3.719151 0.006781 -0.006948 -0.305603 0.952109
1755058696.602776 144.573026 -103.155145 3.720695 0.004053 -0.007616 -0.304537 0.952461
1755058696.702800 144.681557 -103.225181 3.716407 0.004673 -0.006559 -0.303892 0.952672
1755058696.804127 144.793216 -103.306319 3.713239 0.007455 -0.007490 -0.303372 0.952814
1755058696.902755 144.905335 -103.391539 3.721375 0.008502 -0.008247 -0.302869 0.952959
1755058697.002785 145.001593 -103.466201 3.702009 0.004674 -0.004517 -0.303090 0.952940
1755058697.102706 145.090969 -103.528866 3.706108 0.012493 -0.004496 -0.302649 0.953010
1755058697.202781 145.186981 -103.590951 3.705721 0.016459 -0.006580 -0.303597 0.952636
1755058697.302759 145.263534 -103.655286 3.720572 0.012612 -0.007151 -0.303060 0.952861
1755058697.402675 145.329610 -103.700736 3.718873 0.014902 -0.008561 -0.303427 0.952700
1755058697.504092 145.381436 -103.738512 3.721359 0.014763 -0.007454 -0.303922 0.952553
1755058697.604034 145.424967 -103.774920 3.728646 0.013360 -0.007678 -0.304283 0.952457
1755058697.704010 145.468441 -103.807180 3.732517 0.011424 -0.006819 -0.304542 0.952406
1755058697.804034 145.496156 -103.828203 3.733719 0.010853 -0.006707 -0.305134 0.952224
1755058697.902719 145.509752 -103.838264 3.736349 0.012450 -0.007600 -0.305112 0.952205
1755058713.803012 145.515769 -103.839301 3.729372 0.012337 -0.008617 -0.303892 0.952587
1755058713.903050 145.527838 -103.843364 3.718406 0.014281 -0.008854 -0.303384 0.952720
1755058714.002960 145.529162 -103.845262 3.715151 0.015496 -0.010005 -0.303468 0.952663
1755058714.102998 145.529242 -103.848129 3.719330 0.014083 -0.009657 -0.303120 0.952799
1755058714.203038 145.531065 -103.852349 3.718627 0.014026 -0.009654 -0.302654 0.952948
1755058714.303016 145.526671 -103.841638 3.719109 0.014220 -0.009492 -0.301635 0.953270
1755058714.402940 145.520975 -103.841490 3.724157 0.012470 -0.009116 -0.301319 0.953398
1755058714.502912 145.510462 -103.834794 3.722312 0.013898 -0.010287 -0.301148 0.953421
1755058714.602938 145.506908 -103.842375 3.727737 0.010667 -0.012051 -0.299931 0.953825
1755058714.702944 145.522855 -103.854038 3.732609 0.009066 -0.011172 -0.299801 0.953893
1755058714.802999 145.546305 -103.867586 3.732259 0.007677 -0.009686 -0.298880 0.954211
1755058714.902987 145.577118 -103.889358 3.732537 0.011525 -0.010845 -0.297671 0.954537
1755058715.002972 145.620036 -103.917180 3.735822 0.011587 -0.010569 -0.297121 0.954711
1755058715.102924 145.669587 -103.947305 3.738271 0.011823 -0.011339 -0.296471 0.954901
1755058715.202934 145.729274 -103.992476 3.740034 0.010242 -0.009511 -0.295154 0.955347
1755058715.302954 145.803086 -104.048127 3.738214 0.012286 -0.008667 -0.296745 0.954838
1755058715.402946 145.882550 -104.109365 3.743795 0.014036 -0.009096 -0.300223 0.953722
1755058715.502924 145.970024 -104.175497 3.746871 0.014834 -0.009515 -0.304225 0.952437
1755058715.602931 146.070263 -104.254734 3.757545 0.011988 -0.008443 -0.309528 0.950777
1755058715.702888 146.167441 -104.331217 3.750162 0.011561 -0.008254 -0.315466 0.948831
1755058715.802901 146.267675 -104.406983 3.756719 0.012564 -0.008253 -0.318736 0.947724
1755058715.902907 146.372620 -104.493475 3.758561 0.012058 -0.009061 -0.321590 0.946759
1755058716.002877 146.486604 -104.580918 3.759221 0.012788 -0.008966 -0.323696 0.946032
1755058716.102919 146.599500 -104.674278 3.759692 0.012700 -0.007322 -0.325951 0.945273
1755058716.202864 146.711024 -104.761605 3.761539 0.013023 -0.007757 -0.327563 0.944708
1755058716.302844 146.815872 -104.852328 3.773220 0.014832 -0.009571 -0.329984 0.943821
1755058716.402835 146.922719 -104.940679 3.771768 0.011353 -0.008045 -0.331837 0.943234
1755058716.502866 147.031421 -105.029681 3.770507 0.013375 -0.007643 -0.332964 0.942814
1755058716.602870 147.125528 -105.111312 3.773760 0.015842 -0.007423 -0.334157 0.942355
1755058716.702862 147.223754 -105.193220 3.781333 0.016398 -0.007525 -0.334756 0.942132
1755058716.802821 147.325378 -105.277600 3.780725 0.017349 -0.007450 -0.335361 0.941901
1755058716.902864 147.444749 -105.370136 3.775077 0.018033 -0.007199 -0.333331 0.942610
1755058717.002794 147.552488 -105.452655 3.788173 0.017154 -0.008295 -0.330708 0.943541
1755058717.102839 147.650780 -105.531749 3.789091 0.011343 -0.006863 -0.326961 0.944945
1755058717.204031 147.762005 -105.618473 3.798013 0.010058 -0.007914 -0.320617 0.947122
1755058717.304158 147.868788 -105.708789 3.811257 0.007886 -0.008453 -0.316757 0.948436
1755058717.404166 147.985028 -105.799720 3.807755 0.006611 -0.008443 -0.315268 0.948942
1755058717.504070 148.099376 -105.883043 3.814113 0.008913 -0.008196 -0.313296 0.949578
1755058717.602769 148.208123 -105.965321 3.819614 0.009485 -0.009769 -0.312250 0.949902
1755058717.702757 148.310000 -106.044954 3.821337 0.005248 -0.010575 -0.310751 0.950418
1755058717.802749 148.419929 -106.126025 3.817049 0.003862 -0.008516 -0.309804 0.950754
1755058717.904121 148.532945 -106.207928 3.807997 0.008125 -0.008735 -0.307591 0.951444
1755058718.004079 148.658060 -106.297930 3.809166 0.009935 -0.007837 -0.305948 0.951964
1755058718.104110 148.777482 -106.382274 3.807507 0.011928 -0.007989 -0.304611 0.952369
1755058718.202683 148.889081 -106.456481 3.813622 0.012585 -0.007069 -0.300357 0.953718
1755058718.302760 148.997588 -106.540470 3.826344 0.010581 -0.006897 -0.298288 0.954392
1755058718.404061 149.106955 -106.621552 3.833933 0.010321 -0.008765 -0.297203 0.954718
1755058718.504065 149.224303 -106.702056 3.846447 0.007800 -0.008099 -0.295384 0.955312
1755058718.604027 149.331049 -106.785366 3.847563 0.005266 -0.008099 -0.294593 0.955574
1755058718.704069 149.448937 -106.860972 3.850856 0.006305 -0.008940 -0.293198 0.955989
1755058718.804044 149.571477 -106.947073 3.844198 0.006948 -0.007587 -0.292663 0.956160
1755058718.904056 149.681934 -107.025926 3.841818 0.009720 -0.007993 -0.293798 0.955785
1755058719.004073 149.803459 -107.109832 3.851778 0.013785 -0.008723 -0.295355 0.955248
1755058719.104047 149.916320 -107.191284 3.849647 0.009384 -0.008096 -0.296640 0.954909
1755058719.204008 150.029632 -107.267880 3.848877 0.010063 -0.007804 -0.298945 0.954186
1755058719.304036 150.141284 -107.356755 3.857915 0.011358 -0.008098 -0.303315 0.952788
1755058719.404161 150.249231 -107.436376 3.858797 0.012531 -0.009676 -0.308954 0.950945
1755058719.503978 150.354176 -107.520567 3.865025 0.005167 -0.008815 -0.311993 0.950030
1755058719.604017 150.467422 -107.607696 3.862873 0.006793 -0.009737 -0.313300 0.949580
1755058719.703982 150.582138 -107.686073 3.869553 0.008089 -0.009525 -0.313128 0.949629
1755058719.803996 150.698279 -107.770076 3.869415 0.007361 -0.008920 -0.312535 0.949836
1755058719.904028 150.806695 -107.850673 3.887966 0.006665 -0.008135 -0.312050 0.950007
1755058720.003988 150.911609 -107.936069 3.891749 0.003383 -0.008050 -0.311962 0.950054
1755058720.103995 151.010995 -108.013574 3.891678 0.001657 -0.009529 -0.311740 0.950118
1755058720.203983 151.118477 -108.096898 3.873027 0.002508 -0.007945 -0.311257 0.950289
1755058720.303919 151.239173 -108.178837 3.864469 0.012143 -0.007715 -0.310439 0.950484
1755058720.403961 151.352362 -108.258500 3.881195 0.012665 -0.006312 -0.309431 0.950816
1755058720.503956 151.462324 -108.342707 3.892906 0.008927 -0.005267 -0.309183 0.950946
1755058720.603917 151.569310 -108.419437 3.902411 0.009986 -0.005409 -0.308327 0.951213
1755058720.703942 151.676724 -108.496719 3.899561 0.012242 -0.007635 -0.307698 0.951375
1755058720.803853 151.781164 -108.573905 3.900419 0.007322 -0.007410 -0.307304 0.951554
1755058720.903801 151.887204 -108.654521 3.890544 0.009424 -0.004476 -0.307208 0.951585
1755058721.003865 151.969876 -108.718391 3.891624 0.005748 -0.001833 -0.307749 0.951449
1755058721.103892 152.041580 -108.774876 3.889303 0.005772 -0.000197 -0.307174 0.951636
1755058721.203924 152.104020 -108.824172 3.887549 0.009162 -0.001673 -0.306494 0.951827
1755058721.303879 152.153481 -108.868017 3.888482 0.006221 0.000966 -0.307495 0.951529
1755058721.403862 152.200544 -108.903446 3.892863 0.007848 -0.000190 -0.307107 0.951643
1755058721.503895 152.232252 -108.931024 3.889913 0.008122 -0.000724 -0.307203 0.951609
1755058721.603852 152.264303 -108.952318 3.892745 0.007800 -0.000591 -0.307322 0.951573
1755058721.703829 152.280777 -108.958990 3.894944 0.007004 -0.000136 -0.307250 0.951603
1755058721.803833 152.286317 -108.959786 3.898037 0.009584 -0.002002 -0.307160 0.951607
1755058721.903848 152.280134 -108.955745 3.896443 0.007382 -0.002570 -0.306987 0.951681
1755058733.003170 152.286939 -108.949270 3.862383 0.013189 -0.003895 -0.306518 0.951765
1755058733.103107 152.283993 -108.949257 3.871608 0.007910 -0.003597 -0.307496 0.951510
1755058733.203118 152.277980 -108.941723 3.873734 0.012445 -0.005321 -0.306302 0.951838
1755058733.303165 152.275897 -108.942293 3.878577 0.010066 -0.003820 -0.306480 0.951816
1755058733.403092 152.272727 -108.942684 3.878650 0.010838 -0.003892 -0.306378 0.951840
1755058733.503135 152.270433 -108.943699 3.885362 0.008127 -0.003017 -0.306087 0.951964
1755058733.603129 152.265321 -108.940262 3.896668 0.005631 -0.003804 -0.306364 0.951890
1755058733.703119 152.268279 -108.942422 3.905929 0.006885 -0.006620 -0.305441 0.952163
1755058733.803114 152.282059 -108.960103 3.912596 0.003271 -0.006355 -0.304549 0.952470
1755058733.903105 152.315026 -108.983924 3.911678 0.003703 -0.006267 -0.304098 0.952613
1755058734.003096 152.353443 -109.009192 3.909989 0.004972 -0.006461 -0.303044 0.952942
1755058734.103099 152.397998 -109.033669 3.907957 0.005387 -0.006816 -0.302263 0.953185
1755058734.203090 152.449557 -109.072639 3.908291 0.006764 -0.007903 -0.300222 0.953813
1755058734.303037 152.512933 -109.120984 3.912279 0.004429 -0.007088 -0.298986 0.954221
1755058734.403057 152.580764 -109.162706 3.908905 0.005965 -0.008557 -0.297334 0.954717
1755058734.503026 152.655913 -109.214216 3.909690 0.005121 -0.006709 -0.293935 0.955788
1755058734.603067 152.735404 -109.268697 3.918570 0.003657 -0.005972 -0.288951 0.957318
1755058734.703049 152.823713 -109.323615 3.921552 0.002972 -0.006127 -0.283150 0.959052
1755058734.803043 152.914583 -109.383056 3.933572 0.001351 -0.006483 -0.277091 0.960821
1755058734.903051 153.020964 -109.446643 3.934309 0.001608 -0.004069 -0.270388 0.962742
1755058735.003035 153.111389 -109.499479 3.922543 0.005497 -0.004490 -0.267328 0.963580
1755058735.102925 153.211188 -109.560251 3.919578 0.006236 -0.006711 -0.265974 0.963937
1755058735.203007 153.311202 -109.621750 3.922332 0.004552 -0.006272 -0.263712 0.964570
1755058735.303038 153.421481 -109.686165 3.923293 0.006268 -0.004909 -0.262197 0.964981
1755058735.402937 153.526831 -109.753362 3.916079 0.007540 -0.003678 -0.260939 0.965319
1755058735.503012 153.628057 -109.809604 3.922526 0.007337 -0.004475 -0.259316 0.965754
1755058735.602994 153.735545 -109.871418 3.923378 0.008186 -0.006761 -0.258329 0.965999
1755058735.702965 153.835666 -109.932336 3.934740 0.006262 -0.007260 -0.257565 0.966214
1755058735.802937 153.943294 -109.995505 3.938701 0.004496 -0.007914 -0.255972 0.966641
1755058735.902947 154.040191 -110.052281 3.943103 0.004565 -0.008614 -0.253548 0.967274
1755058736.002982 154.148663 -110.115045 3.940369 0.006426 -0.009825 -0.250910 0.967939
1755058736.102939 154.258417 -110.178848 3.939365 0.006263 -0.008526 -0.249928 0.968207
1755058736.202977 154.360570 -110.243930 3.951201 0.001820 -0.004769 -0.248801 0.968541
1755058736.302965 154.462683 -110.295414 3.965504 0.005199 -0.004822 -0.246918 0.969011
1755058736.402950 154.557194 -110.343841 3.967204 0.004469 -0.004789 -0.245670 0.969331
1755058736.502854 154.658252 -110.393461 3.967476 0.006212 -0.005560 -0.244098 0.969715
1755058736.602936 154.768102 -110.456926 3.976467 0.004098 -0.005377 -0.244233 0.969693
1755058736.702945 154.885311 -110.525254 3.975471 0.006817 -0.005657 -0.241705 0.970309
1755058736.802925 154.987700 -110.578734 3.975900 0.004829 -0.005986 -0.240491 0.970621
1755058736.902912 155.089369 -110.632651 3.980754 0.005323 -0.007235 -0.239538 0.970846
1755058737.002909 155.194357 -110.691677 3.982426 0.003528 -0.006264 -0.238653 0.971078
1755058737.102887 155.306190 -110.749160 3.983021 0.005141 -0.007922 -0.236856 0.971499
1755058737.202888 155.404461 -110.804722 3.995704 0.002198 -0.007356 -0.236245 0.971663
1755058737.302867 155.510614 -110.861281 3.997199 0.004050 -0.008875 -0.234973 0.971953
1755058737.402878 155.611972 -110.915490 3.997504 0.003055 -0.007610 -0.233798 0.972251
1755058737.502872 155.724931 -110.978224 3.997548 0.003713 -0.007692 -0.232654 0.972522
1755058737.602868 155.825832 -111.026891 4.008404 0.003472 -0.007321 -0.231255 0.972860
1755058737.702828 155.937381 -111.078583 4.015262 0.002952 -0.007108 -0.229720 0.973226
1755058737.802819 156.047684 -111.138800 4.022004 0.003648 -0.007208 -0.231164 0.972881
1755058737.902869 156.148959 -111.187200 4.024975 0.004776 -0.007291 -0.233199 0.972390
1755058738.002804 156.258067 -111.246236 4.026777 0.006021 -0.008387 -0.235898 0.971723
1755058738.102983 156.359912 -111.304059 4.020807 0.006402 -0.008251 -0.240869 0.970501
1755058738.202833 156.465558 -111.361724 4.026076 0.004854 -0.008340 -0.248425 0.968603
1755058738.302934 156.568800 -111.420062 4.026984 0.005571 -0.008938 -0.255534 0.966743
1755058738.402831 156.666337 -111.474121 4.032707 0.006784 -0.008500 -0.258503 0.965949
1755058738.502815 156.740937 -111.522261 4.047331 0.006814 -0.007932 -0.261486 0.965151
1755058738.602722 156.808414 -111.561060 4.047859 0.008845 -0.008557 -0.261017 0.965256
1755058738.702753 156.861434 -111.593959 4.045104 0.006870 -0.008840 -0.261135 0.965237
1755058738.802795 156.903166 -111.621493 4.040357 0.006416 -0.008721 -0.261234 0.965215
1755058738.902786 156.939537 -111.642832 4.042091 0.006574 -0.008875 -0.261223 0.965215
1755058739.002779 156.966936 -111.661474 4.035677 0.007564 -0.009251 -0.261014 0.965261
1755058739.102776 156.980441 -111.669816 4.034547 0.007199 -0.009296 -0.260110 0.965507
1755058765.703747 156.981249 -111.678365 4.039433 0.005126 -0.010341 -0.261908 0.965024
1755058765.803699 156.980144 -111.682989 4.036887 0.006199 -0.010477 -0.261525 0.965120
1755058765.903753 156.977026 -111.683491 4.034687 0.005386 -0.010329 -0.261728 0.965071
1755058766.003797 156.975920 -111.681771 4.036708 0.005195 -0.010029 -0.261669 0.965092
1755058766.103722 156.973154 -111.681052 4.037679 0.005113 -0.010176 -0.261272 0.965198
1755058766.203728 156.976362 -111.678020 4.037853 0.005052 -0.010091 -0.260981 0.965278
1755058766.303721 156.971693 -111.675929 4.039239 0.004972 -0.009994 -0.261200 0.965220
1755058766.403646 156.971216 -111.676207 4.041054 0.005007 -0.010606 -0.260994 0.965269
1755058766.503694 156.985320 -111.685858 4.034940 0.004394 -0.011746 -0.259586 0.965638
1755058766.603834 157.013479 -111.701806 4.031869 0.004514 -0.011662 -0.258205 0.966009
1755058766.703657 157.051309 -111.726105 4.028985 0.004136 -0.011605 -0.259663 0.965621
1755058766.803645 157.093506 -111.749959 4.027253 0.004523 -0.012197 -0.258903 0.965816
1755058766.903659 157.140314 -111.770518 4.030857 0.003919 -0.011995 -0.257702 0.966142
1755058767.003663 157.190845 -111.799951 4.031223 0.004971 -0.012028 -0.257472 0.966198
1755058767.103663 157.239802 -111.831532 4.033591 0.003903 -0.011367 -0.256713 0.966413
1755058767.203655 157.289030 -111.862051 4.035638 0.004534 -0.011746 -0.256435 0.966479
1755058767.303644 157.339895 -111.890175 4.036689 0.005009 -0.011936 -0.255575 0.966703
1755058767.403613 157.391417 -111.922229 4.037147 0.004774 -0.011946 -0.255071 0.966837
1755058767.503610 157.444043 -111.955994 4.044086 0.004432 -0.011536 -0.255384 0.966761
1755058767.603638 157.497843 -111.992308 4.051320 0.004894 -0.011401 -0.255753 0.966663
1755058767.703591 157.547080 -112.022331 4.054990 0.005170 -0.011287 -0.256720 0.966406
1755058767.803612 157.597293 -112.052291 4.055835 0.006125 -0.011029 -0.258035 0.966053
1755058767.903768 157.654095 -112.084676 4.059122 0.006386 -0.010633 -0.259133 0.965762
1755058768.003604 157.711588 -112.114605 4.060725 0.006973 -0.010875 -0.260198 0.965469
1755058768.103603 157.762620 -112.145377 4.066360 0.007653 -0.010979 -0.261899 0.965002
1755058768.203585 157.814100 -112.175867 4.067911 0.008456 -0.010812 -0.264546 0.964276
1755058768.303509 157.868372 -112.212501 4.069983 0.008009 -0.011091 -0.267507 0.963459
1755058768.403598 157.925639 -112.252233 4.071549 0.007802 -0.011304 -0.270586 0.962598
1755058768.503575 157.980142 -112.292596 4.078950 0.008749 -0.011111 -0.273897 0.961655
1755058768.603565 158.024157 -112.328136 4.079734 0.009343 -0.011228 -0.279475 0.960042
1755058768.703520 158.069492 -112.366076 4.088841 0.009395 -0.011254 -0.285467 0.958276
1755058768.803477 158.120056 -112.403481 4.089281 0.007976 -0.011187 -0.293198 0.955953
1755058768.903498 158.166894 -112.448498 4.087038 0.010113 -0.011767 -0.301169 0.953444
1755058769.003504 158.213049 -112.490959 4.087948 0.009778 -0.011285 -0.309170 0.950890
1755058769.103498 158.261074 -112.526940 4.082430 0.009650 -0.011428 -0.318244 0.947891
1755058769.203512 158.306934 -112.574556 4.085314 0.009818 -0.011465 -0.329502 0.944034
1755058769.303488 158.354781 -112.618359 4.084537 0.010524 -0.011512 -0.341019 0.939927
1755058769.403477 158.402446 -112.671389 4.083610 0.010126 -0.011130 -0.350510 0.936438
1755058769.503510 158.455318 -112.709331 4.086044 0.010407 -0.011280 -0.355004 0.934739
1755058769.603467 158.505889 -112.735825 4.085333 0.011263 -0.011651 -0.356016 0.934340
1755058769.703532 158.558950 -112.766439 4.093282 0.010986 -0.011827 -0.352548 0.935654
1755058769.803441 158.595907 -112.818976 4.110655 0.009651 -0.012324 -0.352991 0.935496
1755058769.903455 158.642911 -112.834601 4.103084 0.008954 -0.013678 -0.349449 0.936813
1755058770.003477 158.686173 -112.866728 4.103920 0.008267 -0.014888 -0.340948 0.939928
1755058770.103481 158.724937 -112.911467 4.096349 0.007222 -0.014562 -0.335940 0.941743
1755058770.203475 158.765544 -112.967842 4.095439 0.009121 -0.013865 -0.334289 0.942324
1755058770.303471 158.819342 -112.998211 4.093109 0.008916 -0.014148 -0.330658 0.943602
1755058770.403430 158.870445 -113.026525 4.099369 0.009098 -0.014115 -0.323090 0.946219
1755058770.503446 158.908536 -113.079191 4.109806 0.010714 -0.012800 -0.317696 0.948046
1755058770.603426 158.953241 -113.120135 4.119568 0.011264 -0.011496 -0.315661 0.948735
1755058770.703424 159.003583 -113.151120 4.137103 0.011828 -0.010282 -0.314684 0.949067
1755058770.803421 159.061834 -113.195652 4.138111 0.019047 -0.008190 -0.312888 0.949564
1755058770.903419 159.129021 -113.213135 4.107990 0.029164 -0.006365 -0.310507 0.950102
1755058771.003393 159.180719 -113.238933 4.090445 0.032476 -0.006580 -0.308367 0.950690
1755058771.103434 159.225962 -113.271079 4.083405 0.029782 -0.007239 -0.307361 0.951099
1755058771.203324 159.275157 -113.297287 4.087974 0.029210 -0.008149 -0.305315 0.951768
1755058771.303311 159.321285 -113.337617 4.091312 0.028357 -0.009909 -0.304385 0.952075
1755058771.403339 159.361462 -113.381605 4.092483 0.024490 -0.011395 -0.302433 0.952788
1755058771.503337 159.404729 -113.420113 4.115818 0.016722 -0.012104 -0.298787 0.954096
1755058771.603351 159.451899 -113.461205 4.127314 0.017613 -0.011998 -0.296629 0.954755
1755058771.703394 159.495086 -113.496459 4.137170 0.014674 -0.012154 -0.295622 0.955115
1755058771.803457 159.533098 -113.538019 4.138872 0.014274 -0.013079 -0.294626 0.955417
1755058771.903389 159.577082 -113.573986 4.140585 0.011236 -0.013502 -0.293201 0.955889
1755058772.003350 159.629834 -113.602628 4.136351 0.011503 -0.013590 -0.291882 0.956289
1755058772.103344 159.680471 -113.635532 4.132818 0.012445 -0.014309 -0.290046 0.956825
1755058772.203441 159.733454 -113.662695 4.130244 0.011759 -0.014268 -0.288170 0.957401
1755058772.303316 159.793377 -113.696933 4.131908 0.012295 -0.014550 -0.287121 0.957705
1755058772.403466 159.848329 -113.734502 4.137855 0.012693 -0.014325 -0.286344 0.957936
1755058772.503322 159.883651 -113.777939 4.148541 0.012967 -0.014342 -0.287290 0.957649
1755058772.603282 159.939632 -113.807234 4.153427 0.013018 -0.013980 -0.288678 0.957236
1755058772.703324 159.977973 -113.850482 4.156982 0.013510 -0.013895 -0.289646 0.956938
1755058772.803295 160.027575 -113.885370 4.157010 0.013279 -0.014006 -0.290072 0.956810
1755058772.903242 160.079262 -113.915684 4.152782 0.014470 -0.013847 -0.290443 0.956683
1755058773.003368 160.133273 -113.936338 4.152961 0.015601 -0.013899 -0.290396 0.956678
1755058773.103278 160.167382 -113.978169 4.162453 0.014508 -0.013752 -0.290898 0.956545
1755058773.203244 160.224366 -114.007027 4.168306 0.014992 -0.013612 -0.292031 0.956194
1755058773.303264 160.272228 -114.048849 4.169855 0.015235 -0.013392 -0.293404 0.955773
1755058773.403256 160.324349 -114.099243 4.183414 0.015316 -0.011866 -0.295519 0.955140
1755058773.503220 160.382645 -114.140729 4.191079 0.015288 -0.010932 -0.299347 0.953959
1755058773.603224 160.429610 -114.178970 4.193446 0.018669 -0.011266 -0.307580 0.951272
1755058773.703196 160.488329 -114.202065 4.204155 0.016671 -0.010002 -0.314467 0.949069
1755058773.803236 160.545884 -114.231289 4.209716 0.017040 -0.007660 -0.316704 0.948340
1755058773.903232 160.585865 -114.271508 4.213749 0.018253 -0.006530 -0.317015 0.948222
1755058774.003222 160.625982 -114.308188 4.206368 0.019540 -0.006541 -0.316692 0.948305
1755058774.103210 160.670447 -114.344942 4.197627 0.018594 -0.007169 -0.317891 0.947918
1755058774.203217 160.714986 -114.383801 4.187257 0.018547 -0.006911 -0.318506 0.947714
1755058774.303210 160.767064 -114.417741 4.185918 0.020787 -0.007270 -0.318159 0.947781
1755058774.403158 160.801951 -114.457964 4.187053 0.021268 -0.006661 -0.318517 0.947655
1755058774.503198 160.850654 -114.490648 4.188556 0.019103 -0.007143 -0.319350 0.947417
1755058774.603190 160.898460 -114.526379 4.190259 0.018990 -0.007188 -0.320290 0.947102
1755058774.703189 160.944069 -114.557232 4.193063 0.017315 -0.006964 -0.322048 0.946539
1755058774.803151 160.998792 -114.586921 4.195629 0.018653 -0.006907 -0.324550 0.945659
1755058774.903089 161.050254 -114.624531 4.196706 0.017828 -0.006564 -0.327263 0.944742
1755058775.003150 161.099120 -114.663050 4.203657 0.018316 -0.006993 -0.330105 0.943741
1755058775.103159 161.139455 -114.699982 4.197294 0.017652 -0.007732 -0.333289 0.942628
1755058775.203163 161.183266 -114.738154 4.190263 0.017903 -0.008382 -0.334790 0.942085
1755058775.303148 161.212833 -114.784068 4.187190 0.018040 -0.009122 -0.335546 0.941807
1755058775.403074 161.250831 -114.826273 4.180509 0.017945 -0.010827 -0.335755 0.941716
1755058775.503089 161.288750 -114.866487 4.172291 0.016737 -0.011122 -0.336633 0.941421
1755058775.603128 161.338141 -114.902064 4.164222 0.016385 -0.010848 -0.337189 0.941232
1755058775.703070 161.395224 -114.937032 4.160979 0.015096 -0.008122 -0.338040 0.940976
1755058775.803096 161.447396 -114.977030 4.180073 0.014179 -0.004207 -0.338829 0.940732
1755058775.903052 161.491709 -115.015839 4.198680 0.014053 -0.002853 -0.339767 0.940400
1755058776.003099 161.536843 -115.054551 4.206126 0.014246 -0.003216 -0.339335 0.940552
1755058776.103092 161.569322 -115.092537 4.209195 0.014489 -0.003456 -0.339035 0.940656
1755058776.203105 161.608743 -115.125560 4.211758 0.014524 -0.003012 -0.338408 0.940883
1755058776.303034 161.635397 -115.163110 4.209075 0.014435 -0.003275 -0.335659 0.941867
1755058776.403081 161.674154 -115.197454 4.202533 0.013848 -0.003089 -0.332460 0.943011
1755058776.503028 161.718452 -115.230747 4.204993 0.014132 -0.002908 -0.326418 0.945115
1755058776.602956 161.773709 -115.266592 4.198727 0.014026 -0.004293 -0.322487 0.946460
1755058776.703076 161.820197 -115.307097 4.199906 0.014029 -0.004156 -0.321723 0.946721
1755058776.803057 161.866073 -115.340392 4.202366 0.013630 -0.002632 -0.320577 0.947121
1755058776.903022 161.898534 -115.382909 4.212901 0.012507 0.003687 -0.318709 0.947763
1755058777.003039 161.932100 -115.400579 4.211729 0.012575 0.005434 -0.318695 0.947758
1755058777.103033 161.964410 -115.422626 4.210120 0.012328 0.007100 -0.317192 0.948255
1755058777.203015 161.990423 -115.444076 4.209972 0.012435 0.010348 -0.315868 0.948665
1755058777.303019 162.026637 -115.468111 4.211258 0.013775 0.011563 -0.314316 0.949148
1755058777.403013 162.058811 -115.490376 4.214249 0.013669 0.014077 -0.313527 0.949376
1755058777.502995 162.084011 -115.523877 4.204021 0.017435 0.017966 -0.312941 0.949442
1755058777.602957 162.122231 -115.555108 4.209664 0.021377 0.020253 -0.309670 0.950388
1755058777.702941 162.153194 -115.578113 4.201279 0.023823 0.023126 -0.307816 0.950867
1755058777.802936 162.192711 -115.592163 4.203980 0.024270 0.026372 -0.306793 0.951101
1755058777.902972 162.217187 -115.617017 4.198554 0.026820 0.028359 -0.305318 0.951450
1755058778.002965 162.253625 -115.643542 4.194876 0.028263 0.032463 -0.303599 0.951827
1755058778.102970 162.286392 -115.667510 4.182861 0.029942 0.034630 -0.301482 0.952372
1755058778.202957 162.319117 -115.691826 4.173007 0.031681 0.036438 -0.300439 0.952578
1755058778.302963 162.356107 -115.719187 4.161359 0.032095 0.038451 -0.298737 0.953020
1755058778.402899 162.383447 -115.742711 4.155154 0.031456 0.041258 -0.297264 0.953385
1755058778.502948 162.417566 -115.767213 4.152216 0.032325 0.043803 -0.295825 0.953690
1755058778.602934 162.448325 -115.787506 4.157202 0.033657 0.049215 -0.294008 0.953941
1755058778.702921 162.479898 -115.813504 4.150468 0.035282 0.053287 -0.292276 0.954196
1755058778.802884 162.517905 -115.835979 4.145651 0.036813 0.057464 -0.290039 0.954578
1755058778.902880 162.548016 -115.861412 4.138813 0.037513 0.059769 -0.288462 0.954888
1755058779.002914 162.585071 -115.883606 4.132847 0.040705 0.060404 -0.286762 0.955229
1755058779.102853 162.615109 -115.905192 4.124973 0.042489 0.062764 -0.285429 0.955398
1755058779.202880 162.653015 -115.926581 4.123871 0.044645 0.064756 -0.283940 0.955611
1755058779.302886 162.697660 -115.952610 4.114335 0.044992 0.067135 -0.282608 0.955825
1755058779.402844 162.736259 -115.981371 4.102266 0.046770 0.070679 -0.280076 0.956229
1755058779.502845 162.779857 -116.005940 4.097818 0.047097 0.073860 -0.278363 0.956473
1755058779.602836 162.830181 -116.042278 4.090065 0.047971 0.075966 -0.277834 0.956418
1755058779.702871 162.871572 -116.072051 4.079373 0.048816 0.077304 -0.278069 0.956200
1755058779.802812 162.919934 -116.100302 4.072301 0.049431 0.079689 -0.278108 0.955961
1755058779.902857 162.972714 -116.125825 4.065800 0.049205 0.081494 -0.279003 0.955560
1755058780.002848 163.016802 -116.155603 4.058069 0.050712 0.081958 -0.281082 0.954832
1755058780.102806 163.054542 -116.178327 4.046183 0.052158 0.083082 -0.283327 0.953993
1755058780.202817 163.097232 -116.203468 4.039258 0.052975 0.083554 -0.285349 0.953304
1755058780.302768 163.134718 -116.224317 4.030262 0.054447 0.082822 -0.287114 0.952755
1755058780.402817 163.166658 -116.252783 4.020711 0.053637 0.083124 -0.288517 0.952351
1755058780.502744 163.201924 -116.280247 4.008545 0.053913 0.083491 -0.289860 0.951895
1755058780.602740 163.237016 -116.311149 4.001060 0.052953 0.084616 -0.291621 0.951311
1755058780.702759 163.276949 -116.338847 3.997030 0.052732 0.085300 -0.293849 0.950577
1755058780.802782 163.315054 -116.371284 3.986650 0.052531 0.086330 -0.296070 0.949805
1755058780.902752 163.355368 -116.395610 3.977551 0.052877 0.086327 -0.298360 0.949070
1755058781.002798 163.390531 -116.423310 3.969569 0.051805 0.086679 -0.299550 0.948722
1755058781.102775 163.431710 -116.451357 3.961997 0.051324 0.087304 -0.301320 0.948130
1755058781.202771 163.473799 -116.479823 3.952086 0.051793 0.086730 -0.303090 0.947593
1755058781.302701 163.509963 -116.508716 3.942193 0.051790 0.086689 -0.304224 0.947233
1755058781.402712 163.545026 -116.535007 3.936612 0.051895 0.085177 -0.305038 0.947103
1755058781.502647 163.577317 -116.559571 3.929990 0.050661 0.082956 -0.304556 0.947522
1755058781.602700 163.612403 -116.590283 3.922356 0.049744 0.080378 -0.304622 0.947771
1755058781.702745 163.647731 -116.617465 3.916537 0.049051 0.080249 -0.304154 0.947969
1755058781.802723 163.682318 -116.644574 3.908502 0.048327 0.078853 -0.304103 0.948139
1755058781.902713 163.719109 -116.668534 3.899612 0.047313 0.077851 -0.303878 0.948345
1755058782.002705 163.762060 -116.697005 3.892553 0.047366 0.077053 -0.303447 0.948546
1755058782.102629 163.800635 -116.731595 3.885028 0.046899 0.076617 -0.303576 0.948563
1755058782.202689 163.836277 -116.758929 3.874540 0.047503 0.076867 -0.302578 0.948832
1755058782.302677 163.873845 -116.783042 3.865527 0.048122 0.077508 -0.302313 0.948833
1755058782.402669 163.911883 -116.806444 3.855533 0.047413 0.078822 -0.301369 0.949061
1755058782.502626 163.948890 -116.833529 3.850100 0.046708 0.079340 -0.300190 0.949426
1755058782.602645 163.984642 -116.858061 3.845824 0.048185 0.081074 -0.299075 0.949557
1755058782.702666 164.022442 -116.885073 3.843622 0.048774 0.082786 -0.297277 0.949944
1755058782.802640 164.046510 -116.905174 3.838590 0.049336 0.083173 -0.296191 0.950221
1755058782.902809 164.055930 -116.912284 3.834782 0.049019 0.082401 -0.295440 0.950538
1755058783.002549 164.059500 -116.913280 3.832759 0.049249 0.081894 -0.295158 0.950658
1755058783.102599 164.059215 -116.911841 3.833634 0.048811 0.081726 -0.295170 0.950691
1755058783.202554 164.058030 -116.910513 3.832216 0.048965 0.081451 -0.294728 0.950844
1755058783.302645 164.053955 -116.907866 3.834739 0.048915 0.081794 -0.294538 0.950875
1755058783.403930 164.066917 -116.910888 3.838061 0.049497 0.079708 -0.296281 0.950481
1755058783.502578 164.067302 -116.916314 3.830545 0.047843 0.080155 -0.298300 0.949897
1755058811.703421 164.065928 -116.916873 3.829580 0.048960 0.080304 -0.299089 0.949579
1755058811.803478 164.065835 -116.916048 3.832722 0.049219 0.080138 -0.298459 0.949778
1755058811.903445 164.065461 -116.917799 3.833333 0.049101 0.080330 -0.297788 0.949978
1755058812.003469 164.065823 -116.917290 3.832241 0.049050 0.080266 -0.297313 0.950135
1755058812.103477 164.064984 -116.918046 3.833339 0.049108 0.080140 -0.296879 0.950278
1755058812.203461 164.061807 -116.917257 3.833020 0.049207 0.079999 -0.296535 0.950393
1755058812.303421 164.061721 -116.915645 3.833243 0.049176 0.080097 -0.295988 0.950556
1755058812.403432 164.061276 -116.914450 3.833600 0.049247 0.080031 -0.295636 0.950668
1755058812.503412 164.061641 -116.913693 3.832460 0.049194 0.079955 -0.295366 0.950761
1755058812.603459 164.060907 -116.912181 3.833572 0.049319 0.079978 -0.295382 0.950747
1755058812.703395 164.060740 -116.912143 3.833515 0.049434 0.079841 -0.295159 0.950822
1755058812.803406 164.061411 -116.912958 3.834541 0.049361 0.079563 -0.295653 0.950696
1755058812.903398 164.068546 -116.915783 3.833324 0.048769 0.079133 -0.297292 0.950251
1755058813.003411 164.074529 -116.925352 3.831463 0.047640 0.078791 -0.297215 0.950361
1755058813.103367 164.096976 -116.940477 3.826016 0.048221 0.079311 -0.295491 0.950826
1755058813.203350 164.115525 -116.956971 3.817724 0.048527 0.080445 -0.291764 0.951865
1755058813.303387 164.126759 -116.970167 3.814914 0.049569 0.080305 -0.284347 0.954065
1755058813.403363 164.128702 -116.978750 3.815125 0.050964 0.078758 -0.275352 0.956756
1755058813.503381 164.130451 -116.975034 3.818162 0.051118 0.075758 -0.263488 0.960324
1755058813.603378 164.135593 -116.980376 3.811843 0.051627 0.076707 -0.246022 0.964844
1755058813.703366 164.133697 -117.004539 3.814582 0.054061 0.072207 -0.216067 0.972203
1755058813.803420 164.184428 -117.028649 3.797458 0.056468 0.071611 -0.203157 0.974890
1755058813.903353 164.232300 -117.049012 3.793374 0.053766 0.071367 -0.187006 0.978287
1755058814.003305 164.304499 -117.071581 3.785248 0.056073 0.068169 -0.174295 0.980729
1755058814.103332 164.390259 -117.087892 3.769490 0.056003 0.068454 -0.170501 0.981380
1755058814.203327 164.458336 -117.103454 3.763271 0.055331 0.069653 -0.167022 0.981932
1755058814.303328 164.504132 -117.114245 3.763808 0.057422 0.070327 -0.159648 0.982990
1755058814.403467 164.535834 -117.128069 3.758106 0.058933 0.069007 -0.144793 0.985292
1755058814.503316 164.567092 -117.146895 3.748250 0.060650 0.067457 -0.122325 0.988336
1755058814.603286 164.608372 -117.166204 3.730410 0.061531 0.067033 -0.095095 0.991301
1755058814.703261 164.661444 -117.195432 3.720235 0.062867 0.064712 -0.063770 0.993878
1755058814.804587 164.728316 -117.225158 3.705551 0.065700 0.063310 -0.036001 0.995178
1755058814.904503 164.803816 -117.230464 3.696417 0.065782 0.062010 -0.016336 0.995771
1755058815.003256 164.876594 -117.234610 3.695620 0.068246 0.062255 -0.000964 0.995724
1755058815.103177 164.967158 -117.222605 3.687581 0.070327 0.061188 0.006861 0.995622
1755058815.203229 165.038112 -117.205518 3.684019 0.069132 0.060715 0.009341 0.995714
1755058815.303257 165.084738 -117.200438 3.682795 0.068625 0.059086 0.016181 0.995760
1755058815.403261 165.112038 -117.199030 3.685177 0.069550 0.057121 0.032895 0.995398
1755058815.503253 165.160704 -117.199563 3.675226 0.072617 0.054870 0.056343 0.994254
1755058815.603208 165.218656 -117.197934 3.663279 0.073148 0.053946 0.082039 0.992476
1755058815.703236 165.284518 -117.197859 3.654509 0.075032 0.051453 0.109369 0.989829
1755058815.804558 165.366198 -117.187240 3.650955 0.077739 0.050937 0.123770 0.987949
1755058815.904453 165.446746 -117.164789 3.646431 0.076324 0.049907 0.128311 0.987532
1755058816.003222 165.511525 -117.147931 3.644541 0.076019 0.049236 0.131436 0.987179
1755058816.103137 165.560411 -117.128484 3.637015 0.075375 0.049046 0.133047 0.987022
1755058816.203131 165.612405 -117.109207 3.634376 0.074684 0.048980 0.136540 0.986600
1755058816.303183 165.654358 -117.095185 3.634785 0.074731 0.049195 0.144815 0.985405
1755058816.403202 165.690420 -117.088426 3.632451 0.075949 0.046853 0.158906 0.983253
1755058816.503159 165.741951 -117.080950 3.630791 0.076267 0.044572 0.173328 0.980895
1755058816.603189 165.795924 -117.065298 3.633465 0.076218 0.043762 0.189351 0.977968
1755058816.703185 165.847072 -117.056605 3.632340 0.076201 0.042233 0.205666 0.974737
1755058816.803183 165.913693 -117.026994 3.629142 0.076582 0.041495 0.216508 0.972388
1755058816.903156 165.985717 -116.997786 3.621378 0.076738 0.041448 0.223292 0.970842
1755058817.003164 166.046799 -116.969866 3.615694 0.077183 0.041098 0.226589 0.970057
1755058817.103078 166.099371 -116.929268 3.613661 0.074669 0.040437 0.228282 0.969885
1755058817.203144 166.151439 -116.897022 3.621432 0.074945 0.040393 0.229948 0.969472
1755058817.303197 166.209623 -116.861189 3.624886 0.073806 0.040549 0.232127 0.969033
1755058817.403143 166.261502 -116.836715 3.622247 0.073794 0.040190 0.234753 0.968416
1755058817.503044 166.312504 -116.814515 3.619692 0.073344 0.039773 0.236016 0.968161
1755058817.603113 166.360382 -116.793533 3.617308 0.073594 0.039555 0.237629 0.967756
1755058817.703116 166.404908 -116.770341 3.613235 0.073286 0.038928 0.238834 0.967508
1755058817.803109 166.452025 -116.748117 3.609606 0.073505 0.038361 0.240551 0.967089
1755058817.903101 166.496011 -116.725747 3.606411 0.073857 0.038015 0.242203 0.966663
1755058818.003031 166.545421 -116.698865 3.609425 0.073631 0.036249 0.243296 0.966474
1755058818.103085 166.595762 -116.669671 3.610543 0.073962 0.036722 0.245245 0.965938
1755058818.203077 166.638302 -116.649491 3.603979 0.073952 0.036724 0.247145 0.965454
1755058818.303073 166.674082 -116.630689 3.603386 0.073697 0.036555 0.248439 0.965148
1755058818.403019 166.710053 -116.611494 3.604285 0.074194 0.036056 0.249751 0.964790
1755058818.503059 166.734043 -116.595950 3.601112 0.073728 0.036319 0.250119 0.964721
1755058818.603012 166.772006 -116.570216 3.602165 0.073949 0.036209 0.251315 0.964397
1755058818.703022 166.807071 -116.552336 3.600195 0.073399 0.036239 0.253028 0.963990
1755058818.803059 166.851058 -116.525625 3.601938 0.073458 0.035672 0.253492 0.963884
1755058818.902994 166.896228 -116.502862 3.602279 0.073879 0.035294 0.255228 0.963408
1755058819.002989 166.949516 -116.469885 3.602251 0.073720 0.035184 0.256989 0.962956
1755058819.102957 166.989651 -116.449699 3.602302 0.073555 0.035396 0.258000 0.962690
1755058819.203016 167.029419 -116.428294 3.602483 0.073065 0.035496 0.259453 0.962333
1755058819.302991 167.062238 -116.412703 3.601152 0.072581 0.035127 0.258666 0.962595
1755058819.403033 167.086545 -116.398383 3.598631 0.072974 0.035542 0.254395 0.963688
1755058819.502968 167.097610 -116.395615 3.599713 0.072748 0.036045 0.250787 0.964632
1755058819.603003 167.092351 -116.404217 3.600326 0.072860 0.036028 0.244135 0.966329
1755058819.702961 167.103132 -116.409110 3.599280 0.072026 0.034591 0.223759 0.971364
1755058819.802978 167.120056 -116.407659 3.608971 0.073018 0.039553 0.203322 0.975584
1755058819.902984 167.117462 -116.400030 3.617544 0.067895 0.030881 0.190596 0.978831
1755058820.002968 167.105979 -116.437042 3.619129 0.068943 0.033410 0.181095 0.980477
1755058820.102957 167.125101 -116.443931 3.622532 0.067902 0.036767 0.157799 0.984448
1755058820.202954 167.151060 -116.448553 3.604735 0.069154 0.038833 0.140889 0.986844
1755058820.302883 167.186379 -116.444417 3.594727 0.067484 0.038916 0.122112 0.989454
1755058820.402915 167.227346 -116.438626 3.594323 0.067948 0.041227 0.102237 0.991580
1755058820.502949 167.246882 -116.424007 3.590037 0.065989 0.041674 0.082270 0.993549
1755058820.602902 167.273065 -116.433782 3.589276 0.066112 0.043332 0.065611 0.994709
1755058820.702878 167.280804 -116.425024 3.577948 0.065700 0.045350 0.044991 0.995793
1755058820.802941 167.269272 -116.430427 3.584779 0.061542 0.043410 0.025702 0.996829
1755058820.902868 167.269028 -116.443084 3.588000 0.064679 0.046908 0.007789 0.996773
1755058821.002924 167.257871 -116.452573 3.584407 0.061544 0.046495 -0.008224 0.996987
1755058821.102902 167.253354 -116.470588 3.583197 0.061702 0.046589 -0.019478 0.996816
1755058821.202806 167.257785 -116.478457 3.582886 0.061557 0.044509 -0.026193 0.996767
1755058821.302779 167.275517 -116.495291 3.580876 0.061671 0.044004 -0.031600 0.996625
1755058821.402896 167.297386 -116.500514 3.578271 0.062199 0.044737 -0.034967 0.996447
1755058821.502873 167.338643 -116.512385 3.570843 0.062349 0.044034 -0.038480 0.996340
1755058821.602824 167.383356 -116.520486 3.565025 0.060829 0.047652 -0.042901 0.996087
1755058821.702753 167.420527 -116.526764 3.562794 0.059857 0.048825 -0.049860 0.995765
1755058821.802836 167.439634 -116.534293 3.559264 0.059969 0.048050 -0.055003 0.995525
1755058821.902860 167.461500 -116.533612 3.557404 0.059871 0.048362 -0.065234 0.994898
1755058822.002761 167.474470 -116.526919 3.555859 0.059617 0.048202 -0.079720 0.993865
1755058822.102698 167.480214 -116.524429 3.557684 0.057645 0.048726 -0.093358 0.992767
1755058822.202838 167.485904 -116.521708 3.553490 0.057830 0.049360 -0.106552 0.991396
1755058822.302749 167.474845 -116.530435 3.554593 0.057558 0.049856 -0.115528 0.990381
1755058822.402733 167.462306 -116.526296 3.560147 0.058186 0.049962 -0.121907 0.989574
1755058822.502770 167.450819 -116.537621 3.557966 0.057791 0.048703 -0.123500 0.989463
1755058822.602778 167.454230 -116.548452 3.553257 0.058224 0.048419 -0.123539 0.989446
1755058822.702796 167.472025 -116.557694 3.553901 0.057300 0.048994 -0.123679 0.989454
1755058822.802701 167.507418 -116.569700 3.551988 0.057349 0.048023 -0.123624 0.989506
1755058822.902717 167.557583 -116.578789 3.543811 0.057309 0.047220 -0.123942 0.989507
1755058823.002767 167.606738 -116.595203 3.536906 0.057286 0.048580 -0.125449 0.989253
1755058823.102683 167.651995 -116.600208 3.532047 0.057788 0.048515 -0.127230 0.988999
1755058823.202668 167.687210 -116.614856 3.528894 0.057650 0.047688 -0.127095 0.989065
1755058823.302740 167.728566 -116.624166 3.521688 0.058009 0.047501 -0.126464 0.989134
1755058823.402769 167.770974 -116.629350 3.516092 0.057746 0.047998 -0.128644 0.988844
1755058823.502710 167.812166 -116.644518 3.518746 0.056922 0.048606 -0.131213 0.988524
1755058823.602710 167.840763 -116.644695 3.523113 0.056519 0.048170 -0.132476 0.988400
1755058823.702723 167.875113 -116.667443 3.519217 0.057086 0.046549 -0.135137 0.988085
1755058823.802736 167.918620 -116.693629 3.507306 0.056146 0.047763 -0.143965 0.986834
1755058823.902716 167.960596 -116.714774 3.492482 0.055555 0.048465 -0.153672 0.985368
1755058824.002714 168.005384 -116.715815 3.479958 0.054472 0.049360 -0.165459 0.983473
1755058824.102639 168.051786 -116.727208 3.480771 0.054029 0.050329 -0.175924 0.981631
1755058824.202584 168.088421 -116.738664 3.483156 0.054523 0.051073 -0.185310 0.979836
1755058824.302689 168.120376 -116.752401 3.487302 0.054103 0.051741 -0.194761 0.977990
1755058824.402692 168.150062 -116.766770 3.482970 0.053811 0.052261 -0.204992 0.975885
1755058824.502684 168.190488 -116.783719 3.480953 0.053639 0.053356 -0.214155 0.973865
1755058824.602624 168.221207 -116.806708 3.473443 0.052971 0.054030 -0.224365 0.971563
1755058824.702680 168.258166 -116.826707 3.470779 0.052680 0.054354 -0.237735 0.968376
1755058824.802659 168.288325 -116.847110 3.468455 0.051944 0.054598 -0.249634 0.965403
1755058824.902573 168.314186 -116.865867 3.466292 0.052077 0.055720 -0.261549 0.962172
1755058825.002641 168.349738 -116.875408 3.454866 0.050115 0.055340 -0.275503 0.958397
1755058825.102644 168.370860 -116.900966 3.454907 0.049864 0.056474 -0.287528 0.954804
1755058825.202629 168.383259 -116.912896 3.450435 0.048911 0.056593 -0.301031 0.950676
1755058825.302581 168.400670 -116.934955 3.437751 0.047590 0.056723 -0.311878 0.947233
1755058825.402628 168.417303 -116.951616 3.437039 0.047547 0.058361 -0.321000 0.944083
1755058825.502615 168.430852 -116.959344 3.445737 0.047240 0.059461 -0.331007 0.940567
1755058825.602597 168.422199 -116.950397 3.452358 0.047302 0.059682 -0.332451 0.940041
1755058825.702571 168.408438 -116.947614 3.450872 0.046977 0.058394 -0.332363 0.940169
1755058825.802561 168.394442 -116.953597 3.449409 0.046697 0.058707 -0.332249 0.940204
1755058825.903878 168.393993 -116.951502 3.449424 0.046840 0.058740 -0.331862 0.940331
1755058826.002513 168.393945 -116.958492 3.449479 0.047023 0.058633 -0.331201 0.940562
1755058826.102573 168.396581 -116.958732 3.447085 0.046894 0.058436 -0.330812 0.940718
1755058826.202574 168.397365 -116.961023 3.444641 0.047003 0.058393 -0.330584 0.940795
1755058826.302550 168.399845 -116.960902 3.445479 0.046931 0.058484 -0.330495 0.940824
1755058826.402503 168.403871 -116.961187 3.446676 0.046956 0.058328 -0.330278 0.940909
1755058826.502535 168.405240 -116.960626 3.447369 0.047108 0.058390 -0.330411 0.940851
1755058826.602559 168.405906 -116.963672 3.447369 0.046971 0.058458 -0.330186 0.940932
1755058826.702505 168.399843 -116.963518 3.449881 0.046982 0.058165 -0.330110 0.940977
1755058826.802497 168.400160 -116.967707 3.442753 0.046821 0.057198 -0.327765 0.941863
1755058826.902445 168.413018 -116.972008 3.442848 0.046723 0.058552 -0.330038 0.940991
1755058840.602944 168.413868 -116.972038 3.443310 0.046725 0.057832 -0.329425 0.941250
1755058840.703163 168.414951 -116.971125 3.441318 0.046612 0.057739 -0.327531 0.941922
